document_id,text,label,codebook_rule,explanation,_retrieval_error
57,FOR IMMEDIATE RELEASE Washington D C Today Senator Edward M Kennedy introduced legislation to enhance stem cell research and to strengthen anti cloning provisions Kennedy joined by his colleagues and co sponsors of the Human Cloning Ban and Stem Cell Research Protection Act highlighted the key provisions that separate this bill from similar pieces of legislation currently before Congress Senators Hatch Feinstein Specter and Harkin join Kennedy in recognizing the importance and necessity of providing vital research into the use of stem cells The bill makes human cloning of any kind a felony and punishable by immense monetary fines and ten years in prison Currently there are no federal laws banning human cloning The bill also allows for the increased use and creation of unfertilized eggs which is referred to as therapeutic cloning for research that could provide cures for some of today s most debilitating diseases and disabilities More research into the power of stem cells will only unlock unknown treatments for diseases that cause America s families to endure both physical and emotional pain as well as economic hardship It s wrong to deny the great potential of medical research using the remarkable new techniques of stem cell research which can save lives by preventing treating and curing a wide range of severe diseases and disabilities Senator Kennedy said The misguided fears of today can t be allowed to deny the cures of tomorrow This legislation will continue to give biotechnology room to grow by lifting stifling provisions on stem cell research and on access to unfertilized eggs by scientists In Massachusetts alone this legislation will enable some of America s tops universities and research institutions to continue their life altering work that has contributed to cures and treatments for patients around the world Background on Hatch Feinstein Human Cloning Ban and Stem Cell Research Protection Act The Hatch Feinstein bill bans the abuse of stem cell research techniques to produce a baby reproductive cloning but allows the use of SCNT in stem cell research so called therapeutic cloning It establishes strict ethical guidelines for the research and tough penalties for violations Makes it a crime punishable by up to 10 years in prison to clone or attempt to clone a human being without exception Establishes fines of 1 million or three times any profits made whichever is greater on any person who clones or attempts to clone a human being This financial penalty is in addition to the 10 year prison term Allows the most promising form of stem cell research somatic cell nuclear transplantation to be conducted on a human egg for up to 14 days only under strict ethical standards and federal regulation This 14 day requirement is consistent with the standard established in the United Kingdom and recommended by the California Advisory Committee on Human Cloning This stem cell research can take place on unfertilized eggs only Bans profiteering and coercion by requiring that all egg donations for this stem cell research be voluntary and that women who donate eggs can only be compensated minimally large payments to induce donation are prohibited Prohibits the purchase or sale of unfertilized eggs oocytes or blastocysts Requires that nuclear transplantation occurs in labs completely separate from labs that engage in in vitro fertilization to prevent a blurring of the lines and avoid the risk that eggs used in legitimate and important nuclear transplantation research would then be implanted in a woman Prohibits the export of eggs that have undergone nuclear transplantation to any foreign country that does not ban human cloning This prohibition is designed to avoid the risk that valuable research in the United States will result in a human clone anywhere in the world Includes strong ethics requirements that mandate informed consent by egg donors review of any nuclear transplantation research by an ethics board and safety and privacy protections Any researcher who violates the bill s ethics requirements even without attempting to clone a human and becoming subject to the 10 year prison term and 1 million fine will face civil penalties of up to 250 000 per violation STATEMENT BY SENATOR EDWARD M KENNEDY It s a privilege to join Senator Hatch Senator Feinstein Senator Specter and Senator Harkin on this bipartisan proposal to outlaw human cloning and open the way to proper ethical cures for our most feared diseases Using cloning to reproduce a child is improper and immoral and our legislation will make it illegal Medicine must advance hand in hand with ethics and the legislation we introduce today will make certain that American research sets the gold standard for ethical oversight But it s wrong to deny the great potential of medical research using the remarkable new techniques of stem cell research which can save lives by preventing treating and curing a wide range of severe diseases and disabilities We see the benefits of investment in biotechnology all around us 50 years ago last week Jonas Salk announced the first polio vaccine Imagine a world without that extraordinary discovery where peoples everywhere lived in fear of the polio virus and the devastation it brings Thirty years ago Congress was considering whether to ban research on recombinant DNA the very foundation of biotechnology Time after time we heard of the medical advances that this new field of research would bring Then as now some dismissed this promise as a pipe dream and urged Congress to forbid it We chose instead to vote for new hope and new cures Today countless Americans and persons throughout the world are already benefiting from the new treatments that biotechnology has brought Why call a halt In the 1980 s Congress made the right choice again by rejecting attempts to outlaw in vitro fertilization a technique that has fulfilled the hopes and dreams of thousands of parents who would never have been able to have a child Our debate today is no different and Congress should do all it can to support lifesaving research not prohibit it Other nations are more than willing to leave us behind The potential of this research is so immense that some of our best scientists are already leaving America to pursue their dreams in research laboratories in other countries We need to stop that exodus before it becomes a nightmare Do we really want to wake up ten years from now and hear that a former American scientist in another land has won The Nobel Prize in Medicine for a landmark discovery in stem cell research The misguided fears of today can t be allowed to deny the cures of tomorrow I commend my colleagues for their leadership on this important legislation and I hope the Senate will act quickly to approve this urgently needed bill Laura Capps Melissa Wagoner 202 224 2633,0,[],"The release describes Senator Kennedy introducing legislation, explaining its provisions, and urging Senate action. It is legislative advocacy and a policy position statement, not a claim that a law was passed, a provision was included, or a concrete outcome was secured. The senator is not presented as personally responsible for an achieved benefit. Therefore none of the credit-claiming rules apply.",
2318,Durbin State Inaction Puts South Suburban Airport Plans in Jeopardy 10 18 2007 Durbin State Inaction Puts South Suburban Airport Plans in Jeopardy Thursday October 18 2007 WASHINGTON DC U S Senator Dick Durbin sent the following letter to Governor Rod Blagojevich House Speaker Michael Madigan Senate President Emil Jones House Minority Leader Tom Cross and Senate Minority Leader Frank Watson urging the Illinois State Legislature to choose a preferred airport plan and create an airport authority for the proposed South Suburban Airport in Will County Without a preferred plan from the State of Illinois the Federal Aviation Administration FAA can not move forward with the airport project The delay in choosing a preferred airport plan and passing state legislation creating an airport authority now threatens to jeopardize the proposed South Suburban Airport Durbin wrote I fully support the development and construction of this airport I helped secure an expedited environmental review from the federal government and facilitated the return of the project to the national priority list for federal funding I will continue to work to advance development of the South Suburban Airport but to move this project forward we need a strong commitment from the State and consensus from local communities In todays letter Senator Durbin also stressed the importance of creating an airport authority to control and operate the airport Pointing to the vast majority of airports in Illinois that are locally controlled Durbin wrote It is essential that this governing body be composed of a majority of local residents who live in the county in which the airport is located The text of the letter appears below October 18 2007 The Honorable Rod R Blagojevich Governor of Illinois 207 State House Springfield IL 62706 The Honorable Michael J Madigan Speaker of the House 300 State House Springfield IL 62706 The Honorable Tom Cross House Minority Leader 316 Capitol Building Springfield IL 62706 The Honorable Emil Jones President of the Senate 327 State House Springfield IL 62706 The Honorable Frank C Watson Senate Minority Leader 309A State House Springfield IL 62706 Dear Governor Blagojevich Speaker Madigan President Jones and Leaders Cross and Watson The Federal Aviation Administration FAA has informed my office that the viability and future of the proposed South Suburban Airport is in question due to inaction on the state level While the State of Illinois has submitted two different airport layout plans to the FAA it has yet to choose a preferred option Without such a plan the FAA cannot move forward Also our state has not enacted legislation creating a governing body airport authority for the proposed airport The delay in choosing a preferred airport plan and passing state legislation creating an airport authority now threatens to jeopardize the proposed South Suburban Airport I fully support the development and construction of this airport I helped secure an expedited environmental review from the federal government and facilitated the return of the project to the national priority list for federal funding I will continue to work to advance development of the South Suburban Airport but to move this project forward we need a strong commitment from the State and consensus from local communities A key component of this effort is the creation of an airport authority that will ultimately control and operate the airport It is essential that this governing body be composed of a majority of local residents who live in the county in which the airport is located The vast majority of Illinois airports share this local control approach But the creation of such an airport authority requires action in Springfield I will do my best to move the federal process forward as quickly as possible once the State has submitted a preferred airport layout plan and created a locally controlled airport authority As always I stand ready to assist in this effort Sincerely Richard J Durbin,1,"[""1"", ""4""]","The release contains explicit claims that Senator Durbin personally helped produce concrete governmental outcomes for the South Suburban Airport project: he states, 'I helped secure an expedited environmental review from the federal government and facilitated the return of the project to the national priority list for federal funding.' These are concrete outcomes (expedited review, restored priority-list status) attributed to his intervention, even though the release’s main purpose is to urge state action. That satisfies Rule 1 and Rule 4. The rest of the letter describes future intentions and oversight/urging, but the self-attributed secured actions are enough to classify the document as credit-claiming.",
3482,"SENS. MIKULSKI, CARDIN ANNOUNCE FEDERAL FUNDING FOR ALLEGANY COUNTY FIREFIGHTERS Sens. Barbara A. Mikulski and Benjamin L. Cardin (both D-Md.) today announced that the Allegany County Commissioners have been awarded a $294,980 Staffing for Adequate Fire and Emergency Response (SAFER) grant through the U.S. Department of Homeland Security's Assistance to Firefighters Grant Program (AFGP). Sen. Mikulski is on the Homeland Security Appropriations Subcommittee that funds the AFGP and fights each year to increase its federal funding. ""First responders are our true heroes - protecting our homes, our businesses and our communities. I'm grateful for the sacrifices they make every day,"" said Senator Mikulski. ""The federal government has a responsibility to protect our protectors, providing them with the tools they need to do their job safer and smarter. That's why I will continue to fight to provide the federal support they need to get the equipment, training and resources they deserve."" ""Firefighter grants represent a major effort by the Federal government to ensure that our nation's first responders have the equipment and training they need to do the job,"" said Senator Cardin. ""Our firefighters are on the frontlines every day, and it is critical that they have the resources to deal with any emergency or life-threatening situation."" AFGP grants fund firefighting equipment, personal protection equipment, training, firefighting vehicles, firefighter/first responder safety projects, and staffing recruitment and retention. Since 2001, Maryland fire departments and fire service organizations have received more than $44 million through the AFGP. The Allegany County Commissioners will use the $294,980 to help recruit new volunteer fire and emergency response personnel, and for retention activities to help slow the turnover of their volunteer personnel. For more information, call Steven J. Kesner at 301-722-3417. President Bush's proposed fiscal year 2008 budget, released this month, cuts federal support for the AFGP nearly in half - a $245.7 million cut from last year. In addition, the President's budget eliminates funding for firefighter staffing (SAFER) grants for the second year in a row, despite funding them at $105.8 million in fiscal year 2006. ""The President's budget continues to leave our first responders behind. Helping our firefighters is not a political issue, it is a safety issue. If you are willing to put your life on the line every day, you should never feel short-changed by your government,"" said Senator Mikulski. ""I will never give up my fight to give first responders the tools they need."" Contact: Melissa Schwartz, 202/228-1122.",1,"[""1""]","The release announces a specific concrete benefit: a $294,980 SAFER grant awarded to Allegany County Commissioners through a federal program. Senators Mikulski and Cardin announce the award, and Mikulski is described as being on the appropriations subcommittee that funds the program and fighting each year to increase funding. While the release does not use strong language saying she secured this exact grant, the structure is an announcement of federal funding for the state associated with the senators, and it presents them as responsible advocates for the funding stream. Under Rule 1, this strongly implies personal/official responsibility for obtaining a concrete resource outcome. The criticism of the President’s budget does not change the credit-claiming nature of the grant announcement.",
597,"EVANSVILLE SCHOOL COMMUNITY COUNCIL'S TEAM RECEIVES LUGAR HEALTH AND FITNESS AWARD On Saturday, September 16, Sen. Dick Lugar honored the Evansville School Community Council's ""Nutrition and Physical Activities Team"" for its commitment to youth health and fitness. The Dick Lugar Health and Fitness Award was presented as part of the 28th Annual Dick Lugar Community Run, Walk and Corporate Challenge. Lugar's wife, Char, announced the recipients while the Senator handed out the awards. ""We commend and award Evansville's School Community Council Nutrition and Physical Activities Team for its goal to address our children's physical fitness, health and wellness needs,"" Mrs. Lugar said. ""Their work is critical to enhancing the lifestyles and livelihoods of our children for a lifetime."" The Nutrition and Physical Activities Team represents more than 70 community agencies and schools working together in Evansville to create programs at school and community sites that inform children about the positive effects of fitness, nutrition and healthy choices. In 2006, the Team organized a community-wide event called Healthier Evansville that drew more than 2,000 people and resulted in the establishment of Healthier Evansville as a permanent committee. The Dick Lugar Health and Fitness Award, given in memory of Ray Sears, was established in 1984 to honor Hoosiers who have made outstanding contributions in promoting health and fitness. Ray Sears, a friend of Lugar's and a 1985 award winner, died in April 1989. Lugar presents the award each year in honor of Ray's life and commitment to physical fitness and health. Other recipients included: Ralph Reiff of Indianapolis for his work as Director of St. Vincent Sports Medicine and Hand at St. Vincent Orthopedic Center; Paula Ryan of Indianapolis for teaching strategies for safe exercise, stress and nutrition management for people with Multiple Sclerosis; Audrey Satterblom of Indianapolis for her work as Wellness Coordinator of the Indianapolis Public School system; and Ray Tetrault of Kokomo for establishing Coyote Kids, a free summer program aimed towards getting children interested in running. The 28th Annual Dick Lugar Community Run, Walk and Corporate Challenge combined two annual traditions on the campus of Butler University: Lugar's run and walk and Indiana Sports Corporation's Corporate Challenge. In conjunction with the event, Lugar hosted an annual Health Fair in the ArtsGarden at Circle Centre Mall on Friday, September 15. This year's Health Fair was sponsored by Anthem Blue Cross Blue Shield in Indiana and featured more than 50 vendors offering health information and screenings.",0,[],"The release describes Senator Lugar presenting a health and fitness award to community organizations and individuals. It does not present the senator as receiving an award or external recognition, nor does it claim he produced a concrete policy outcome or secured a benefit. It is a commemorative/constituent event announcement. Rule 3 does not apply because the award is given by the senator, not received by him. Other rules do not apply because no legislative or governmental accomplishment is claimed.",
656,Releases 03 09 2006 John Kerry on Demise of Dubai Ports Deal Below is a statement from Senator John Kerry Today the plug was mercifully pulled on the ownership of U S port operations by Dubai Ports World It s been a case study in the Administration s incompetence and inattention to the fundamental issue of port security The question is will anything change now The Bush Administration needs to come to terms with the reality that four and a half years after September 11th the government still can t get past go on port security Dubai deal or no Dubai deal it s clear that this is just the tip of the iceberg of the Administration s failure on port security A new report from the Department of Homeland Security shows that Target does a better job monitoring their stores than our government does monitoring our ports Their failure to put together a basic program after all the warnings must be a wake up call to finally get it right on homeland security 20510 Contact Sitemap,0,[],The statement by Senator Kerry discusses the demise of the Dubai Ports deal and criticizes the Bush Administration’s handling of port security. It does not claim that Kerry personally caused the deal’s demise or secured a concrete outcome. It is a policy/criticism statement. Therefore no credit-claiming rule applies.,
4771,September 20 2007 Senator Clinton Meets with Members of the Schenectady Military Affairs Council in Washington DC Washington DC Senator Hillary Rodham Clinton met with members of the Schenectady Military Affairs Council SMAC earlier this week to discuss current needs and concerns of the Stratton Air National Guard base In 2005 Senator Clinton a member of the Senate Armed Services Committee played a key role along with SMAC in preventing the removal of four C 130 Aircraft as part of the 109th Airlift Wing recommended by the Department of Defense DoD as part of the Base Realignment and Closure BRAC Commission Following the BRAC Commissions decision in 2005 to keep the C 130s at Stratton Air National Guard base I pledged to continue to fight for that installation and to do whatever I can to ensure its long term future said Senator Clinton I was pleased to meet again with members of SMAC to discuss the next steps for Stratton and to once again reaffirm my commitment to the base I look forward to further working with SMAC to help ensure Stratton s success The Schenectady Military Affairs Council composed of local community and government leaders works to ensure the long term viability and success of the Stratton Air National Guard Base home to the 109th Airlift Wing SMAC seeks to enhance the importance of the military presence in the Capital Region and to facilitate cooperation and communication between the 109th Airlift Wing and local communities businesses and governments The 109th Airlift Wing is home to the Department of Defenses only ski equipped C 130 aircraft and is the single point airlift manager for the National Science Foundation scientific research mission in both the Arctic and Antarctic In addition to the Airlift Wing the New York State Military Naval Counterdrug Unit Headquarters and the Weapons of Mass Destruction Civil Support team call the base home,1,"[""1""]","The release states that in 2005 Senator Clinton 'played a key role along with SMAC in preventing the removal of four C-130 Aircraft' from Stratton Air National Guard base as part of BRAC recommendations. This is a claim of blocking/preventing an undesirable outcome and producing a concrete benefit for a state institution, satisfying Rule 1. Although the release also describes a current meeting and future commitment, the explicit past claim of preventing removal is a claimed success and makes the document credit-claiming.",
918,Senator Allard to Hold Greeley Town Meeting on Wednesday January 12 January 5th 2005 WASHINGTON D C U S Senator R Colorado will hold a town meeting in Greeley on Wednesday January 12 2005 from 10 30 a m to 11 30 a m in Room 727 of the Student Center at the Greeley Campus of AIMS Community College I want to extend an invitation to everyone in Greeley and the surrounding area to attend a very informal community meeting Senator Allard said This is a chance for citizens to visit one on one with me about the issues that are important to them Senator Allard is a member of the Senate Appropriations Committee the Senate Banking Housing and Urban Affairs Committee where he is Chairman of the Housing and Transportation Subcommittee and the Senate Budget Committee Anyone with questions about Wednesday s town meeting can contact Senator Allard s Loveland office at 970 461 3530 January 2005 Press Releases,0,[],"The release announces a town meeting and lists Senator Allard’s committee assignments. It describes constituent outreach and future meeting availability, not a concrete outcome, legislative accomplishment, award received, or intervention producing a benefit. No credit-claiming rule applies.",
3577,"SEN. SARBANES ISSUES STATEMENT ON 'FUTURE OF NATIONAL FLOOD INSURANCE PROGRAM' STATEMENT OF SENATOR PAUL SARBANES (D-MD) ""THE FUTURE OF THE NATIONAL FLOOD INSURANCE PROGRAM"" Senate Banking, Housing, and Urban Affairs Committee I want to thank Chairman Shelby for holding this important hearing on the National Flood Insurance Program, which currently insures over 4.7 million properties in the United States. Regrettably, I have had experience dealing with FEMA and the National Flood Insurance Program over the past two years, and given these interactions, I am very deeply concerned about FEMA's ability to handle not only flood insurance claims, but the other needs of the people affected by Hurricanes Katrina and Rita. Over two years ago, Hurricane Isabel struck the East Coast, wreaking havoc in the lives of thousands. FEMA was clearly overwhelmed then, let alone now. Many of my constituents reported having problems settling their flood insurance claims, and in fact some are now suing FEMA over their flood insurance settlements. In addition, almost 50 Maryland families remain in FEMA trailers. These are not the conditions people should have to suffer through after losing their homes and possessions. These were problems experienced after Hurricane Isabel, a much smaller event than the ones FEMA is currently dealing with, where the estimates are that a million people have been displaced. FEMA estimates that over 200,000 flood claims will be filed. I called on the President to provide housing assistance to families through HUD and this nation's housing delivery system. I don't think FEMA can deliver 18 months of housing assistance for hundreds and thousands of people. Putting this responsibility on FEMA, an agency already under strain, is a recipe for disaster, as we can see from the news reports every day. I am also concerned about the handling of flood claims, especially since FEMA has not implemented many of the critical reforms Congress passed in response to the problems after Hurricane Isabel. We held hearings, Senator Bunning crafted legislation and FEMA has not put the provisions of that legislation into place. Almost a year since the statutory deadline FEMA has not adopted minimum education and training requirements for insurance agencies, something Congress found was specifically necessary to ensure consumers receive accurate information about flood insurance and their policies. In addition, while FEMA has finally published the required claims handbook, a critical element of this handbook and the claims process is missing. The Committee found after Hurricane Isabel struck over two years ago, that flood victims had no adequate means to make complaints or appeal decisions. I am dismayed to learn that there is still no formal appeals process for holders of flood insurance policies. It has not been formalized within the statutory time frame and while FEMA has now issued the handbook it does not contain any appeals process. Hurricanes Rita and Katrina, and the recent floods in the Northeast, will place even greater strains on the flood insurance program than we have seen in the past. I gather the current estimates are that we will have over $20 billion in flood insurance payouts, more than has been paid out in flood insurance claims since the program began in 1968. So I think this review of the flood insurance program is obviously timely. There are many issues that need to be looked at: * We must look at why many property owners do not have flood insurance. Rates of coverage are quite low; * Although mortgage lenders must ensure that homeowners have flood insurance in flood zones, there is no system in place to ensure the homeowners keep the coverage in force; * And many properties that lie outside of the ""special flood hazard areas"" are flooded. We need to look at how we define mandatory purchase zones and assess whether requiring coverage only for those properties within the 100 year flood zone makes sense; * The state of our flood maps is apparently woefully inadequate. FEMA is in the midst of map modernization, but the state people tell us that these maps really do not reflect the true risk to life and property; * And there is some concern about FEMA's staffing and resources and whether placing it within the Department of Homeland Security means that it is being neglected in that regard. I think that is an important issue to look at as well. Mr. Chairman, obviously a number of issues have arisen. Again, I want to emphasize my concerns that the reforms that I worked with Senator Bunning and others on the Committee to formulate and move through have not be fully implemented by FEMA. And some of those were quite important indeed and I want to know why that is the case and what can be done about it. It should not take another catastrophe to put some of these things into effect.",0,[],"The text is a statement for a hearing about the National Flood Insurance Program and FEMA performance. It is primarily oversight, concern, and criticism of implementation failures. Although Senator Sarbanes says he 'worked with Senator Bunning and others on the Committee to formulate and move' reforms through, the passage is used to highlight that FEMA has not implemented those reforms; it does not present a concrete benefit, successful policy outcome, or secured result attributable to the senator. It does not meet Rules 1, 2, 4, or 5 because there is no completed accomplishment or claimed direct benefit. It also does not meet Rule 3 because no award or honor is involved.",
4585,Latest News TOPICS Latest News FOR IMMEDIATE RELEASE October 4 2006 Schumer Announces Two Westchester County Fire Departments Will Receive Over 134 000 In Federal Fire Grants Schumer Thirty Three Emergency Response Programs Across New York State will Receive Nearly 3 Million as Part of U S Department of Homeland Security s Fire Grant Program Schumer says Federal Grant will Help Fire Departments and Organizations pay for Improvements During Difficult Fiscal Times Schumer has Pushed for Additional Funding for Assistance to Fire Departments and Fi U S Senator Charles E Schumer today announced that Westchester County has received two federal grants totaling 134 004 from the 2006 Assistance to Firefighters Grant AFG Program administered by the U S Department of Homeland Security DHS The Hastings on Hudson Fire Department will receive a 40 755 grant and the Town of Mamaroneck Fire Department will receive a 93 249 grant both of which will be used to improve operations and safety The grants are part of the first round of DHS FY06 supplemental AFG program awards to several fire departments throughout the country This funding will go a long way in supporting the first responders in Westchester County said Schumer We can never truly repay our firefighters and first responders for their heroic efforts and dedication to duty However we can ensure that they have the training equipment and resources they need to do their job well This is even more necessary when local budget cuts are leaving them without enough funding This federal money will help make sure that firefighters in Westchester County get the resources they need to keep us safe Schumer was among the first senators who recognized the need for the federal government to establish a funding program for local governments and fire departments to help defray the rising costs of equipment and fire prevention Since its inception in 2001 the Assistance to Firefighters Grant Program has delivered over 122 million to New York s fire departments For Fiscal Year 2007 Congress has authorized 1 billion for the program 707 million more than the 293 million included in the Administration s budget proposal The FY07 DHS Appropriations bill passed by the House and Senate late last week appropriated 662 million for firefighter assistance grants of which 115 million will go toward SAFER Act grants The Operations and Firefighter Safety Program funds will go towards training equipment personal protective equipment wellness and fitness and modifications to fire stations and facilities The Assistance to Firefighters Grant Program AFGP assists local fire departments in programs and activities to improve the effectiveness of firefighting operations through specialized emergency training for response to situations like terrorist attacks enhancement of emergency medical services programs development of health and safety initiatives establishment of fire education and prevention programs creation of wellness and fitness programs and equipment and facility upgrades This grant ensures that the firefighters in Westchester County continue to have the basic resources they require to do their jobs improve safety and save lives said Schumer Local fire departments have been strained from budget cuts rising costs of equipment and stress from being on heightened alert because of the war on terrorism These funds are truly a life saving investment will that provide local fire departments with essential resources and support so they can be better prepared for emergencies The Assistance to Firefighters Grant Program is administered by the Department of Homeland Security in cooperation with the Department s United States Fire Administration The grants are awarded on a competitive basis to the applicants that most closely address the program s priorities and demonstrate financial need For more information on the Assistance to Firefighters Grant Program please visit the website at http www firegrantsupport com,1,"[""1""]","Senator Schumer announces that two Westchester County fire departments will receive specific federal grants ($40,755 and $93,249) under the Assistance to Firefighters Grant program. The release presents the grants as a concrete benefit to local first responders and associates Schumer with pushing for additional funding for the program. The announcement of funds for the state and the framing that he has pushed for the program satisfy Rule 1 as credit-claiming. The release also describes the program and funding levels but does not need Rule 2 because the key claim is a concrete funding outcome for constituents.",
89,"SEN. DORGAN ANNOUNCES BISMARCK STATE COLLEGE DESIGNATION AS NATIONAL POWER PLANT OPERATIONS TECHNOLOGY AND EDUCATIONAL CENTER Sen. Byron Dorgan (D-ND) announced Friday that U.S. Energy Secretary Samuel Bodman has officially designated Bismarck State College (BSC) as the National Power Plant Operations Technology and Educational Center. Dorgan said the designation is a recognition of the school's cutting-edge education and training program. This designation will help attract students, industry, and federal funding to help carry out BSC's mission. Dorgan authored legislation, which was signed into law, that created the National Center designation. He said he will present the designation formally to BSC officials at the Renewable Fuels Action Summit he is co-hosting Sunday and Monday at the school. ""Bismarck State College has created a focus of power plant training that is unique in our country and it has given them a national reputation in an area of training and education that has a very bright future,"" Dorgan said. ""This designation is a mark of excellence from the federal government, and I am very proud of this program at BSC. It is strategically located in a state that is producing a lot of energy, and this program fits the future needs of our state and, more importantly, further solidifies Bismarck State College's position as a premier national center for power plant education and training."" Dorgan is also working to establish an office at Bismarck State College to coordinate the Energy Corridor he has created. The office would serve as a hub for the players in North Dakota's diverse energy industry to share information and research and help spur development of the state's energy resources. ""Bismarck State College is poised to play a very significant role in North Dakota's energy future,"" Dorgan said. ""It is strategically located and has been focused on developing an agenda that fits the needs of our energy future in North Dakota."" Contact: Barry E. Piatt and Brenden Timpe, 202/224-2551.",1,"[""2"", ""5""]","The release announces that Bismarck State College was designated as a national center and explicitly says 'Dorgan authored legislation, which was signed into law, that created the National Center designation.' This directly connects a named designation/law to the senator as author and presents it as an accomplishment. Rule 5 applies because the law/designation is explicitly connected to the senator as author. Rule 2 applies because it describes a legislative accomplishment achieved and secured by the senator.",
240,Washington D C Senator John Ensign made the following statement after the confirmation by the United States Senate of Michael Chertoff as Secretary of Homeland Security Judge Chertoff comes to this position with a great deal of experience in law enforcement counterterrorism and management He has dedicated his life to public service and understands the challenges we face in keeping our nation safe I look forward to working with Judge Chertoff to ensure the security of Nevadans and all Americans,0,[],"The text is a statement after the Senate confirmation of Michael Chertoff. The senator comments on the nominee's qualifications and expresses support, but does not claim personal responsibility for a concrete outcome or present himself as securing a benefit. Therefore, no credit-claiming rule applies.",
453,PRESS RELEASE NELSON SUPPORTS SETTING MEASURABLE GOALS IN IRAQ NOT ARBITRARY DATES Press Release June 22 2006 NELSON SUPPORTS SETTING MEASURABLE GOALS IN IRAQ NOT ARBITRARY DATES The U S Senate today considered two resolutions calling for a calendar timeframe and setting arbitrary dates for withdrawing American forces from Iraq Nebraska s Senator Ben Nelson voted against both resolutions because he supports setting measurable goals for progress in Iraq and not arbitrary timetables and dates Nelson released the following statement after the votes The American people want to see a plan for Iraq Nebraskans tell me they want to succeed in Iraq and bring the troops home We need to stand up the Iraqi military force the security force and a functioning government How many troops do they need in their army How many do they have now How soon can we get to the target number If we can set measurable goals in those areas and work toward them then the American people will better understand what it is we are trying to achieve and how close we are to achieving them Setting measurable goals not arbitrary dates for withdrawal will help the American people realize that our troops won t be there forever and objectives are within reach Both amendments considered today were defeated,0,[],"The release describes Sen. Nelson voting against two Iraq withdrawal resolutions and explains his support for measurable goals rather than arbitrary dates. It is a policy position and vote explanation, not a claim of producing, securing, or receiving recognition for a concrete benefit or achievement. Therefore, no credit-claiming rule applies.",
4208,"SENS. DORGAN, LOTT ANNOUNCE BI-PARTISAN BILL TO HALT FCC RUSH TOWARD EASING MEDIA OWNERSHIP RULES U.S. Senators Byron Dorgan (D-ND) and Trent Lott (R-MS) will introduce legislation later today to halt the Federal Communications Commission's (FCC) ""fast march"" toward easing media ownership rules. ""We believe localism and diversity of media ownership is vital in a democracy,"" Senator Dorgan said. ""Our bill recognizes the importance of a wide range of media owners and local content, and requires a process that does not rush past those concerns to open the gates for even more consolidation of media ownership. We believe there is value to local ownership in the media."" ""Communities count on getting their local news from their locally-owned television stations and weekly and daily newspapers,"" Senator Lott said. ""They know 'locally-owned' means they're invested in their communities and care about their well-being. If the FCC won't do their job to keep East and West coast media conglomerates from pushing out these local voices, then there is a role for the Congress to play."" FCC Chairman Kevin Martin will announce proposed new rules for media ownership perhaps as early as next week, and have the FCC vote on them by December 18. ""The Media Ownership Act of 2007"" would require 90 days for the public to comment on any proposed media ownership rules put forward by the FCC. It would also require the FCC to complete a separate proceeding to evaluate how localism is affected by media consolidation. The bill would require that the public have an opportunity to comment on that proceeding during a 90 day public comment period. The bill states that the localism proceeding must be done separately and be completed prior to a vote on proposed media ownership rules. Finally, the bill requires establishment of an independent panel on female and minority ownership and for the FCC to provide the panel with accurate data on female and minority ownership. This panel must issue recommendations and the FCC must act on them prior to voting on any proposed ownership rules. The bipartisan bill is co-sponsored by Senators Barack Obama (D-IL), Olympia Snowe (R-ME), John Kerry (D-MA), Bill Nelson (D-FL), Maria Cantwell (D-WA) and Dianne Feinstein (D-CA). Contact: Barry E. Piatt and Brenden Timpe, 202/224-2551.",0,[],"The release announces that Sens. Dorgan and Lott will introduce legislation to halt FCC action on media ownership rules. It describes future legislative activity and policy concerns, but does not claim a completed legislative accomplishment, secured funding, or other concrete outcome. Therefore, no credit-claiming rule applies.",
1957,"BRADLEY INTERNATIONAL AIRPORT TO RECEIVE $2,250,000 IN FEDERAL GRANTS Sens. Chris Dodd and Joe Lieberman today announced Bradley International Airport will receive a federal grant totaling $2,250,000 from the U.S. Department of Transportation for improvement of airplane traffic flow on the runways. ""Improvements to our state's busiest airport are essential to keeping travelers safe as well as keeping up to speed with air transportation demands,"" Dodd said. ""This funding will provide new jobs in Connecticut and a valuable boost to the state's transportation infrastructure benefiting our state's commuters and travelers."" ""This funding will not only help ensure efficient airplane traffic, but also improve service and safety at Bradley,"" Lieberman said. ""As air traffic picks up across our state, it's important that we keep our airports in top shape. These transportation grants will allow airport officials to make essential improvements."" In 2001, Bradley International Airport received $11.2 million in federal grants for improvements in conjunction with the expansion of the terminal building. The funding allowed the airport to construct a terminal apron for air carrier parking and an underground drainage facility to transport deicing material during inclement weather. The new grant funding will allow the airport to reconstruct three taxiways that serve the airport's principal runways.",1,"[""1""]","The release announces that Bradley International Airport will receive $2,250,000 in federal grants and frames Sens. Dodd and Lieberman as announcing/securing the funding. This presents the senators as responsible for obtaining a concrete benefit for Connecticut, satisfying Rule 1.",
2807,Lincoln Applauds Arkansas Women in Agriculture Proclamation Both Lincoln Applauds Arkansas Women in Agriculture Proclamation FOR IMMEDIATE RELEASE March 09 2007Contact Katie Laning 202 224 4843 Washington U S Senator Blanche Lincoln D Ark today helped recognize March as Arkansas Women in Agriculture month The Arkansas Women in Agriculture proclamation honors the critical role Arkansas women play in the state s agricultural economy I deeply appreciate the women of Arkansas who work each day to ensure our state and our nation have a strong agricultural economy said Lincoln Arkansas women operate many of the farms and ranches that are the backbone of communities across our state Their efforts are critical in providing us with a safe and reliable food source in developing alternative energy and in preserving the environment for future generations to enjoy I applaud the Arkansas Women in Agriculture s effort and I am proud to recognize them today Representatives Lindsley Smith and Sandra Prater lead efforts in the Arkansas General Assembly to honor women in agriculture The proclamation was signed by Governor Mike Beebe Lincoln is the youngest woman ever elected to the United States Senate and is the fifth highest ranking Democrat on the Senate Agriculture Committee which has responsibility over the country s farm policy Lincoln has served on the Agriculture Committee since entering the Senate in 1999 and played a key role in the 2002 farm bill debate Lincoln s seat on the Agriculture Committee will ensure that Arkansas agricultural producers will be heard during the farm bill reauthorization process this year,0,[],"The release describes Sen. Lincoln helping recognize March as Arkansas Women in Agriculture month and praising women in agriculture. It is commemorative and descriptive of her committee role, and does not claim a concrete outcome, funding, legislative success, award, or intervention-produced benefit. Therefore, no credit-claiming rule applies.",
3659,October 20 2005 Senator Clinton Welcomes Niosh Advisory Board Recommendation to Compensate Former Linde Ceramics Nuclear Workers Clinton Reiterates That Bethlehem Steel Nuclear Workers Deserve Compensation Washington DC Senator Hillary Rodham Clinton welcomed a decision yesterday by the Advisory Board on Radiation and Worker Health of the National Institute for Occupational Safety and Health to recommend approval of a Special Exposure Cohort for workers at the Linde Ceramics Plant who worked there between October 1942 and October 1947 If the recommendation is adopted by Secretary of Health and Human Services Michael Leavitt workers with eligible cancers who worked at least 250 days during this time period will be compensated through the Energy Employees Occupational Illness Compensation Program EEOICP The decision by the Advisory Board is good news for Linde Ceramic s former nuclear workers and I urge Secretary Leavitt to act on the recommendation as soon as he receives it said Senator Clinton This decision also underscores the fact that Bethlehem Steel s nuclear workers are still waiting for compensation and I will continue to press to see that they get what they deserve Congress passed the Energy Employees Occupational Illness Compensation Program Act EEOICPA in 2000 to compensate workers who contracted radioactive cancer beryllium disease or chronic silicosis after working at sites that performed nuclear weapons work during World War II and the Cold War Under EEOICPA former nuclear workers or their survivors were eligible to file claims with the US Department of Labor DOL for individual payments of 150 000 as well as medical benefits To file a claim patients or their surviving families needed to provide proper documentation of their illness and employment history Claims are decided by the DOL and the National Institute for Occupational Safety and Health NIOSH by using available records about work conditions and employment history Using these records NIOSH estimates the radiation doses received by each worker and then determines whether that radiation exposure was likely to have caused the worker s illness Alternatively workers may submit a special cohort petition for a class of workers if they believe that the available information does not allow dose reconstruction work to be done accurately The special cohort process was initiated in this case after NIOSH determined that it was unable to do dose reconstruction for a former Linde employee who had applied for compensation If approved by Secretary Leavitt the Linde special exposure cohort would result in compensation of approximately 80 former Linde workers,1,"[""4""]","The release welcomes the NIOSH Advisory Board recommendation to approve a Special Exposure Cohort for Linde Ceramics nuclear workers and states that Sen. Clinton 'will continue to press' for compensation. The text presents her advocacy as connected to the favorable board recommendation and the prospect of compensation for workers, which satisfies Rule 4 as claiming intervention/advocacy produced or secured a concrete benefit or remedy. The outcome is not final because the HHS Secretary must still adopt the recommendation, which creates some ambiguity, but the release still credits the senator with advancing a concrete benefit for constituents.",
967,United States Senator Richard Shelby Press Room Press Room News Releases SHELBY ANNOUNCES OVER 3 MILLION FOR TALLADEGA January 27 2006 Washington D C U S Senator Richard Shelby R AL a member of the Senate Appropriations Committee announced today that the U S Department of Health and Human Services will release 3 305 732 to the Talladega Clay Randolph and Coosa Childcare Programs The funding will go towards the Head Start program Senator Shelby said I am pleased these funds are being made available for Head Start projects in Talladega Clay Randolph and Coosa Head Start is an important program that prepares students for their formal education and ensures strong overall development in these young children Head Start is a school readiness program for preschool aged children of low income families The funding was awarded by the Region IV Office for Children and Families January 2006 News Releases Year County Current record Washington Email Email Email Email Email Email,1,"[""1""]","The release announces that HHS will release $3,305,732 for Head Start programs in Talladega, Clay, Randolph, and Coosa, and presents Sen. Shelby as announcing the funds. This presents the senator as responsible for or associated with securing a concrete funding benefit for the state, satisfying Rule 1.",
3687,"SEN. BINGAMAN: NEW MEXICO STATE UNIVERSITY AWARDED FUNDS TO STUDY FOOD SAFETY U.S. Senator Jeff Bingaman today announced that New Mexico State University has been awarded $599,691 to help improve food safety. Funding was awarded through the U.S. Department of Agriculture and will help NMSU make advancements in the study of ways to reduce incidents of food borne illness among children and adults. ""Americans should be able to have confidence that their food is free from contaminants and safe to eat. This funding will help NMSU continue to study this important heath issue,"" Bingaman said. Contact: Jude McCartin and Maria Najera, 202/224-5521.",1,"[""1""]","The release announces that New Mexico State University has been awarded $599,691 through USDA and quotes Sen. Bingaman describing the funding. It presents the senator as announcing/securing a concrete funding benefit for a state institution, satisfying Rule 1.",
50,"SEN. REID: ADMINISTRATION MUST SHOW LEADERSHIP ON GLOBAL WARMING Senate Majority Leader Sen. Harry Reid released the following statement today in response to President Bush's call for a global greenhouse-gases emissions goal: ""The Bush Administration's 'head in the sand' position on global warming has defied reason and common sense. For six long years, it has suppressed scientists and scientific evidence, undermined international efforts to find solutions and delayed implementation of a strategy to protect the long-term interests of the nation. It has failed spectacularly to show constructive American leadership at home or abroad in keeping with our moral responsibility to reduce the nation's massive greenhouse-gas emissions. We hope today's announcement is the beginning of a reversal of the Administration's untenable and unwise position on global warming and not a public-relations stunt to defuse criticism going into the G-8 discussions in Germany.""",0,[],"The text is a statement by Sen. Reid criticizing the Bush Administration on global warming. It expresses policy criticism and hope for future action, but does not claim a concrete outcome, legislative success, funding, award, or intervention-produced benefit. Therefore, no credit-claiming rule applies.",
1021,"SENS. WYDEN, SMITH GAIN FUNDING APPROVAL FOR SALMON RECOVERY, OCEAN RESEARCH Sens. Ron Wyden (D-Ore.) and Gordon Smith (R-Ore.) today announced that the Senate Appropriations Committee has approved funding for the Pacific Coast Salmon Recovery Fund and for Oregon State University (OSU) for oceanic observation research. The funding approved this week was included in the Senate's FY 2006 Commerce/Justice/Science (CJS) funding bill; the legislation will next be considered by the full Senate and then a House-Senate conference committee, which will direct additional funds to specific programs across the nation. ""The Federal dollars in this bill will support important programs that benefit the environment, the economy and our communities alike,"" said Wyden. ""The funding approved for oceanic research is particularly important and timely in light of the recent tsunami warnings along the West Coast."" ""Our fisheries are facing the difficult dilemma of how to conserve our natural resources while protecting working families,"" Smith said. ""It's going to take years of work, but I'm hopeful that we'll be able to strike the right balance."" The Senate FY 2006 CJS Appropriations bill includes funding for the following programs: * The Pacific Coast Salmon Recovery Fund will receive $13 million for Oregon to fund habitat restoration, data collection, as well as evaluation and monitoring of local watersheds; * OSU will receive $2 million for the development of the Oregon Coastal Ocean Observing System. The system will consist of instrumentation deployed in the ocean to return real-time data to help improve the safety and efficiency of U.S. marine operations and to mitigate the effects of natural disasters including tsunami. The Appropriations Committee also recommended funding for the Columbia River Hatcheries operations reform program and the Oregon Department of Consumer and Business Services for the development of a one-stop permitting portal. The new internet portal would allow consumers to more easily apply for and purchase building permits, request building inspections, submit plans and access building department information through a single website. Funding was also approved for a number of other regional initiatives that will benefit Oregon, including: * The National Marine Fisheries Service would receive $51,192,000 for ESA Recovery and research, $15.1 million for Columbia River Biological Opinion Implementation work, and $300,000 for endangered species studies; * $17,022,000 for the Columbia River Hatcheries salmon management activities; * $8 million for the Pacific Salmon Treaty; * The National Weather service would receive $5,680,000 to strengthen the U.S. Tsunami Warning Network and $2,291,000 for a Tsunami Hazard and Mitigation Program; * $5.2 million for West Coast Groundfish survey and monitoring projects; * $5 million for the West Coast Observers program; * $3,455,000 for the Recreational Fishery Information Network; * $3 million for Pacific Coastal Fisheries Information Network; * $1.7 million for the Northwest Fisheries Science Center Groundfish team; and * $1 million for the West Coast Groundfish Cooperative Research program.",1,"[""1"", ""2""]","The release announces that the Senate Appropriations Committee approved funding for Pacific Coast Salmon Recovery Fund and OSU oceanic observation research, and presents Sens. Wyden and Smith as gaining that funding approval. This attributes a concrete legislative/appropriations outcome to the senators, satisfying Rule 1 and Rule 2.",
1827,"SEN. LUGAR FOOD BANKS PROVISION TO BE INCLUDED IN KATRINA TAX RELIEF PACKAGE Provisions of Sen. Dick Lugar's Good Samaritan Hunger Relief Act will be included in the Grassley-Baucus tax relief package for individuals affected by Hurricane Katrina. ""I deeply appreciate Chairman Grassley and Ranking Member Baucus including this important provision in the tax relief package for the victims of Hurricane Katrina. Given the disaster on our Gulf Coast, demand on food banks has been rising. These tax deductions would be an important step in increasing private donations to the non-profit hunger relief charities playing a critical role in meeting the nutritional needs of all those displaced by Katrina,"" Lugar said. The Good Samaritan Act provisions would make it easier for farmers and small business owners to contribute products to food banks, pantries and homeless shelters by allowing the deduction of the full market value of food donated. Currently this reduction is available to large corporations, but not small businesses. The provision would last only for this tax year, to increase assistance for Hurricane Katrina victims. ""I believe the enactment of this legislation would be a great incentive to redirect food from being discarded to being distributed to hungry families,"" added Lugar. ""Over the years, I have had the opportunity to visit numerous Hoosier food banks, and have been especially impressed by the remarkable work of these organizations. In many cases, they are partnered with churches and faith-based organizations and are making a tremendous difference in our communities. We should support this private sector activity, which not only feeds people, but also strengthens community bonds and demonstrates the power of faith, charity, and civic involvement. ""In addition to donations by small businesses, each citizen can make an important contribution to the fight against hunger at a local level. I encourage individuals to continue donating as much as possible to their local food banks to ensure that victims of Katrina and local residents have sufficient supplies,"" Lugar said. The Good Samaritan Hunger Relief Act was incorporated into the Charity, Aid, Recovery, and Empowerment Act of 2003 (CARE Act) and passed the Senate by a vote of 95-5 on April 9, 2003. The House passed similar legislation, but the bill did not make it out of the conference committee. Lugar is also an inaugural member of the Senate Hunger Caucus, which has more than 30 members. The Senate Hunger Caucus provides a forum for Senators and staff to discuss and debate important hunger issues facing the United States and the rest of our world. Lugar joined the Hunger Caucus to further promote issues that he has long supported, such as incentives to promote charitable food donation, elimination of childhood hunger, foreign food aid, and health promotion. To locate your local food bank, visit Second Harvest's website: http://www.secondharvest.org/",1,"[""1"", ""2"", ""5""]","The release says provisions of Senator Lugar’s Good Samaritan Hunger Relief Act “will be included” in the Grassley-Baucus tax relief package. This connects a named provision to Lugar as its author and announces its inclusion in a tax package, satisfying rules 2 and 5. It also presents Lugar as responsible for securing a concrete policy provision in a broader legislative package, so rule 1 applies. The inclusion is not yet enactment, but the codebook includes provisions included in bills or packages as legislative accomplishments.",
1155,Statement Of Senator Patrick Leahy Hearing On The Fairness In Absestos Injury Resolution Act U S SENATOR PATRICK LEAHY VERMONT Statement Of Senator Patrick Leahy Ranking Member Senate Judiciary Committee Hearing On The Fairness In Asbestos Injury Resolution Act January 11 2005 I commend Chairman Specter for holding this hearing on asbestos legislation My message today is a simple one We must see our efforts through until we have a balanced and effective national trust fund that fairly compensates victims of asbestos related disease In order to reach that goal we must continue to work with the various stakeholders and Senators on both sides of the aisle until we settle the outstanding details on a fair resolution for all concerned Back in September 2002 I chaired the first Senate Judiciary Committee hearing on asbestos litigation Since that time I am pleased that we have made real progress in finding common ground around a national trust fund despite some fits and starts along the way In the last Congress we painstakingly built two of the four pillars of a successful trust fund appropriate medical standards to determine who should receive quick compensation and an efficient expedited system for processing claims With the unanimous adoption of the Leahy Hatch medical criteria amendment this committee reached consensus on the proper standards for determining legitimate victims Meanwhile Senator Specter and Judge Becker working hand in hand with the stakeholders achieved consensus on the framework for a no fault administrative system to be housed at the Department of Labor We have yet to reach consensus on the other two pillars of a successful trust fund fair award values for asbestos victims and adequate funding to pay for the victims claims If the award values are too low or subject to liens that reduce or exhaust any recovery for victims the bill will be inherently unfair and unworthy of our support There are about 600 000 legal cases currently pending in the system making it critical to have adequate funding at the inception of a national trust fund Direct contributions from defendants and insurers and borrowing authority will be necessary to accommodate the inevitable which is thousands of these pending claims coming in on the very first day of the trust fund The negotiations between Senator Frist and Senator Daschle in the waning days of the last Congress narrowed the differences on many compensation and funding provisions Now we need to build on that progress with all the stakeholders to resolve these remaining critical and connected issues Our undertaking is challenging and unprecedented It will not be easy to hammer out the details necessary for enacting a bipartisan bill into law But the stakes are too high and too much progress has already been accomplished for us to leave the field before trying our utmost to complete this difficult task Creating a fair national trust fund to compensate asbestos victims is one of the most complex legislative undertakings I have been involved with in my 30 years in the Senate The interrelated aspects necessary for a fair national trust fund are like a Rubik s Cube and that is all the more reason why we need a consensus solution translated into legislation For Congress to enact reforms this year all the stakeholders will have to be willing to work with open minds toward a realistic and reasonable national trust fund It cannot be a stacked trust fund approach that attempts to shoot the moon for one side or the other To succeed it must be a balanced piece of legislation My two grandfathers worked as stonecutters in the granite quarries of Vermont They both suffered from silicosis because of their workplace exposures to stone dust One of my grandfathers died at the age of 35 because of the disease Thinking of them and of the hundreds of thousands of present and future asbestos victims I want to make every effort to enact a fair and balanced national trust fund and I commend and encourage all who are working in good faith to help do that Acting together is the best way to move a bipartisan bill through the legislative process and into law There remain a number of important issues on which we need to find common ground and by working together we stand the best chance of success I thank Chairman Specter Judge Becker and the representatives from organized labor the trial bar and industry who have worked so hard to try to reach consensus on a national trust fund Now is the time to renew and redouble our efforts and to seize this opportunity to enact a fair and balanced bill I look forward to continuing to work with Chairman Specter Judge Becker the stakeholders and Senators on both sides of the aisle to do the hard work necessary for us to craft the bipartisan solutions necessary to enact an effective trust fund to fairly compensate asbestos victims,1,"[""1"", ""2"", ""5""]","The text discusses progress on asbestos trust fund legislation and specifically says that “With the unanimous adoption of the Leahy Hatch medical criteria amendment this committee reached consensus...” This links a named amendment adopted by the committee to Senator Leahy, satisfying rules 2 and 5. More broadly, the text presents Leahy as having chaired the first hearing and helped build consensus around parts of the legislation, which implies personal responsibility for a concrete committee-level outcome, so rule 1 also applies. The overall purpose is partly forward-looking, but the adopted amendment is a completed legislative step attributed to him.",
1086,"SEN. DAYTON, COLLEAGUES PASS MODEST LIHEAP FUNDING PACKAGE; NOT ENOUGH TO MEET MINNESOTA'S NEED, SEN. DAYTON FEARS Sen. Mark Dayton today applauded the Senate's passage of an additional $1 billion for the Low Income Home Energy Assistance Program (LIHEAP), but expressed disappointment that it will not be enough to cover every eligible Minnesotan. The bill (S.2320), which passed last night, allocates an additional $1 billion for the program, in FY2006. ""Though it falls far short of Minnesota's needs, I am pleased that the Senate today approved $1 billion in additional LIHEAP funding,"" said Dayton. ""I hope that the House will quickly follow suit, to help ease the pain of soaring energy costs for our nation's neediest citizens."" So far, in FY2006, only 145,859 of Minnesota's 450,000 eligible households have received heating assistance from LIHEAP - less than 1/3. Minnesota has received $81.6 million LIHEAP funding in FY2006. The additional $1 billion approved today by the Senate would bring total LIHEAP funding to $3.16 for FY2006 - nearly $2 billion below the federally authorized level. Dayton has cosponsored four amendments to fully fund LIHEAP at the authorized level of $5.1 billion, but all were defeated by the Republican-controlled Congress. In his FY2007 budget proposal, President Bush allocates only $1.78 billion for LIHEAP.",1,"[""1"", ""2"", ""4"", ""5""]","The headline and text state that “SEN. DAYTON, COLLEAGUES PASS MODEST LIHEAP FUNDING PACKAGE” and that Dayton “applauded the Senate's passage of an additional $1 billion” for LIHEAP. The release presents the senator as involved in passing a concrete funding outcome. Although the codebook’s negative example for rule 1 uses similar language and emphasizes disappointment and unmet need, the supplied document goes further by explicitly crediting Dayton and colleagues with passage of the funding package in its headline, which strongly implies personal responsibility for the legislative result. Because of the ambiguity between announcing a Senate passage and claiming personal responsibility, I treated the headline attribution to Dayton as sufficient for credit-claiming under rules 1, 2, 4, and 5.",
3950,Diabetes is a deadly disease which now affects more than 18 million Americans We must do everything we can to both prevent this disease and help those who have it live longer and healthier lives Harkin said I hope that this new regional diabetes facility will provide Iowans with the support and resources they need to successfully manage their diabetes Established in 1996 the Finley Diabetes Center offers a fully integrated program of diabetes care including inpatient and outpatient education assessment intervention and treatment and long term follow up care Dubuque County currently has higher diabetes hospitalization and diabetes mortality rates than the state average Harkin is the Senate leader in federal efforts to promote health and wellness among adults and children He recently authored the HeLP America Act comprehensive legislation to provide all sectors child care centers schools workplaces and communities with the tools they need to reach the goal of making America a healthier place Originating Site Number Site Filter Search,0,[],"The text discusses diabetes and a diabetes facility and describes Harkin as “the Senate leader in federal efforts” and as having recently authored comprehensive legislation. However, it does not identify a concrete outcome secured by Harkin, nor does it present the facility as resulting from his action. The codebook’s negative example for rule 4 closely matches this text, treating such reputational or aspirational statements as not credit-claiming. Therefore, no rule applies.",
721,"SEN. REID: THERE IS MORE WORK TO BE DONE IN IRAQ Today, Senate Democratic Leader Harry Reid released the following statement on the challenges ahead in Iraq: ""The parliamentary elections in Iraq this week are an important step forward and I salute the bravery of the Iraqi people and our troops who are working to make these elections possible. However, a significant amount of work lies ahead after the elections if we are to make the crucial transition to place the future of Iraq squarely in the hands of the Iraqi people and allow our troops to come home. ""The window of opportunity for the Iraqi people and this Administration to get things right will not stay open for ever. While the president gave his third major address on his Iraq policy in the past two weeks, I regret that the American people have still not received a plan that identifies the remaining political, military and economic objectives that must be met in order to succeed. Until the president achieves that goal, Democrats will continue to ask the hard questions and demand a strategy for success that will successfully complete the mission and bring our troops home.""",0,[],"Senator Reid discusses Iraq elections and says more work remains, while criticizing the Administration and calling for a strategy. This is a policy statement and does not claim that Reid authored or secured a law, obtained a benefit, received an award, or produced a concrete outcome. No codebook rule applies.",
3914,"SEN. FRIST COMMENTS ON JOB GROWTH U.S. Senate Majority Leader Sen. Bill Frist, M.D., (R-Tenn.) made the following statement after the U.S. Department of Labor announced the latest job numbers: ""The United States is currently experiencing one of the longest periods of sustained economic expansion and job creation in our nation's history. While Democrats will work to roll back the Bush tax cuts causing a 58% tax increase for the average American family, Republican economic policies are encouraging investment and new employment by putting valuable dollars back into the hands of hardworking Americans.""",0,[],"Senator Frist comments on job growth and defends Republican economic policies, criticizing Democrats. The text is a policy and partisan statement, not a claim that Frist personally produced or secured a concrete benefit, legislative outcome, or recognition. No codebook rule applies.",
4124,FOR IMMEDIATE RELEASE Washington DC Today in Mexico President Bush said he would work as hard as he possibly can to pass comprehensive immigration reform Senator Kennedy chair of the Judiciary Subcommittee on Immigration Refugees and Border Security issued the following statement I commend the President for his call for comprehensive immigration reform today in Mexico Now it is time to turn talk into action by working with Republican leaders to push forward our efforts in Congress The recent federal raids in New Bedford where hundreds of immigrants were recklessly detained while the company owner was let off the hook only underscore how urgent it is that he work with Congress to fix our broken system There is no excuse for inaction we must get comprehensive immigration reform done this year and done right Last year millions of people came together in support of immigration reform to fix our broken borders strengthen our security and deal with the 12 million undocumented immigrants already living in the US and contributing to our economy Labor business and religious leaders Democrats and Republicans and tens of thousands of average Americans came forward in support of comprehensive reform because it was the right thing to do Laura Capps Melissa Wagoner 202 224 2633,0,[],"Senator Kennedy commends the President for calling for comprehensive immigration reform and urges Congress to act. The statement expresses a policy position, criticizes recent raids, and calls for future action. It does not claim that Kennedy secured a concrete outcome, passed legislation, obtained funds, or received recognition. Thus it is not credit-claiming.",
3201,"SEN. TALENT ANNOUNCES FEDERAL APPROVAL OF MISSOURI DISASTER DESIGNATION Sen. Jim Talent (R-Mo.), a member of the Senate Agriculture Committee, today announced that the U.S. Department of Agriculture (USDA) has declared most of Missouri a disaster area due to the severe drought. Sen. Talent and USDA Undersecretary Bill Hawks will make a formal announcement tomorrow morning following a roundtable discussion with producer leaders in St. Louis. The disaster designation, requested by Missouri Gov. Matt Blunt, will make all qualified farm operators eligible for low-interest emergency (EM) loans from USDA's Farm Service Agency (FSA). ""We are doing everything we can to help Missouri farmers and ranchers cope with one of the driest growing seasons in recent memory,"" said Sen. Talent, who worked with USDA officials to expedite the approval of the Governor's request. ""With this declaration, Missouri producers who need help will become eligible for assistance."" The disaster declaration request covers 112 of Missouri's 114 counties. All Missouri counties were designated as primary disaster areas, except Atchison and Holt Counties and the city of St. Louis. Also eligible because they are contiguous are Atchison County, Holt County and the city of St. Louis. Despite recent rainfall, the drought threatens to do considerable damage to our state's economy. A significant percentage of the corn and soybeans in Missouri are rated as poor to very poor and farmers will see lower yields which will hurt their bottom line. Additionally, 75 percent of the pastures in the state are in poor or very poor condition. Livestock producers have been devastated, and some are being forced to sell their animals. On August 10, Sen. Talent announced that USDA is sending $1,078,500 in Emergency Conservation Program (ECP) funds to Missouri to help farmers and ranchers cope with the drought. This federal assistance will help farmers by providing financial assistance that can be used for things like water for livestock. The disaster declaration will make agricultural producers eligible for significant assistance including low-interest loans, federal grants, tax relief and other programs to help farmers. Interested farmers may contact their local USDA Service Centers for further information on eligibility requirements and application procedures for these and other programs. Additional information is also available online at: http://disaster.fsa.usda.gov.",1,"[""1"", ""4""]","Senator Talent announces USDA disaster designation for Missouri and explicitly states that he “worked with USDA officials to expedite the approval of the Governor's request.” This directly claims that his intervention helped secure a concrete benefit and decision for Missouri farmers and ranchers, satisfying rules 1 and 4. The release also notes prior federal funds sent to Missouri, but the main credit-claim is the expedited disaster designation.",
2003,March 17 2005 Senator Clinton Announces New Predator Squadron for New York Washington DC Senator Hillary Rodham Clinton today announced that the Air Force will place a new Predator squadron in New York Clinton hailed this additional mission for New York as a testament to New York s Air National Guard capability and the importance of New York s men and women in uniform to our nation s military New York has the largest number of Air National Guard bases of any state Our bases have demonstrated their capability in our nation s defense and I am pleased that the Air Force recognizes that New York can support this additional mission Predator squadrons operate unmanned aerial vehicles remotely to gather real time intelligence critical to the success of troops on the ground in combat zones New York will join an elite group of bases deploying this technology Unmanned aerial vehicles are the future added Senator Clinton This is good news for New York because it s likely that this new capability will grow significantly the number of service members needed to support this technology and attract highly skilled private sector workers This has the potential to be a new source of high tech economic growth for New York,1,"[""1"", ""4""]","Senator Clinton announces that the Air Force will place a new Predator squadron in New York and frames it as good news for New York. The release does not explicitly say she secured the squadron, but it presents her as announcing a concrete benefit for the state and implies her involvement in obtaining that mission. This satisfies rules 1 and 4 as a claimed concrete benefit or decision for constituents. There is some ambiguity because the text does not directly state that Clinton caused the Air Force decision, but the announcement of a specific military/economic benefit for New York is credit-claiming.",
1313,December 6 2006 Contact Leslie Phillips 202 224 0384 Lieberman Frustrated By House Refusal to Take Up D C Voting Rights Bill Bill Has Bipartisan Support in House and Senate Utah Worked Quickly to Accommodate Congress WASHINGTON Homeland Security and Governmental Affairs Committee Ranking Member Joe Lieberman D Conn said Wednesday the decision by House leaders not to call up a bipartisan District of Columbia voting rights bill during the lame duck session was extremely frustrating The measure authored by House Government Reform Chairman Tom Davis R Va and D C Delegate Eleanor Holmes Norton adds a fourth congressional seat for the state of Utah based on 2000 census figures and gives the D C delegate voting rights on the floor of the House The bill not only has bipartisan support in the House It is supported by the two Republican Senators representing Utah Furthermore the state of Utah moved quickly this week to redraw its congressional lines so the bill could be moved through the lame duck session We should not be allowing another month to pass before we provide all the citizens of this country their Constitutional right to be represented in Congress Lieberman said I am very hopeful that the House under the leadership of Speaker elect Pelosi will consider this legislation during the 110th Congress and that the Senate will follow suit But as we fight for democracy abroad we should promptly insure the right to voting representation to all our citizens at home Chairman Davis and Congresswoman Norton have taken great pains to develop a bipartisan bill that sought to remedy unresolved problems for both Utah and the District of Columbia Lieberman continued An unprecedented effort by Utah Governor Jon Huntsman and the Utah state legislature demonstrated the seriousness of this effort and I commend their hard work I also appreciate the bipartisan efforts of Utah Senators Orrin Hatch and Robert Bennett in working with me to encourage the Senate leadership to join the fight and recognizing that Utah and District citizens have the right to be represented in our national legislature Please see letters to Senate Majority Leader Frist and Minority Leader Reid signed by Senators Hatch and Bennett 30,0,[],"Senator Lieberman expresses frustration that the House did not take up a D.C. voting rights bill and urges future action. He praises other actors and describes support for the bill, but the text does not state that he secured passage, obtained a concrete benefit, received an award, or caused a completed outcome. It describes legislative activity and disappointment without a claimed success, so it is not credit-claiming.",
133,Releases 02 28 2006 Kerry Israel Boycott Calls Dubai Ports Deal Further Into Question According to a story in today s Jerusalem Post The Ports Customs and Free Zone Corporation an entity wholly owned by the Government of Dubai and the parent company of Dubai Ports World participates in the Arab League boycott of Israel Below is a statement from Senator John Kerry The Administration s mismanaged and misguided debacle of a ports deal has just gotten even worse Not only did they skip the required national security investigation now we learn that the parent company of Dubai Ports World actively participates in the Arab boycott of Israel This boycott not only violates at least the spirit of U S law it is inconsistent with everything we believe in as Americans We should not be rewarding companies that support discrimination against our key strategic ally and the Middle East s only democracy It would be absolutely outrageous if the Administration allows this deal to close before Congress has a chance to closely review all of these issues 20510 Contact Sitemap,0,[],"This is a statement criticizing the Dubai Ports deal. The senator expresses opposition and concerns about policy, but does not claim to have produced, secured, or been responsible for any concrete outcome, benefit, legislation, or recognition.",
2143,U S Senator Patty Murray Murray Statement on the Passing of Karen Marchioro Murray Murray Statement on the Passing of Karen Marchioro 08 30 2007 News Release Murray Statement on the Passing of Karen Marchioro For Immediate Release Thursday August 30 2007 Washington D C Today U S Senator Patty Murray D WA released the following statement on the passing of Karen Marchioro the former Washington state Democratic Party chairwoman and longtime state Democratic leader Washington state Democrats have lost a strong and steady voice in the passing of Karen Marchioro Karen devoted her life to fighting for what she believed in and she became both the conscience and inspiration for decades of Washington s Democratic leaders Karens steady presence and guiding hand have been a personal inspiration to me over the years Despite her failing health when I recently spoke with her she used the opportunity to remind me how important it is to keep the Democratic Party strong for average Americans That was Karen through and through a passionate advocate and spirited friend My thoughts and prayers are with her family during this difficult time Elected leaders throughout our state owe them a debt of gratitude for the sacrifices they made in allowing Karen to spend her time fighting for each of us Karens passion will continue to resonate through the words and work of our state s leaders for years to come She will be greatly missed,0,[],This is a condolence and commemorative statement on the passing of Karen Marchioro. It does not describe a concrete outcome secured by the senator or present the senator as personally responsible for any achievement.,
3047,"USDA TO PURCHASE POTATOES Secretary of Agriculture Mike Johanns announced today that the Department plans to purchase up to 80 million pounds of frozen and dehydrated potatoes. On March 15, 2005, the Idaho Congressional Delegation wrote the Secretary requesting this action. The Delegation wrote in its letter, ""When growers have periods of unusually high yields and resulting low prices, the Section 32 program serves to stabilize their market and allow them to continue to survive in an already rigid marketplace where small changes in price or supply dramatically impacts their ability to compete."" The potatoes will be purchased under the authority of the Section 32 bonus buy program and will be used for domestic food assistance and child nutrition programs. The purchase complements 100 million pounds of potatoes already purchased this year. A copy of the letter is available at: www.craig.senate.gov/releases/usda_section_32.pdf Contact: Mike Tracy, 208/342-7985; Dan Whiting, 202/224-8078.",1,"[""1"", ""4""]","The release describes USDA's decision to purchase potatoes after the Idaho Congressional Delegation wrote to the Secretary requesting this action. It presents the delegation's advocacy as leading to a concrete benefit for potato growers, satisfying Rules 1 and 4. The senator is part of the delegation and is implicitly credited with prompting the purchase.",
630,"SEN. DODD ISSUES STATEMENT ON CONNECTICUT IMPACT OF BUSH'S PROPOSED BUDGET ""From Black Hawk helicopters to fighter jet engines, this budget reflects the critically important contributions that Connecticut's manufacturers make to our national security. But the Administration needs to make improving our intelligence, surveillance and reconnaissance capabilities a higher priority - and that means supporting our undersea fleet with the production of two additional submarines per year. This allocation is critical both to Connecticut's defense industry and our nation's security.""",0,[],"The senator comments on the President's budget and says certain defense programs are important to Connecticut. This is a policy statement about budget priorities, not a claim that he secured funding, passed legislation, or produced a concrete outcome.",
490,Senator Jim Webb Virginia Press Releases December 3 2007 Webb Refusal to Pursue Constructive Dialogue with Adversaries Is Administration s Most Grievous Foreign Policy Failure Washington DCThe following is a statement by Senator Jim Webb D VA in response to todays National Intelligence Estimate NIE revealing that Iran halted its nuclear program in 2003 This is afurther indication ofthe most grievousfailure of the BushAdministrations foreign policy which has been its refusal to take advantage of timely opportunities topursueconstructive dialogue with our adversaries andourpotential adversaries The strongest nation in the world loses absolutely nothing by keeping its military capabilities in place while pursuing a path toward common ground with Syria and Iran This was precisely the path we chose more than thirty years ago withChina which was thena nuclear armedrogue nation with an American war on its border,0,[],"This is a foreign policy statement criticizing the administration's approach to Iran and Syria. It does not attribute any concrete outcome to the senator or present him as personally responsible for a benefit, legislative success, or award.",
4344,"SEN. SALAZAR SUPPORTS WHITE HOUSE PATRIOT ACT DEAL Sen. Ken Salazar announced that he has joined a bipartisan group of colleagues in support of the compromise reached between the Senate and the White House on the PATRIOT Act. ""As Colorado's former Attorney General, I feel the PATRIOT Act must be re-authorized in order to provide our Nation's law enforcement agencies with the tools they need to keep the public safe. I believe this compromise does a better job of giving law enforcement those tools while protecting the civil liberties of Americans than the earlier law and the initial conference report. ""This compromise is not perfect, but it does reflect some concessions from the White House. I am pleased the compromise includes provisions shielding most public libraries from turning over information. I always knew this was a negotiation and we weren't going to walk away with everything we wanted."" The new measure would give recipients of subpoenas the explicit right to challenge an accompanying judicial order not to discuss the case publicly, though they would have to wait one year. This would also prevent the F.B.I. from demanding the names of lawyers consulted by people who receive secret government requests for information. The deal would also prevent most libraries from being subject to those requests. Contact: Cody Wertz, 303/455-7600; Andrew Nannis, 202/224-5852.",0,[],"The senator expresses support for a Patriot Act compromise and describes provisions he favors. However, he does not claim to have authored, secured, or personally brought about the compromise. The text is a statement of position and support, not credit-claiming for a concrete outcome.",
1060,PRESS RELEASE NELSON JOINS EFFORT TO PROTECT EXPAND CHILDREN S HEALTH COVERAGE Press Release September 28 2007 NELSON JOINS EFFORT TO PROTECT EXPAND CHILDREN S HEALTH COVERAGE Nebraska s Senator s Small Business Health Care Amendment Included September 27 2007 The United States Senate today passed legislation to reauthorize and expand the State Children s Health Insurance Program S CHIP Nebraska s Senator Ben Nelson joined 66 of his colleagues in supporting the measure Providing this health care not only helps low income children and their families it helps prevent more serious illnesses and higher costs to taxpayers down the road This bill will ensure that thousands of Nebraska children get off to a good start said Nelson As Nebraska s governor I supported this program and worked with the Nebraska Legislature to create Kids Connection Im proud to support it again today S CHIP is a joint federal state program that is intended to provide health coverage for children whose families make too much to receive Medicaid but either cant afford private coverage or do not receive it through their work The reauthorization passed by Congress devotes an additional 35 billion to the program over the next five years and provides states with flexibility and federal assistance to cover more children In 2006 the SCHIP portion of Kids Connection covered 44 981 Nebraska children Nebraska currently has an additional 31 000 uninsured children 17 050 of which are eligible but unenrolled This bill will help expand coverage to those children The legislation also includes an amendment co sponsored by Senator Nelson The provision is a sense of the senate that affirms its intent to enact legislation this year to improve access to health care for employees of small businesses Nelson has long pushed for such legislation which is critically important in Nebraska as two out of three small businesses dont provide coverage for their employees With skyrocketing costs and a growing number of uninsured health care issues are among the most challenging facing this country today With this vote the Senate is not only expanding access to children it is making its pledge to continue efforts to provide affordable market based coverage to millions of Americans said Nelson S CHIP will now be sent to President Bush for his signature,1,"[""1"", ""2"", ""5""]","The release credits Senator Nelson with helping pass the SCHIP reauthorization and explicitly connects an included small business health care amendment to him as co-sponsor. It presents the amendment's inclusion as a concrete legislative accomplishment, satisfying Rules 1, 2, and 5.",
299,Alexander Named Hero of the Taxpayer Americans for Tax Reform Recognize Alexander with Award Based on Key Votes in 2005 June 9th 2006 WASHINGTON D C U S Senator Lamar Alexander R TN has been named a Hero of the Taxpayer by Americans for Tax Reform ATR The taxpayer advocacy organization presents the award to members of Congress who vote with taxpayers on 85 percent of the issues tracked by ATR I appreciate this recognition from Americans for Tax Reform said Alexander I was proud to side with taxpayers on key votes before the U S Senate and I ll continue to support the kind of fiscal responsibility Tennesseans expect Americans for Tax Reform ATR is a non partisan coalition of taxpayers and taxpayer groups who oppose all federal state and local tax increases For 2005 it rated Senate roll call votes on tax cuts spending control property rights and free trade,1,"[""3""]","The text announces that Senator Alexander was named a 'Hero of the Taxpayer' by Americans for Tax Reform based on key votes. This is an award or honor received by the senator and tied to official performance, so Rule 3 applies.",
214,Today we remember the brave Americans who lost their lives 65 years ago during the attacks on Pearl Harbor Each year on December 7 we are reminded of the price our military men and women have paid to protect us and our freedoms We honor the brave Americans who have answered this call and those who serve so honorably today We are deeply grateful for their service Originating Site Number Site Filter Search,0,[],"The text commemorates Pearl Harbor and honors fallen Americans. It does not claim any concrete outcome, legislative achievement, intervention success, award, or credit for the senator.",
773,March 7 2007 Resolution Honoring Eagleton Passes Senate WASHINGTON D C The Senate late yesterday approved a resolution honoring the life and legacy of Senator Thomas F Eagleton of Missouri The resolution introduced by Senators Harry Reid Claire McCaskill Mitch McConnell Kit Bond and others passed unanimously This resolution pays tribute to a man who was a statesman an intellectual and a man of the people all at once and I m so proud that we re honoring him with this resolution McCaskill said But to people in the Senate and all over Missouri Eagleton was also so much more than just a Senator he was a friend and a mentor who we will never forget Eagleton who passed away on March 4 2007 in his hometown of St Louis was elected to the U S Senate in 1968 ultimately serving his state and nation in Congress for 18 years After graduating from Amherst College Harvard University Law School and serving in the United States Navy for two years his 30 year career in public service began when he was elected St Louis Circuit Attorney in 1956 In 1960 the people of Missouri voted Eagleton state Attorney General and in 1964 he was elected Missouri Lieutenant Governor Eagleton is known for many legislative accomplishments in Congress including his leadership on the Clean Air Act of 1970 and the Clean Water Act of 1972 He co authored legislation on what is now known as the Pell Grant program to provide youth with higher education assistance and helped to create the National Institute on Aging But Eagleton left his biggest mark on the country with a handwritten amendment he introduced that eventually stopped the bombing in Cambodia ultimately ending the U S s role in the Vietnam War The resolution offered by McCaskill proclaims that The Senate has heard with profound sorrow and deep regret the announcement of the death of the Honorable Thomas F Eagleton former member of the United States Senate McCaskill and other members of Congress including some of those who served in the Senate with Eagleton will attend a memorial mass in St Louis on Saturday Questions or comments Text Size,1,"[""2"", ""5""]","The release announces that a resolution honoring Senator Thomas Eagleton passed the Senate and notes it was introduced by Senator McCaskill and others. It presents the senator as connected to a successful legislative action, satisfying Rules 2 and 5. Although commemorative in subject, the senator's own introduced resolution passing is framed as a legislative accomplishment.",
3534,"SEN. DOMENICI CREDITS PRESIDENT'S GASOLINE PRICE PLAN Sen. Pete Domenici today credited President Bush for taking decisive steps to address escalating gasoline prices, and said Congress must do more to facilitate more long-term energy price stability. Domenici, chairman of the Senate Energy and Natural Resources Committee, is scheduled to address the energy supply and gasoline price situation in a speech to the Senate Wednesday morning. (Domenici is expected to speak at 8 a.m. Mountain, Wednesday.) ""I appreciate the President announcing a clear, definitive plan for confronting gasoline prices that are rising as the price of crude oil escalates. We should aggressively confront any manipulation of the markets, and do what we can to increase our own supplies of energy,"" Domenici said. ""The truth is that there is no easy answer, particularly in the short-term. We are today paying for decades of obstructionism to domestic energy production, a situation made worse by international strife and global competition. What we need now is not partisan gamesmanship and sniping. We need a unified American approach to moving us past our dangerous dependence on foreign oil sources and toward greater reliance on all sources of energy we can produce right here at home."" The President has recommended: investigations into gasoline price manipulation; repeal of certain tax breaks for energy companies; further reforms to the CAFE standards; boosting domestic energy production; increased use of ethanol; and accelerated use of alternative fuels.",0,[],"The text says Sen. Pete Domenici credited President Bush for taking decisive steps to address gasoline prices and discusses energy policy priorities. It does not present Domenici as personally responsible for a concrete outcome, secured funding, legislative accomplishment, award, or successful intervention. Instead, it praises the President and calls for congressional action. There is no ambiguity because the senator is not claiming credit for an outcome.",
1862,"SENS. BAUCUS, TESTER ANNOUNCE MORE THAN $12M FOR BUTTE Montana Senators Max Baucus and Jon Tester have delivered on their promise to secure federal funding for the Mining City. The Senators announced today that $12.5 million for vital military projects in Butte has been included in the Defense Appropriations Bill, which passed the Senate Appropriations Committee today. ""Butte is known for its great work ethic, and innovative spirit, and these dollars will keep Montana on the cutting edge of military technology,"" Baucus said. ""Jon and I were proud to go to bat for these dollars, and we are going to make sure the ball gets across the goal."" ""These dollars will advance projects that will keep our nation safe from all kinds of threats,"" Tester said. ""And I can't think of any better investment then safety, which is why Max and I are going to make sure these dollars get delivered."" ""The engineers, scientists and staff of MSE are very appreciative that the Senate of the United States has continued to recognize the importance of both the MARIAH Hypersonic Wind Tunnel program and MSE's plasma arc technology to our national defense,"" said Jeff Ruffner, President and CEO of MSE. ""Thanks to the support and leadership of Senators Baucus and Tester, these efforts will continue the development of Montana's aerospace and defense technology industries. MSE is thankful for the confidence that our Senators continue to show in our efforts to support our Department of Defense customers."" The Projects, all located in Butte, include: * $5 million for the Mariah Hypersonic Wind Tunnel Development Program: The funds will be used by MSE Technology Applications Inc for the Mariah Hypersonic Wind Tunnel Development Program. The program is vital for the U.S. Army to develop new combat technology. * $3 million for the Sierra Army Depot Cryofracture/Plasma Arc Demilitarization Program: MSE Technology Applications Inc., in conjunction with General Atomics, is designing and building a mobile cryoplasma demilitarization system that will safely destroy obsolete and hazardous munitions in a safe, effective and environmentally acceptable process. * $2.5 million for Montana Tech: Montana Tech will use the funds to develop Low Acoustic and Thermal Signature Battlefield Power Source Fuel Cells for the U.S. Navy * $2 million for the Synesis 7, NAVAIR CPI Tech Manual Conversion: The funds will be used to help complete the ""F/A-18 A-D Series Tech Manual Conversion"" and related support tasks for the NAVAIR F/A-18 program. The bill will now go before the full Senate for its consideration.",1,"[""1"", ""2"", ""4""]","The text says Montana Senators Max Baucus and Jon Tester have delivered on their promise to secure federal funding for Butte and announces that $12.5 million for military projects has been included in the Defense Appropriations Bill. It frames the senators as responsible for obtaining the dollars through phrases like proud to go to bat for these dollars and make sure these dollars get delivered. It also includes an external statement thanking the senators for support and leadership. This is a concrete funding outcome attributed to the senators, satisfying credit-claiming rules. There is no ambiguity because the release explicitly attributes the funding achievement to them.",
871,"SEN. SALAZAR QUESTIONS SECRETARY OF THE INTERIOR ON LACKLUSTER SUPPORT FOR RURAL COMMUNITIES Sen. Ken Salazar questioned Secretary of the Interior Gale Norton today about the Administration's budget from his seat on the Energy and Natural Resources Committee. Senator Salazar said, ""Rural America is withering on the vine and the Administration's budget appears to turn a blind eye to the problem. Cutting the PILT program sends the wrong message to rural America. We should be focused on revitalizing our rural communities and the 50 million Americans who call them home."" Specifically, Salazar asked Secretary Norton to clarify why the Department of the Interior would cut 16% of the Payment in Lieu of Taxes (PILT) program. In 2005, this program provided approximately $17 million to 57 counties in Colorado. The Administration's budget would cut this program by $198 million. Secretary Norton explained that there was a competing need to pay Department of the Interior employees and the cuts were necessary. Salazar also pressed the Secretary about the proposed elimination of Land and Water Conservation Fund (LWCF) stateside grants. From 1965-2005, LWCF funded over 1,000 projects in Colorado in 59 of 64 counties for a total of $56 million. These projects have helped preserve open spaces, preserve wildlife habitat, and create parks and recreation opportunities. In its own assessment of the program this year, the Park Service acknowledges that the stateside grants program delivers excellent results. Finally, Salazar queried Norton on proposed changes to National Parks Service rules. Visitor satisfaction to the National Parks is at 95 percent, yet the Administration is proposing drastic rule changes that would end the 100-year Park Service principle of 'First Do No Harm,' eliminate guidelines limiting the impact of motor vehicles on air quality, views, and soundscapes, and allow greater levels of noise and air pollution. Salazar recently wrote to Secretary Norton on this subject noting, ""Given that the Park Service's core mission of conservation has effectively protected our national treasures for almost 100 years and that visitor satisfaction at the National Parks is overwhelmingly positive, I see no need to cast aside the core mission and tested policies in favor of unneeded, risky and ambiguous revisions."" Contact: Cody Wertz, 303/455-7600; Andrew Nannis, 202/224-5852.",0,[],"The text describes Sen. Ken Salazar questioning Secretary of the Interior Gale Norton about the Administration's budget and proposed cuts to rural programs. It presents oversight and criticism of the Administration but does not claim a concrete outcome, secured benefit, legislative accomplishment, or successful intervention. Therefore it is not credit-claiming. There is no ambiguity because the text focuses on questioning and policy concerns rather than a claimed result.",
2675,July 21 2005 Contact Sens Dodd Lieberman and Rep Simmons Meet With BRAC Commissioners WASHINGTON Sens Chris Dodd and Joe Lieberman and Rep Rob Simmons met with BRAC Commissioners Jim Hansen and James Hill to discuss Sub Base New London its importance to our national security and why closing the base would not save taxpayer money I appreciate Commissioners Hansen and Hill taking the time to meet with us on this critically important matter We delivered a very clear message Sub Base New London is our nation s premier submarine facility and closing it would do irreparable damage to our national security and the American taxpayers wallet This is a national security issue and I believe the Commissioners listened carefully to our arguments said Sen Chris Dodd But obviously this is only one more step in this marathon and until we reach the finish line and hopefully prevail our work isn t done I m encouraged by today s meetings with BRAC Commissioners Hansen and Hill said Sen Joe Lieberman The commissioners were asking the kinds of questions that demonstrate they understand why we have concerns about the Pentagon s recommendation to close Submarine Base New London And I can truly say that the advocates for the sub base made a strong case that the base is a critical national security asset and should remain open I am encouraged by what I heard in my meetings today with BRAC Commissioners Hill and Hansen We had two very productive sessions Both commissioners listened attentively and asked incisive questions about cost savings and other issues central to the debate over SUBASE New London The level and nature of the conversations and their questions reflect how seriously they are evaluating our arguments said Rep Rob Simmons 30,0,[],"The text describes Sens. Chris Dodd and Joe Lieberman, along with Rep. Rob Simmons, meeting with BRAC commissioners to argue against closing Sub Base New London. It emphasizes that this is only one more step in a marathon and that their work is not done. There is no claimed concrete outcome, secured benefit, policy change, or successful intervention. It describes advocacy and meetings without a claimed result, so it is not credit-claiming. There is no ambiguity because the text explicitly presents the process as ongoing.",
3744,CENTERS FOR DISEASE CONTROL AND PREVENTION TO SET UP FORWARD BASE IN HAWAII TO STRENGTHEN ASIA PACIFIC DISEASE DETECTION AND RESPONSE CENTERS FOR DISEASE CONTROL AND PREVENTION TO SET UP FORWARD BASE IN HAWAII TO STRENGTHEN ASIA PACIFIC DISEASE DETECTION AND RESPONSE Thursday April 19 2007 For Immediate Release WASHINGTON U S Senator Daniel K Inouye announced today that he has been informed by the Director of the Atlanta based Centers for Disease Control and Prevention CDC that it plans to establish a field station in Hawaii that will play a crucial role in fighting public health threats including infectious diseases Dr Julie Gerberding said this field station will serve as a forward base to strengthen emerging disease detection and response systems for the entire Asia Pacific region and Hawaii is uniquely situated for this purpose Senator Inouye stated Preliminary discussions indicated that the CDC favors assigning at least two specialists to Hawaii initially and one would be an epidemiologist working on avian flu The research and international tracking efforts that will be done at the field station will be extremely helpful in preventing and combating potential public health threats Furthermore this CDC field station will offer partnering opportunities with the University of Hawaii School of Medicine Tripler Army Medical Center the Hawaii State Department of Health and other local medical and health organizations While the funding and the location of the field station still need to be worked out it is clear that the CDC is committed to expanding its Asia Pacific focus with Hawaii having a key role This forward base would not be the first CDC presence in Hawaii Several years ago the Centers for Disease Control and Prevention at Senator Inouyes request established a small occupational health center at the University of Hawaii at Hilo It has taken the lead in addressing the public health implications of volcano emissions and childhood asthma The Centers for Disease Control and prevention is the worlds leader in addressing all of the complex health related issues involving bioterrorism infectious diseases and natural disasters Its scientific and clinical laboratory expertise is unrivaled 30,0,[],"The text announces that the CDC plans to establish a field station in Hawaii to strengthen Asia Pacific disease detection and response. It says Sen. Daniel K. Inouye was informed by the CDC director and describes the planned station as beneficial. However, it does not state that Inouye secured, produced, or was responsible for the outcome. The funding and location still need to be worked out, and the release presents the decision as CDC-led. There is no ambiguity because the text does not directly connect the outcome to Inouye's intervention or achievement.",
2627,"SEN. TALENT SECURES $1.5 MILLION FOR NEW HEALTH SCIENCES RESEARCH CENTER AT MIZZOU Sen. Jim Talent (R-Mo.) today announced that the Senate has approved his request for $1.5 million dollars for the Health Sciences Research and Education Facility at the University of Missouri-Columbia as part of the 2006 Energy and Water Appropriations bill. ""The University is already a world leader in health care research and we need to make certain it gets the resources it needs to remain at the top,"" said U.S. Senator Jim Talent. ""The new Health Sciences Research Center will be a state-of-the-art facility that will help MU improve our health care system and save lives."" ""I commend Senator Talent for his support of the University of Missouri and the Health Sciences Research Center,"" said Dr. Elson Floyd, President of the University of Missouri System. ""This facility is certain to be a center of excellence at MU. It will generate new discoveries and has the potential to attract significant new funding to support research."" ""I am grateful to Senator Talent for his work on behalf of the University,"" said Brady Deaton, chancellor of the University of Missouri-Columbia. ""The Health Sciences Research Center will help MU to sustain its status as a world leader in medical education, to enhance its potential for conducting groundbreaking research, and to fulfill its important mission of protecting and improving the health and lives of all Missourians."" ""We are most thankful to Senator Talent for securing the money we need to begin planning our health sciences research and education center, which will transform medical research at the University of Missouri-Columbia and beyond,"" said Dr. Bill Crist, Dean of the MU School of Medicine. ""The center will allow MU to fully realize it's great potential for conducting lifesaving research, enhance MU's status as a world leader in medical education, and fulfill MU's mission of protecting and improving the lives of all Missourians. The center also will provide a strong central link in Missouri's biotechnology corridor that stretches from St. Louis to Kansas City. The jobs, research grant funding and commercial impact of the center will increase economic prosperity throughout the state."" The appropriation will provide the initial money necessary to begin construction planning for the new 410,000 square foot state-of-the-art facility. With approval of the initial funding, students and faculty could in the next few years finally get the space and resources they need to conduct first-class health care research in diabetes, cardiovascular disease and other major health challenges. The bill was approved by the House last week and will now go to the President for his signature.",1,"[""1"", ""2"", ""4""]","The text announces that the Senate approved Sen. Jim Talent's request for $1.5 million for the Health Sciences Research and Education Facility at the University of Missouri-Columbia as part of an appropriations bill. It repeatedly credits Talent with securing the money, including statements commending him for support and thanking him for securing the money we need to begin planning. This is a concrete funding outcome directly attributed to the senator, satisfying credit-claiming rules. There is no ambiguity because the release explicitly states the outcome was approved and secured by Talent.",
3501,"SEN. TESTER ISSUES STATEMENT ON MALMSTROM MISSILES Senator Jon Tester today released the following statement: ""I was disappointed to learn that the Air Force is targeting the elimination of fifty Minuteman III missiles from Malmstrom Air Force Base. Malmstrom is critical to our national security and the economy of North Central Montana. I will continue to fight for Malmstrom and the Air Force in the United States Senate and I will work toward getting another mission at the base.""",0,[],"The text is a statement by Sen. Jon Tester expressing disappointment that the Air Force is targeting elimination of Minuteman III missiles from Malmstrom Air Force Base. It announces future intentions to fight for Malmstrom and work toward getting another mission at the base, but it does not claim a concrete outcome, secured benefit, legislative accomplishment, or successful intervention. Therefore it is not credit-claiming. There is no ambiguity because the text only describes a policy position and future intentions.",
3560,Senator Mark Pryor Press Releases December 13 2007 Press Release Arkansas Delegation Announces Over 877 000 in Federal Housing Grants Washington D C U S Senators Blanche Lincoln D and Mark Pryor D and Representatives Marion Berry D 1st Vic Snyder D 2nd John Boozman R 3rd and Mike Ross D 4th today announced 877 749 in grants from the Department of Housing and Urban Development HUD Grants were awarded through two separate programs in HUD the Housing Choice Voucher Family Self Sufficiency FSS program and the Resident Opportunities for Self Sufficiency ROSS program The FSS program assists families receiving housing vouchers in obtaining employment that can lead to economic independence It coordinates local public housing agencies with schools businesses welfare agencies and other local partners that can develop work related skills and experiences for FSS family members Public housing agencies in Arkansas will receive 765 892 through the FSS program The ROSS program provides funds to public housing agencies nonprofit organizations and other community based organizations for job training and supportive services that will help participating public housing residents transition from welfare to work It also provides funds to help elderly and disabled residents continue to live independently Public housing agencies in Arkansas will receive 111 857 through the ROSS program How we care for our low income elderly and disabled populations is a reflection of our values as a society said Lincoln I applaud the public housing agencies in Arkansas that sought out these federal funds so that they can continue to help Arkansans in need become self sufficient Independent living and professional growth and development go hand in hand said Pryor These important programs will make a real difference in improving the lives of many Arkansans and are a wise investment in our local economy Anytime we can help people help themselves we are empowering them with hope for a better future said Congressman Berry These grants will allow low income families and seniors to take steps toward economic security and independence I commend all of the grant recipients for securing these federal funds and will continue to work with the delegation to find more ways to help public housing residents The housing self sufficiency programs provide a means for low income citizens to get on a track to independence and also help seniors and people with disabilities in maintaining the ability to choose how they want to live said Congressman Vic Snyder The HUD grants are a great support for Arkansas families striving to achieve these goals The fundamental concern of all families is whether or not they have a roof over their head Boozman said This money is an investment in the men and women of Arkansas who work everyday to ensure families which need assistance have adequate housing and are taught the skills to become productive members of our communities The Family Self Sufficiency Program is an important tool to provide quality housing for Arkansass hard working families to help them achieve economic independence Ross said I am proud to join with my colleagues in the Arkansas Congressional Delegation to announce this vital funding and I will continue fighting on behalf of working families in Washington The following is a list of grant recipients in Arkansas and the amount awarded to each recipient Housing Choice Voucher FSS Program Awards Fort Smith Housing Authority 98 152 Housing Authority of Lonoke County 36 410 Housing Authority of the City of Hope 30 697 Housing Authority of the City of Hot Springs 32 968 Housing Authority of the City of Pine Bluff 74 450 Housing Authority of West Memphis 40 300 Jonesboro Urban Renewal and Housing Authority 41 212 Lee County Housing Authority 23 933 McGehee Public Residential Housing Facilities Board 31 851 Mississippi County Public Facilities Board 72 955 North Little Rock Housing Authority 107 871 Northwest Regional Housing Authority 39 809 Pope County Public Facilities Board 34 992 Pulaski County Housing Authority 34 810 White River Regional Housing Authority 38 430 Wynne Housing Authority 27 052 ROSS Program Awards Housing Authority of Lonoke County 33 990 Housing Authority of the City of North Little Rock 37 182 Housing Authority of the City of West Memphis 40 685,0,[],"The text announces over $877,000 in HUD grants for Arkansas public housing agencies and includes statements from Sens. Blanche Lincoln and Mark Pryor and House members. However, the grants are presented as awarded through HUD programs, and the legislators commend the public housing agencies that sought out these federal funds. The text does not state or strongly imply that the senators personally secured or produced the grants. It describes federal funding recipients and policy support without attributing the outcome to the senators' actions. There is no ambiguity because no direct credit is claimed by the senators for obtaining the funds.",
3477,"SENATE CONFIRMS TEXAN TO CHAIR PRIVACY AND CIVIL LIBERTIES OVERSIGHT BOARD The U.S. Senate unanimously confirmed the nomination of Carol E. Dinkins of Houston on Friday to serve as Chairman of the Privacy and Civil Liberties Oversight Board. Sen. John Cornyn, member of the Senate Judiciary Committee, said Dinkins will serve as a ""key safeguard"" of citizens' civil liberties. The Privacy and Civil Liberties Oversight Board was created based on a recommendation of the 9/11 Commission and is designed to oversee the government's commitment to defend civil liberties. The Senate also confirmed the nomination of Alan Charles Raul to serve as vice chairman. ""Even as we use every available tool to fight terror and defend the nation, we must vigorously defend civil liberties and ensure that the concerns of our citizens will always be heard and considered,"" Cornyn said. ""I stand prepared to work with the board to ensure that this is done, and that we strike both a careful and wise balance between national security and civil liberties."" The Privacy and Civil Liberties Board was established as an amendment to National Intelligence Reform Act of 2004. The board was established within the executive branch to oversee adherence to the guidelines set forth by the 9/11 Commission in 2004. Cornyn chaired the nominations hearing for Raul and Dinkins on November 8, 2005. They were nominated by the President on September 28, 2005, and their nominations were sent to the full Senate by the Judiciary Committee Thursday morning. Carol Dinkins currently practices law at Houston's Vinson and Elkins, LLP. She chairs the law firm's administrative and environmental law practice division. She served previously as Deputy Attorney General of the United States (1984-1985). From 1981 to 1983, she was the Assistant Attorney General in charge of the Environment and Natural Resources Division of the Department of Justice (DOJ). Dinkins received her J.D. from the University of Houston in 1971 and a B.S. in Education from the University of Texas in 1968. Sen. Cornyn is a member of the following key Senate Committees: Armed Services; Judiciary; Budget, Small Business and Entrepreneurship; and Joint Economic. He is also the chairman of the Emerging Threats and Capabilities. Cornyn was previously Texas Attorney General, Texas Supreme Court Justice and Bexar County District Judge.",0,[],"The text reports that the Senate unanimously confirmed Carol E. Dinkins to serve as Chairman of the Privacy and Civil Liberties Oversight Board and notes Sen. John Cornyn chaired the nominations hearing. It contains policy statements about civil liberties and describes Cornyn's role in the confirmation process, but it does not present him as personally responsible for a concrete outcome, nor does it claim he secured a benefit, authored a law, or received an award. The reference to Cornyn chairing the nominations hearing is procedural oversight or committee activity without a claimed credit outcome. There is no ambiguity because no rule directly applies to the senator's own achievement.",
1747,"SEN. BYRD BOLSTERS NATIONAL GUARD'S YOUTH CHALLENGE The U.S. Senate has approved legislation by Sen. Robert C. Byrd, D-W.Va., to boost funding for the National Guard Youth ChalleNGe program which mentors at-risk youth nationwide, including the Mountaineer Challenge Academy in Preston County. ""The highly successful Youth ChalleNGe program helps troubled youth to turn their lives around by teaching them important life skills. The program has created a brighter future for more than 52,000 teenagers in 24 states, but the program is threatened by state budget cuts,"" Byrd said. Byrd's provision in the Fiscal Year 2006 Defense Authorization Bill would phase in an increase over the next three years to bring the federal cost-share of Youth ChalleNGe from the current 60 percent federal share to 75 percent. The remaining costs would be covered by the participating states. Also, the bill authorizes an additional $15 million to expand existing Youth ChalleNGe academies and establish new ones in other states. The Senate passed the Defense Authorization Bill by a vote of 98-0 on Tuesday, which sends the bill to a conference committee with the House of Representatives to work out differences between the two versions. ""This unique National Guard education program takes students off a path of trouble and places them on a path to becoming responsible adults who will contribute to their communities. The students thrive in the program's tough curriculum, and through hard work, they redeem their futures,"" Byrd said. The West Virginia Democrat worked with the National Guard Bureau to create this program in 1991, which was first called the National Guard Civilian Youth Opportunities Program. That pilot program was geared for young people who had dropped out of or been expelled from high school. Since then, the program has expanded in size and scope, and is now known as the National Guard Youth ChalleNGe Program. The program helps students to gain self-respect, job skills, citizenship responsibilities, and other life-coping skills. The program now operates 27 academies in 24 states, including West Virginia's Mountaineer ChalleNGe at Camp Dawson. Ninety-seven percent of the program's students are successful in graduating from the 17-month program, with nearly three-quarters of those students earning their high school diplomas during that time. ""Budget shortfalls in West Virginia and across the country have put the Youth ChallenGe program in jeopardy. This legislation will help to sustain current ChallenGe sites, and will allow new academies to begin mentoring at-risk young people,"" Byrd stated.",1,"[""1"", ""2"", ""5""]","The text presents Sen. Robert C. Byrd as responsible for a legislative outcome: the Senate approved legislation by him to boost funding for the National Guard Youth ChalleNGe program. It also explicitly connects a named provision in the Fiscal Year 2006 Defense Authorization Bill to Byrd, says the bill passed the Senate 98-0, and notes he helped create the program in 1991. These claims fit credit-claiming under the rules about concrete outcomes, legislative accomplishments, and named legislation tied to the senator. There is no ambiguity because the outcome is described as achieved in the Senate and directly linked to Byrd.",
3729,"IOWAN NAMED INTERIM U.S. ATTORNEY IN NORTHERN DISTRICT Sen. Chuck Grassley today said that President Bush has named Matt Dummermuth as the interim U.S. Attorney for the Northern District of Iowa. Grassley said he expects the President to nominate Dummermuth to permanently fill the position once all the paperwork and background checks are completed. Dummermuth was one of three names Grassley nominated to fill the opening in the Northern District. ""Matt will be able to jump right in because of his vast experience at the U.S. Department of Justice as well as his work in the U.S. Attorney's office in the Eastern District of Virginia,"" Grassley said. ""He will serve Iowa well."" U.S. Attorneys prosecute federal criminal and civil rights cases. The Northern District of Iowa is based in Cedar Rapids. Here is information on the nominee for the U.S. Attorney for the Northern District of Iowa. Matt Dummermuth - U.S. Department of Justice, Civil Rights Division, Oct. 2002-Dec. 2004 and April 2006-present; U.S. Department of Justice, U.S. Attorney's Office, Eastern District of Virginia, May 2005-May 2006; Simmons, Perrine, Albright & Ellwood, P.L.C., Cedar Rapids, Dec. 2000-Oct. 2002; Honorable Judge David R. Hansen, U.S. Court of Appeals for the Eighth Ciruit, Aug. 1999-Aug. 2000; J.D., Harvard Law School, Cambridge, MA, June 1999; B.S., Iowa State University, May 1996.",0,"[""1""]","The release states President Bush named Matt Dummermuth interim U.S. Attorney and that Grassley expects nomination. It notes Dummermuth was one of three names Grassley nominated. This is an announcement of an executive appointment, but the senator is not presented as personally responsible for producing the appointment; he only submitted names. No concrete outcome is claimed as secured by the senator, so it is not credit-claiming.",
1118,"Carper Statement on Senate Defeat of Gay Marriage Amendment For Immediate Release: June 7, 2006		Contact: 	 WASHINGTON, DC (June 7, 2006) ????? Sen. Tom Carper, D-Del., issued the following statement on the constitutional amendment to ban gay marriage, which was rejected today by the U.S. Senate. ?????I believe that marriage is between a man and a woman. When I was governor of Delaware, I signed legislation defining marriage as between a man and a woman. Forty-four other states besides Delaware have similar laws. When President Clinton was in office, he also signed a law that would prohibit states from having to recognize same-sex marriages performed in other states. Those laws are working. No state has been forced to recognize gay marriages performed in Massachusetts or gay civil unions performed in other states. As such, I?????m not convinced that we need to take the extraordinary step of amending the Constitution to define marriage. Since the Bill of Rights was approved in 1791, more than 10,000 Constitutional amendments have been considered, but only 17 have been approved. Amending that sacred document is something we should do only when it's absolutely necessary and when the need is absolutely clear. For the past 200 years, states have controlled and granted marriage rights. States have been the ones to determine who can marry and at what age, as well as the rules of divorce, alimony and child support. This amendment, however, would usurp that tradition. We should stick with what has worked and let states continue to define marriage as they see fit. There are plenty of issues the Senate needs to be addressing ????? instability in Iraq and Afghanistan, our over-dependence on foreign oil, rising healthcare costs, and our growing national debt, to name but a few. It?????s my fervent hope that after today?????s vote, we turn to those issues and work together to find solutions to put America back on the right track.????? ### Return",0,"[""2""]","The release is a statement about the Senate's defeat of a constitutional amendment, a completed legislative outcome. Carper presents his position and highlights his prior executive action as governor (signing legislation defining marriage), but the main event is the Senate vote. The document describes a legislative outcome (amendment rejected) without claiming he personally secured a benefit, and the focus is on expressing a policy position after a vote. Since the text does not present Carper as personally responsible for producing the outcome, and is primarily a policy statement, it is not credit-claiming. However, the definition of rule 2 includes ""votes won on the senator's initiative."" The amendment was rejected, not won on Carper's initiative; he is merely responding. Therefore, no rule applies.",
4531,May 18 2005 Senators Thune and Clinton Introduce Legislation to Extend Child Care for Families of Fallen Soldiers Washington DC Senators John Thune SD and Hillary Rodham Clinton NY announced today that they have introduced legislation that will allow children whose parents die while in service to our nation to keep eligibility to federal child care benefits for two years The legislation will cover members of the armed forces including the reserve component who die while in active duty After suffering the loss of a loved one surviving spouses are forced to make life changing decisions This is especially difficult for those with young children Making child care available is just one step we can take to help families that have made the ultimate sacrifice for their country said Thune Members of our armed services are sacrificing so much as they valiantly serve our nation said Senator Clinton We need to do by right by their families and making sure their children keep access to child care is one important step we should take As members of the Senate Armed Services Committee Senators Thune and Clinton have worked tirelessly to improve benefits for our military service members and their families Both Senators Thune and Clinton co sponsored legislation to raise survivor benefits from 12 000 to 100 000 and provide money to families within 72 hours to assist with immediate financial needs Senator Thune supported legislation to allow survivors to have access to military housing from 180 days to 365 Senator Thune also co sponsored legislation that provided for a traumatic injury insurance rider to the Soldiers Group Life Insurance Program Senator Clinton has championed legislation that would make all Guardsmen and Reservists and their families eligible for TRICARE military healthcare benefits regardless of their activation status,0,"[""2""]","The release announces introduction of legislation to extend child care eligibility for children of fallen soldiers. It describes future legislative action, not passage or a secured outcome. The additional sentences mention prior co-sponsored or supported legislation, but do not claim those measures passed or were secured. Thus, it is not credit-claiming under rule 2.",
3845,"Bayh Statement on OPEC Decision to Raise Oil Prices Washington-- U.S. Senator Evan Bayh today released the following statement in response to OPEC's decision to lower oil production and increase oil prices. Bayh is the lead sponsor of the Vehicle and Fuel Choices for American Security Act (S.2025), comprehensive energy legislation designed to reduce U.S. dependence on foreign oil by 7 million barrels a day by 2026. Just when Americans were beginning to see a drop in gas prices, OPEC members have moved to drive up the cost of oil once again. You don't have to look any further than that for proof that U.S. dependence on foreign oil is hurting America's economy and putting a financial strain on American families. Unfortunately, until we take serious steps to develop alternative fuels and more efficient vehicle technologies, Americans will remain hostage to similar decisions in the future. I have offered an energy plan, the Vehicle and Fuel Choices for American Security Act, that would reduce our dependence on foreign oil by 7 million barrels a day by 2026 through a combination of aggressive steps, including improving the efficiency of vehicles and increasing the production and use of biofuels. It includes new approaches for manufacturers, the federal government, scientists and consumers because it will take everyone working together to meet this challenge. There is no quick fix to our energy dependence, but there will never be a solution at all if we fail to take action in the first place. The sooner we start taking the serious, long-term steps called for in my energy plan, the sooner the American people will start to see results. When Congress returns to work next month, they should pass my plan, which already enjoys widespread bipartisan support, and help end our dependence on foreign oil.",0,"[""2""]","Bayh responds to OPEC's decision, describes himself as lead sponsor of S.2025, and urges Congress to pass his plan. The text announces future intentions and legislative sponsorship, not a completed legislative accomplishment or concrete outcome secured by the senator. Rule 2 does not apply because no law is passed or provision secured. It is not credit-claiming.",
2026,Senate Judiciary Panel Passes Leahy Specter Data Privacy And Security Bill U S SENATOR PATRICK LEAHY VERMONT Senate Judiciary Panel Passes Leahy Specter Data Privacy And Security Bill Bill Would Help Consumers Better Protect Personal Information WASHINGTON Thursday May 3 The Senate Judiciary Committee Thursday passed crucial bipartisan legislation introduced by Chairman Patrick Leahy D Vt and Ranking Member Arlen Specter R Pa to to better protect the privacy of consumers personal information in the face of persistent data security breaches across the country The Personal Data Privacy and Security Act of 2007 S 495 would help combat the devastating effects of identity theft while providing consumers with much needed protections The bill ensures privacy while enhancing criminal penalties and assistance to law enforcement It also provides protections against security breaches fraudulent access and misuse of personally identifiable information This is a bill that deals with the underlying problem of lax security and lack of accountability to help prevent data breaches from occurring in the first place and also addresses the need to provide Americans with better notice of breaches that may affect their personal information Leahy said during the panels debate on the bill Passing this comprehensive privacy legislation is a legislative priority The bill is cosponsored by Senators Russell Feingold D Wisc Charles Schumer D N Y Sherrod Brown D Ohio Benjamin Cardin D Md and Bernie Sanders I Vt Prior to Committee passage the bill was amended to include additional bankruptcy protections for victims of identity theft That amendment was sponsored by Senator Sheldon Whitehouse D R I The reported bill also contains additional privacy enhancements to safeguard consumers privacy including promoting the use of encryption technology to protect consumers sensitive information and ensuring that consumers are promptly notified about data breaches involving their debit cards and other financial account records The bill passed by voice vote now moves to the full Senate for consideration Below is Chairman Leahys statement from the meeting followed by a summary of the bill Statement of Senator Patrick Leahy Chairman Committee on the Judiciary The Leahy Specter Personal Data Privacy and Security Act of 2007 S 495 May 3 2007 I would like to begin today moving straight to debate on S 495 the Leahy Specter Personal Data Privacy and Security Act This comprehensive bipartisan privacy bill is aimed at better protecting Americans privacy from the growing threats of data breaches and identity theft I hope after years of work and weeks of delay we can consider it and report it out this morning When then Chairman Specter and I first introduced this bill in 2005 we had high hopes of bringing urgently needed data privacy reforms to the American people Although the Judiciary Committee favorably reported a substantially similar bill in November 2005 our bill languished on the Senate calendar for more than a year and the Senate adjourned without passing comprehensive data privacy legislation While the Congress waited to act on passing data privacy legislation the problems with data breaches remained a persistent threat to Americans privacy According to the Privacy Rights Clearing House more than 100 million records containing sensitive personal information have been involved in data security breaches since 2005 Earlier this year mega retailer TJX disclosed that it suffered a major computer breach involving credit and debit card purchases by millions of American consumers We have since learned that this data breach is the largest in U S history effecting at least 45 7 million credit and debit cards In February there was a major data breach involving a state computer server in Vermont that jeopardized the financial data of at least 69 000 Vermonters And the United States Department of Agriculture USDA admitted recently that it posted the Social Security numbers of 63 000 people who received grants from the USDA on an agency website These data security breaches are compelling examples of why we need to pass the Personal Data Privacy and Security Act Our bill requires that data brokers let consumers know what sensitive personal information they have about them and to allow individuals to correct inaccurate information Our bill also requires that companies that have databases with sensitive personal information on Americans establish and implement data privacy and security programs In addition our bill requires notice when sensitive personal information has been compromised I know this is an interest of Senator Feinsteins She has been a leader on the issue of notice just as California has been a leader on this issue generally This bill also provides for tough criminal penalties for anyone who would intentionally and willfully conceal the fact that a data breach has occurred when the breach causes economic damage to consumers Finally our bill addresses the important issue of the governments use of personal data by requiring that federal agencies notify affected individuals when government data breaches occur and placing privacy and security front and center when federal agencies evaluate whether data brokers can be trusted with government contracts that involve sensitive information about the American people This month the GAO released a new report on lessons learned about the government data breaches at the VA and elsewhere which found that when these data breaches occur prompt notice to the individuals affected is critical so that individuals can protect themselves from the dangers of identity theft and other misuse of their personal information Of course Senator Specter and I have no monopoly on good ideas to solve the serious problems of identity theft and lax data security But we have tried to put forth some meaningful solutions to this problem in our bill and hope to merit the Committees support This is not a perfect bill It is not the bill that either of us would have written alone We have engaged in much consultation including with those in the privacy consumer protection and business communities I thank all of them for sharing their views with us I also want to thank our cosponsors Senators Feingold and Schumer who have worked along with us to help forge a consensus I will place into the record support letters from Microsoft Vontu the Center for Democracy and Technology Consumers Union the Cyber Security Industry Alliance and Consumer Federation of America When we can bring consumer interests and business interests together to the extent that we have we hope we are close to a bill this Committee can support a bill that can pass and a bill that can make a difference This is a bill that deals with the underlying problem of lax security and lack of accountability to help prevent data breaches from occurring in the first place and also addresses the need to provide Americans with better notice of breaches that may affect their personal information Passing this comprehensive privacy legislation is a legislative priority I hope the Committee will join with us to support this privacy legislation and work with us to see it enacted We first listed this bill for Committee consideration at a business meeting on April 19th That meeting had to be postponed following the tragedy at Virginia Tech and the rescheduling of the oversight hearing with the Attorney General for that date We then listed it for consideration at our April 25th meeting but a Senator asked that it be carried over until today I hope that we can complete action without further delay I am concerned that almost 50 amendments have been filed to the bill that the Ranking Member and I have worked outincluding almost 40 on behalf on one Senator I hope we are not facing another filibuster by amendment situation and urge cooperation by all Members on this important matter Summary of the LeahySpecter Personal Data Privacy and Security Act of 2007 Provides new measures to protect the privacy and security of personal data Provides Americans with notice when they have been harmed and also addresses the underlying problem of lax security and lack of accountability in dealing with personal data Adds unauthorized access to sensitive personally identifiable information to the criminal prohibition against computer fraud under 18 U S C 1030 a 2 Requires data brokers to let individuals know what information they have about them and where appropriate allow individuals to correct demonstrated inaccuracies There are exemptions for products and services already subject to access and correction rules under the Fair Credit Reporting Act as well as companies subject to Gramm Leach Bliley and the Health Information Portability and Accountability Act In addition there are also exemptions for proprietary fraud prevention tools and marketing data Requires companies that have databases with personal information on more than 10 000 Americans to establish and implement data privacy and security programs and vet third party contractors hired to process data There are exemptions for companies already subject to data security requirements under Gramm Leach Bliley and the Health Information Portability and Accountability Act Requires notice to law enforcement consumers and credit reporting agencies when digitized sensitive personal information has been compromised The trigger for notice is tied to significant risk of harm with appropriate checks and balances to prevent over notification as well as underreporting There are exemptions for national security and law enforcement needs credit card companies using fraud prevention techniques or where a breach does not result in a significant risk of harm Addresses the governments use of personal data by 1 requiring the General Services Administration to evaluate the privacy and security practices of potential government contractors handling personal data and include penalties in government contracts for failure to protect data privacy and security 2 requiring Federal departments and agencies to audit the information security practices of commercial data brokers hired for projects involving personal data and include protections and penalties in contracts with data brokers to protect data privacy and security and 3 requiring Federal departments and agencies to conduct privacy impact assessments on their use of commercial databases to access personal data on U S persons and to adopt regulations to ensure the security and privacy of data obtained through commercial data brokers Provides tough monetary penalties for failing to provide privacy and security protections and notices of security breaches and toughens criminal penalties for those who infiltrate systems to compromise personal data Also imposes a criminal penalty in the cases were there is intentional and willful concealment of a security breach known to require notice,1,"[""2"", ""5""]","The Senate Judiciary Committee passed the Leahy-Specter data privacy and security bill, introduced by Leahy and Specter. The text describes committee passage as a legislative achievement and explicitly connects the named bill to Leahy as author/introducer, satisfying rules 2 and 5.",
1230,"SENS. HARKIN, HATCH: GMPS KEY ASPECT OF DSHEA Sens. Tom Harkin (D-Iowa) and Orrin G. Hatch (R-Utah) today welcomed the long-sought publication of good manufacturing practices (GMP) regulations for dietary supplements. Hatch and Harkin were the principal authors of the Dietary Supplement Health and Education Act (DSHEA) of 1994, which gave the FDA the authority to write GMP guidelines specific to supplements, and they have been pushing the FDA to publish GMPs for more than a decade. ""I can't believe this day is finally here,"" Hatch said. ""GMPs are crucial because they assure the public that the products they are buying live up to their labels. That's why we included GMPs in DSHEA. It took a long time to publish these GMPs, and they're more than 800 pages. So I'm going to review them very carefully to make certain they are good regulations. But every indication leads me to believe the Administration was very sensitive to the impact the GMPs might have on the supplement industry, especially smaller companies."" ""I am pleased that the Food and Drug Administration has, at long last, issued GMPs for dietary supplements,"" said Harkin. ""More than 150 million Americans regularly take dietary supplements. I look forward to reading this rule in its entirety, but it is my hope that these GMPs will increase consumers' confidence that all dietary supplement manufacturers are adhering to the highest standards of quality. In the absence of FDA action, many companies have taken steps to adopt GMPs on their own, and I have applauded those steps. I hope that today's announcement can build on that work."" Contact: Peter Carr, 202/224-9854; Jared Whitley, 202/224-0134.",1,"[""2"", ""4"", ""5""]","The text announces publication of GMP regulations and states that Hatch and Harkin were principal authors of DSHEA, which gave FDA authority to write GMPs, and that they have been pushing FDA for more than a decade. It presents them as responsible for the regulatory outcome by connecting their past legislative authorship and ongoing pressure to the published regulations. This satisfies rules 2, 4, and 5.",
817,The Senate Finance Subcommittee on Social Security recently held a hearing on bipartisan legislation sponsored by U S Senators Susan Collins and Dianne Feinstein D CA that would protect the retirement benefits of public servants such as school teachers firefighters and police officers November 8 2007 The Senate Finance Subcommittee on Social Securityrecently helda hearing on bipartisan legislation sponsored by U S Senators Susan Collins and Dianne Feinstein D CA that would protect the retirement benefits of public servants such as school teachers firefighters and police officers In a related event on Capitol Hill earlier Senator Collins was joined by Senator John Kerry D MA and members of the National Education Association to discuss the importance of this legislation The bill the Social Security Fairness Act would repeal both the windfall elimination provision WEP and the government pension offset GPO which unfairly penalizes individuals holding jobs in public service when they retire During the recent hearing on the legislation at which Senator Collins testified in support of her legislation she explained The WEP and GPO have enormous financial implications for many of our teachers police officers firefighters postal workers and other public employees Given the important responsibilities it is simply unfair to penalize them when it comes to their Social Security benefits These public servantsor their spouseshave all paid taxes into the Social Security system So have their employers They have worked long enough to earn their Social Security benefits Yet because of the GPO and WEP they are unable to receive all of the Social Security benefits to which they would otherwise be entitled Senator Collins further explained that GPO and WEP hit some states harder than others Maine for example has a state retirement plan that lacks a Social Security component so Maine retirees are particularly hard hit Almost one million retired public employees across the nation have already been harmed by these provisions 70 percent of whom are women She cited the example of Julia Worcester of Columbia Maine who at age 77 is still substitute teaching because of a penalty in her Social Security benefits that makes it difficult for her to make ends meet The legislation has been endorsed by the National Education Association and the National Active and Retired Federal Employees Association For Video of Senator Collins Testimony Click picture to view video Browse by Current record,0,"[""2""]","The text describes a hearing on legislation sponsored by Collins and Feinstein, and Collins' testimony in support. It notes the legislation has been endorsed by organizations, but does not describe passage, adoption, or a concrete outcome. Endorsement of legislation is not an award or honor to the senator, and rule 2 requires an achieved or secured legislative accomplishment. It is not credit-claiming.",
1177,Senator Mark Pryor Press Releases November 28 2007 Press Release Pryor Chambliss Call on Air Force to Take Responsibility and Reimburse Local Companies for Contracting Work WASHINGTON D C Senators Mark Pryor D AR and Saxby Chambliss R GA members of the Senate Armed Services Committee today called on the Air Force to reimburse subcontractors in their states who have been left with thousands of dollars in unpaid bills The Senators said the Air Forces poor decision to award multi million dollar contracts to a questionable company has now led to stalled military housing projects and unpaid subcontractors in Arkansas Georgia Florida and Massachusetts Families at Little Rock Air Force Base deserve safe quality and affordable housing Instead the Air Force chose a rogue contractor that left behind rows of cement floors unfinished housing and unpaid bills Pryor said Its time for the Air Force to step up take responsibility pay their bills and get this project back on track None of us want our airmen and women worried about their familys living situation when they need to be focused on their mission The Air Force should have been more proactive to fix this problem before it got to this point said Chambliss After almost four years on this project and millions of dollars spent only two houses have been built This is unacceptable and will hinder the bases ability to meet the needs of new personnel expected to arrive in 2009 This is an Air Force project and Air Force personnel are suffering because they have yet to identify a solution In separate press events at their respective bases Pryor and Chambliss announced they would continue to mount pressure on the Secretary of the Air Force to swiftly reimburse the subcontractors In addition they are working together on a legislative fix to prevent similar problems from occurring in the future They are considering a number of options including steps to require performance bonds on all housing privatization projects performance incentives a Department of Defense rating system where a parent company would receive a negative rating for unsatisfactory work in federal contracting improved oversight to prevent unrealistically low bids that have the potential to default and a requirement that developers resolve all outstanding claims against a project before entering a new agreement American Eagle Communities LLC created under the parent company Carabetta was awarded a 127 million contract to build 468 new homes and remodel 732 homes by 2011 for the Little Rock Air Force Base Only 25 homes were completed and occupied and an estimated 70 concrete slabs were poured before the company stopped construction in May due to unpaid bills As a result of the companys financial problems at least 25 Arkansas subcontractors and suppliers have not been paid and the housing project is now stalled The Moody project in Georgia was initiated in March 2004 Carabetta the Property Manager created Moody Family Housing LLC to be the developer and project owner 400 new homes were to be constructed and 206 homes were to be remodeled as stated by the terms in the project To date only two homes have been completed The estimated cost of the project has exceeded available funding by 25 million and the project lenders stopped funding in March 2007 to prevent all funds from being expended,0,"[""1""]","The senators call on the Air Force to reimburse subcontractors, announce they will continue to mount pressure, and are working on a legislative fix. The text describes advocacy and future intentions, but does not claim that their intervention already produced or secured a concrete benefit, decision, protection, or remedy. It is not credit-claiming.",
3271,Washington DC Nearly two years of negotiations culminated today with unanimous Senate passage of legislation to provide regulatory improvements in the financial services industry The measure authored by Idaho Senator Mike Crapo brings regulations up to date and in line with current technology and practices S 2856 The Financial Services Regulatory Relief Act of 2006 is a bipartisan bill that was unanimously approved by the Senate Banking Committee earlier this month Crapo a member of the Committee has been the Senate leader in prompting reforms in the financial services industry that will ultimately improve customer services In heralding the passage Crapo said This bill is a balanced approach that carefully guards the safety and soundness of the financial services system protects the interests of consumers and reduces the burden of compliance with a host of laws that add unnecessary costs to the delivery of financial services to the American public The regulatory burdens imposed on the financial services industry have grown over time Some of these requirements have become obsolete or unnecessary This legislation will lessen the regulatory burden so banks thrifts and credit unions can better serve their customers and communities Over the last two years Crapo has led the Senate Banking Committee has held three hearings with numerous witnesses to move from the general objective of creating reform to specific proposals that achieve this result Among the provisions included in the bill are 1 Regulation B Relief The Securities and Exchange Commission s SEC proposed Regulation B has sparked broad opposition from Members of Congress the Federal banking agencies and the banking industry If implemented in its current form Regulation B would force banks and thrifts to push out traditional banking activities such as custodial and trust services to securities affiliates or discontinue such services altogether The Financial Services Regulatory Relief Act of 2006 directs the SEC to consult with and seek the concurrence of the federal banking agencies in implementing the exceptions to the definition of broker under Section 201 of the Gramm Leach Bliley Act GLBA In addition it specifies that no rules previously issued by the SEC on this subject including Regulation B shall have any force or effect If any Federal banking agency objects to the SEC s final rule it may seek review of the rule in the D C Circuit Court with deference granted to neither the SEC nor the Federal banking agency 2 Development of Simplified Model Privacy Forms This section directs regulatory agencies to develop a model privacy notice to satisfy the requirements of GLBA that is succinct comprehensible and enables consumers to compare privacy practices among financial institutions A financial institution that elects to provide the model form developed by the agencies would be deemed in compliance with the disclosures required under Section 503 of GLBA 3 Collateral Modernization This provision allows the Treasury Department to determine the types of securities that may be pledged in lieu of surety bonds and requires that the securities by valued at current market rates This improved regulatory flexibility will allow banks to offer their customers options to meet pledging requirements reduce administrative costs and free up capital for more efficient uses such as lending investments or dividends to shareholders In addition to these items the bill also contains items that provide relief for community banks and credit unions For community banks these items include provisions that direct the Federal banking agencies to review the call report every five years to delete items that are no longer relevant increase asset size eligibility for an 18 month exam cycle for well rated well capitalized banks from 250 million to 500 million increase the exemption from the management interlocks restriction from 20 million in assets to 50 million and eliminate duplicative oversight and disparate treatment of savings associations under the federal securities laws by providing the same exemptions for savings associations that are currently available to banks with respect to investment adviser and broker dealer activities For credit unions the bill includes provisions that allow credit unions to negotiate for nominal land rents on military installations increase the current 12 year maturity loan limit for credit unions to 15 years allow credit unions to provide basic check cashing and wire transfer services to anyone in their field of membership and update the definition of net worth so merging credit unions would not be penalized as a result of a pending accounting rule change The measure now goes to the House of Representatives for its concurrence or modification To view the Regulatory Relief Proposals click here To link to the Treasury Department s statement on this bill go to http www treasury gov press releases js4291 htm To directly link to this news release please use the following address FOR INTERESTED MEDIA A radio actuality is available by calling 1 800 545 1267 Press 327 at any time during or after the greeting and instructions You can also access the actuality through the Internet at http src senate gov radio,1,"[""1"", ""2"", ""5""]","The text reports unanimous Senate passage of S. 2856, authored by Senator Crapo, and presents him as the Senate leader prompting reforms. It connects the named law to the senator as author and describes passage as an achievement, satisfying rules 1, 2, and 5.",
1320,"SEN. HUTCHISON SECURES DROUGHT, WILDFIRE RELIEF FOR TEXAS Sen. Kay Bailey Hutchison (R-TX), a member of the Senate Appropriations Committee, today announced that Congress has passed the conference report on an emergency appropriations bill which contains $3 billion dollars for drought and wildfire disaster relief across Texas and the nation. The bill will now go to the president to be signed into law. ""Texas farmers, ranchers and property owners need this disaster relief and I am pleased to help secure this funding that was passed by a bipartisan majority,"" Sen. Hutchison said. ""Texans suffered great losses over the last two years due to drought and wildfires and this funding will help them recover. The drought losses in 2005 were the second highest in Texas' history. Nationwide, losses in excess of crop insurance indemnities for 2005, 2006 and thus far in 2007 are in the billions of dollars. In 2005, over 80 percent of all U.S. counties were designated primary or contiguous disaster areas.",1,"[""1"", ""2""]","The release announces that Congress passed a conference report containing $3 billion for drought and wildfire disaster relief and quotes Hutchison saying she was pleased to help secure this funding. This presents her as personally responsible for securing a concrete funding outcome included in passed legislation, satisfying rules 1 and 2.",
4207,"SEN. CORNYN ASKS HOMELAND SECURITY CHIEF TO CONSIDER PROPOSED VALLEY LEVEE PLANS U.S. Sen. John Cornyn, R-Texas, today sent a letter to U.S. Department of Homeland Security (DHS) Secretary Michael Chertoff, requesting that he give due consideration to a proposal to incorporate the levees of the International Boundary and Water Commission (IBWC) as DHS moves forward with border fencing plans under the Secure Fence Act. The IBWC proposal was one of many topics addressed at a recent roundtable meeting hosted by Sen. Cornyn in Pharr, which brought together local mayors, county officials, Border Patrol agents, and representatives from FEMA, IBWC, DHS, and the U.S. Army Corps of Engineers, to discuss FEMA's Levee Certification process as it applies to the IBWC levees. ""As the debate continues on immigration reform and border security, and as federal resources are invested accordingly, I want to ensure the concerns and ideas of local residents in the Rio Grande Valley are being heard and addressed. The region plays a pivotal role in our nation's security, and the men and women who live and work along our border with Mexico know firsthand the unique challenges faced along that part of our border,"" Sen. Cornyn said. Sen. Cornyn added, ""I am a firm believer that the best ideas are often generated on the local level, by individuals in the community who come together proactively and creatively to tackle local challenges. Such is the case in the Rio Grande Valley, where local leaders, Border Patrol, IBWC, FEMA, and community members have worked together to develop mutually beneficial solutions to address the various federal missions in the area, including boosting border security, and improving flood control for the region. ""I'm hopeful Secretary Chertoff will give careful consideration to their valuable perspective, and visit the Valley soon to evaluate firsthand the merits of the IBWC proposal."" Sen. Cornyn has made several efforts on behalf of the impacted South Texas counties to see that federal funding is increased to make critical repairs and improvements to the IBWC levees. Sen. Cornyn added an amendment to the Department of State and Foreign Operations Appropriations bill that required the IBWC, in coordination with Homeland Security and the Corps of Engineers, to report to Congress on the importance of the levees to U.S. Border Patrol, so Congress is aware of the multiple purposes the levees serve. Sen. Cornyn also sent a letter to the Senate Appropriations Committee requesting the IBWC levees receive the maximum amount of appropriations in the final bill. -Below is the full text of Sen. Cornyn's letter- Dear Secretary Chertoff: As you may recall, on October 10th I hosted a meeting in Pharr, Texas regarding the International Boundary and Water Commission (IBWC) flood control levees and I wanted to provide you with an update. The meeting was helpful and productive, especially with the involvement of Department of Homeland Security (DHS) officials Ron Vietello, Rio Grande Valley Sector Chief for U.S. Customs and Border Protection; William Peterson, Administrator for FEMA Region VI; and your counselor, Katie Wheelbarger. Federal involvement in issues affecting the Rio Grande Valley is critical, especially when we address such national priorities as securing the border, assessing the risk of catastrophic flooding in border communities, maintaining critical flood control infrastructure, and protecting valuable natural habitats. While DHS devotes attention and Federal resources to the Rio Grande Valley region, I also would like to ensure that local communities potentially adversely affected by flood control projects have an opportunity not only to actively engage in discussions, but also to have input in decisions affecting their communities. The input and cooperation of the local officials and citizens of the Lower Rio Grande Valley will be critical to the success of the various federal missions in the area. It is also worthwhile to identify solutions that can be mutually-beneficial for both federal and local missions and interests. One significant idea discussed during the meeting in Pharr was the IBWC proposal to incorporate border security fencing with the flood control levees that run along the Rio Grande River. The IBWC proposal presents good alternatives for border security fencing which can be a ""win-win"" for both DHS and the Rio Grande Valley. As DHS fulfills its obligations under the Secure Fence Act, I strongly encourage you to fully examine the IBWC alternative proposal and assess its merits, technical feasibility, operational advantages, and cost-effectiveness. I believe it offers an opportunity to meet multiple goals in one effort. Thank you for your continued assistance and consideration. I look forward to the opportunity to host your next visit to the Rio Grande Valley. Sincerely, JOHN CORNYN United States Senator cc: R. David Paulison, Administrator, Federal Emergency Management Agency W. Ralph Basham, Commissioner, Customs and Border Protection Carlos Marin, Commissioner, International and Boundary Water Commission Major General Don T. Riley, Director of Civil Works, U.S. Army Corps of Engineers Sen. Cornyn serves on the Armed Services, Judiciary and Budget Committees. In addition, he is Vice Chairman of the Senate Select Committee on Ethics. He serves as the top Republican on the Judiciary Committee's Immigration, Border Security and Refugees subcommittee and the Armed Services Committee's Airland subcommittee.",0,[],"The release describes Cornyn sending a letter to DHS, hosting a roundtable, and urging consideration of a proposal. It also mentions past efforts and an added amendment requiring a report, but it does not claim a concrete secured benefit or successful outcome resulting from those efforts. The text mostly describes meetings, advocacy, and oversight without a claimed result. Therefore it is not credit-claiming.",
2869,"SEN. JEFFORDS ISSUES STATEMENT ON SENS. KERRY, LEVIN AMENDMENTS ON IRAQ Statement of Sen. Jim Jeffords, I-Vt., on Voting in Support of Kerry, Levin Amendments on Iraq: ""I voted in support of the Sens. Kerry and Levin amendments today because our nation needs a plan to begin drawing down our troops in Iraq and bringing them home. We should not be asking our troops to stay in harm's way one day longer than is necessary. This Administration has lacked an exit strategy from the first day we went to war, and as a result, we have paid a tragic price. We have 'stayed the course' for far too long. It takes political courage to change course, and it is time Congress showed such courage. Our troops deserve nothing less.""",0,[],"The senator explains why he voted for amendments and expresses policy positions on Iraq. The text does not claim that the amendments passed or that he secured a concrete outcome. It describes legislative activity and policy advocacy, not credit-claiming.",
4774,"Bayh Calls for Defense Bill Conferees to End Patriot Penalty Washington-- U.S. Senator Evan Bayh, joined by Senators Richard Durbin (D-IL) and Mary Landrieu (D-LA), today sent letters to the leaders of the Senate Armed Services Committee and all senators who will be involved in negotiating the final version of the Defense Authorization bill urging them to retain his legislation eliminating the Patriot Penalty. Last month, the Senate unanimously approved an amendment offered by Senators Bayh and Richard Durbin (D-IL) that would help end the Patriot Penalty, a pay cut many National Guard and Reserve members face when they are called to active duty and lose their civilian salaries. The legislation must remain in the conference version that goes before the President's desk for signature in order to become law. ""This provision will provide crucial assistance to the members of the National Guard and Reserve whose families are struggling to keep up with mortgage, car, child care and education payments,"" Senator Bayh said. ""Its inclusion in the final conference report is essential to continuing the war on terrorism, to preserving the strength of our armed forces, and to maintaining our moral obligation to those who defend our nation."" In a letter, Bayh, Durbin and Landrieu urge the Chairman and Ranking Member of the Senate Armed Services Committee to work with their counterparts in the House to keep the Patriot Penalty legislation in the final version of the conference report, which combines the House and Senate versions of the same bill. Bayh wrote the letter to demonstrate the existing support for his legislation as the Senate prepares to finish work on the Defense Authorization bill this month. A similar letter is circulating in the House authored by Congressman Tom Lantos (D-CA). The amendment offered by Senators Bayh and Durbin would provide reservists with a direct payment to make up for the difference between their civilian salary and their military salary. Reservists who have been called up to active duty for more than six months and have suffered a cut in pay of at least $50 per month qualify for assistance. The amendment would provide up to $3,000 per month to eliminate the Patriot Penalty. According to a recent Department of Defense study, more than 50 percent of all Reservists reported a loss in income when they were called up for active duty. The average income loss for Reservists on active duty equals $4,416 per year. At the same time, recruitment rates for the year are currently 24 percent below normal for the Army National Guard and 20 percent below normal for the Army Reserve.",1,"[""2"", ""5""]",The release states that the Senate unanimously approved an amendment offered by Bayh and Durbin to eliminate the Patriot Penalty. This presents a legislative accomplishment achieved by the senator: an amendment adopted by the Senate. It also connects a named provision to Bayh as its author/sponsor. Therefore Rules 2 and 5 apply. The remaining effort to retain the provision in conference does not negate the claimed success already achieved.,
4122,11 14 2007 Coleman Levin Investigate Medicaid Doctors Owing Over 1 Billion in Back Taxes Senator Carl Levin News Release FOR IMMEDIATE RELEASENovember 14 2007 Contact Press OfficePhone 202 228 3685 Coleman Levin Investigate Medicaid Doctors Owing Over 1 Billion in Back Taxes GAO finds that up to 160 million could have been recouped in 2006 alone if payments to Medicaid practitioners were levied Continuing their efforts to root out waste fraud and abuse of taxpayers dollars Senator Norm Coleman R MN Ranking Member of the Permanent Subcommittee on Investigations PSI and Subcommittee Chairman Carl Levin D MI will be holding a hearing today at 3 30 p m est entitled Medicaid Providers That Cheat on Their Taxes and What Should Be Done About It The hearing will present evidence that roughly 30 000 physicians and health care service providers that receive billions of Medicaid dollars every year owe back taxes of more than 1 billion The study conducted by the Government Accountability Office GAO at the request of the Subcommittee was limited to seven states that make up only 43 percent of Medicaid expenditures As a result the actual total is much larger potentially as high as 60 000 providers owing 2 billion in back taxes GAO estimated that if the payments to Medicaid providers in just those seven states had been levied the federal government could have recovered up to 160 million in one year alone These doctors are supposed to be serving the most needy instead they are cheating taxpayers in order to line their pockets said Coleman These are not your everyday tax cheats These are health care providers that receive billions from Medicaid every year but at the same time refuse to pay their fair share of taxes Not only are they cheating American taxpayers they are abusing their employees Rather than following the law many of these Medicaid providers diverted their employees payroll taxes to buy luxury cars boats and multi million dollar properties The vast majority of physicians and companies who participate in the Medicaid program are true public servants who deserve our admiration and gratitude But a small portion of Medicaid medical providers are public delinquents who are not paying their taxes said Levin It is long past time to tell the Medicaid tax dodgers that it is not okay for them to shortchange the very taxpayers who are supplying their payment to them and force honest American citizens to shoulder the taxes they are shirking The Centers for Medicare Medicaid Services CMS is the organization that manages the Medicare and Medicaid programs on behalf of the federal government Of the 324 billion paid by Medicaid last year 185 billion roughly 57 came from the federal government The federal share of a Medicaid claim is between 50 and 83 depending on the state s per capita personal income relative to the national average For more than ten years the IRS had failed to determine whether Medicaid payments were covered under the Federal Payment Levy Program Recently the IRS has issued an informal decision stating that Medicaid payments do not constitute federal payments because payments are sent to the states which in turn pay the Medicaid providers The key question that looms over this problem is whether the federal government can levy the payments that these Medicaid practitioners receive under the Federal Payment Levy Program If the IRS s informal decision holds we need to find a way a viable way of recouping taxpayer dollars There are complex legal and technical hurdles to we need to overcome to find an answer to this problem but we have had great success in the past At today s hearing I intend ask CMS IRS and FMS to find a solution that takes taxpayer dollars out of the pockets of tax cheats Coleman added I will ask the relevant government agencies to work with the subcommittee and commit to solving this problem The federal tax levy program is designed to make sure that folks who get paid with taxpayer dollars get a portion of those dollars withheld if they have outstanding tax debt But federal tax levies don t now apply to Medicare medical providers who get paid with a mix of state and federal dollars said Levin We need to figure out how to enlist the tax levy program to stop those Medicaid medical providers from putting taxpayer dollars into one pocket while stiffing Uncle Sam by dodging their taxes Medicaid the government health care program for the poorest Americans covers roughly 55 million people of which 27 million are children 14 million are adults in families with children 8 million are people with disabilities and 6 million are aged 65 and over This is the fifth hearing to result from the Subcommittee s three year investigation into contractors that provide goods or services to the federal government but fail to pay their fair share of taxes A 2004 hearing determined that 27 000 contractors with the Department of Defense had tax debts totaling roughly 3 billion Due to the Subcommittee s oversight collections from delinquent Defense contractors skyrocketed by 4 415 from a mere 680 000 in 2003 to 31 million in 2006 alone The Subcommittee has achieved similar success across the entire federal government Over the course of the Subcommittee s investigation levies on payments to deadbeat federal contractors have jumped 746 raking in an additional 122 million in back taxes The following witnesses will be testifying before the Subcommittee MR GREGORY D KUTZ Managing Director Forensic Audits and Special Investigations Unit U S Government Accountability Office MS LINDA E STIFF Acting Commissioner Internal Revenue Service U S Department of the Treasury THE HONORABLE KENNETH R PAPAJ Commissioner Financial Management Service U S Department of the Treasury MR DENNIS G SMITH Director Center for Medicaid State Operations Centers for Medicare Medicaid Services U S Department of Health and Human Services,1,"[""4""]","The release announces a hearing and describes ongoing oversight, but it also explicitly claims concrete results from the subcommittee's oversight: 'Due to the Subcommittee's oversight collections from delinquent Defense contractors skyrocketed by 4,415...' and 'Over the course of the Subcommittee's investigation levies... have jumped 746, raking in an additional $122 million in back taxes.' These statements present the senators' committee work as having produced or secured concrete recoveries of taxpayer funds, satisfying Rule 4. The hearing itself is not enough, but the claimed resulting collections make this credit-claiming.",
1749,"SEN. HUTCHISON COSPONSORS BILL TO ENHANCE VETERANS BENEFITS Sen. Kay Bailey Hutchison (R-TX), Ranking Member on the Military Construction and Veterans Affairs Appropriations Subcommittee, today signed on as an original cosponsor of the Veterans Housing Benefits Enhancement Act of 2007. The legislation, introduced by Sen. John Cornyn (R-TX), improves assistance for service members and their families. ""This legislation will help us meet the special needs of many of our injured service members and their families during their treatment and recovery,"" Sen. Hutchison said. ""I am encouraged by bipartisan support for this bill and will work with my colleagues to pass this measure to strengthen assistance for those who have served and sacrificed."" The bill would provide assistance for housing and automobile grants to burn victims and enhance grant assistance for Department of Defense service members as they make the transition to the VA system. It allows active duty service members transitioning to the VA eligibility for a partial temporary housing grant while residing with family members and requires the VA to report on the possible need for a permanent grant. Introduced today, the legislation also strengthens grants to burn victims and requires the VA to report on the need for potential changes in grant assistance for other specialized injuries such as Traumatic Brain Injury.",0,[],"The text states that Hutchison signed on as an original cosponsor of a bill and expresses support for it. It describes the legislation and future intentions, but it does not claim that the bill passed, was included in a larger bill, or otherwise achieved a concrete outcome. Mere cosponsorship or legislative activity without a secured result is not credit-claiming.",
4022,FOR IMMEDIATE RELEASE 2229 A bill to provide quality affordable health care for all Americans to the Committee on Finance Mr KENNEDY Mr President in this century of the life sciences medical miracles have the potential to improve the health and extend the lives of millions of Americans and millions more across the world But for too many of our citizens quality affordable health care is a distant dream and the promise of the century of the life sciences rings hollow Forty six million Americans have no health insurance Under the current Administration the number has climbed every year of this Administration from 40 million in 2000 to 46 million today Thats equivalent to the population of 24 States and the District of Columbiacombined Thats 46 million Americans who wonder whether a cough or fever will turn into a serious illness that brings financial ruin and 46 million Americans who have to make the impossible choice between paying for a visit to the doctor or paying the rent to keep a roof over their heads Even these figures understate the problem Over a two year period 82 million Americans one out of every three Americans under 65 will be uninsured for a period of at least two months The burden of lack of health insurance falls most heavily on minority populations Less than 13 percent of white Americans are uninsured but over 20 percent of African Americans lack health insurance For Hispanic Americans the figure is even more appallingover a third of Hispanic Americans lack coverage Over 80 percent of the uninsured are members of working families They work 40 hours a week fifty two weeks a yearbut all their hard work cant buy them the health insurance they need to protect themselves and their familiesbecause they cant afford it and their employers dont provide it In any given year one third of the uninsured go without needed medical care Eight million uninsured Americans fail to take the drugs their doctors prescribebecause they cant afford to fill the prescription 270 000 children suffering from asthma never see a doctor 27 000 uninsured women are diagnosed with breast cancer each year They are twice as likely as insured women not to receive medical treatment until their cancer has spread As a result they are 50 percent more likely to die of the disease The list of grim examples goes on and on Some argue that despite the lack of health care coverage the uninsured get the care they need But thats a myth The facts prove otherwise Thirty five percent of the uninsuredover 15 million Americansskip recommended treatment because of cost Over a third of the uninsured need care but do not get it and nearly half postpone care because of its cost Millions of Americans are at risk of ignoring serious illnesses because they cant afford to see a doctor for a needed test Whether the disease is AIDS or mental illness or cancer or heart disease or diabetes the uninsured are left out and left behind In hospital and out young or old black or white they receive less care suffer more and are 25 percent more likely to die than those who are insured But the large and growing number of the uninsured is only part of the health care crisis Costs are rising out of control making health care coverage less affordable for businesses and individuals and undercutting American industry in the global marketplace There is no doubt that America has the finest health care professionals the best hospitals and the most creative medical researchers in the world But having the best components is no guarantee of success for the health care system as a whole In the amount of money spent on health care per person America is first in the world by a large margin By that standard we spend 49 percent more than the Swiss 88 percent more than the Germans 150 percent more than the British and 160 more than the Japanese Despite this enormons expenditure Americas health care system fails all too often to deliver quality health care Among the worlds leading industrialized countries the United States ranks only 22nd in average life expectancy and 25th in infant mortality The most significant difference between the American health care system and those of our economic competitors is that these other nations regard health as a right not a privilege They make certain that their citizens have access to good health care By establishing a national system of care they have been able to hold down costs and keep quality high In the United States we have refused to commit to quality health care for all Americans As a result those who can afford the best care receive it but millions of other Americans are left by the wayside Because of our fractured system of care Americas health care system is the most economically inefficient in the industrial world The administrative costs alone of our system are nearly double those of Canada Reducing our administrative costs to the low level of the Canadian system would save about 250 billion every year The difference between the way health care is financed in Canada and the U S saves the Canadian auto industry 4 00 an hour in worker compensation compared to the U S The Canadian branches of the big three automakers have released a joint letter with the Canadian Auto Workers Union stating that the Canadian system is a strategic advantage for Canada and has been an important ingredient in the success of Canadas most important export industry Wise investments have helped contain health care costs here at home too Since 1996 costs per patient in the Veterans medical system have actually decreased 7 percent while private sector costs per patient have increased by 62 percent The VA system did not achieve these savings by stinting on patient care or denying needed services The VA has been widely praised for improving its quality of care through investments in information technology and a strong commitment to quality for all Page S372 As a result of Americas failure to focus on comprehensive care and cost reduction costs are soaring out of control Health care premiums have gone up over 70 percent in the last five yearsover 5 times the overall rate of inflation in the economy More and more small businesses cant afford to offer health care to their employees Health care costs mean that working Americans who have health coverage through their job are increasingly worried that their employer will eliminate the coverage on which they rely Those who obtain coverage on the individual market must often pay huge premiums and accept large gaps in their coverage if they have any history of illness no matter how slight Many cannot obtain coverage at any price Even those who have health insurance have little security Millions of Americans have seen health care costs eat away their savings and cut into their paychecks more and more every year Since the year 2000 the average cost of a family health insurance policy has increased by over 4 500 so that it now costs the average family nearly 11 000 for a health care policy Family earnings have not kept pace According to the Kaiser Family Foundation health insurance premiums climbed by 73 percent over the last five yearsbut earnings increased only 15 percent The costs keep climbing higher and higher Almost one in five working families have seen their premiums go up over 15 percentand one in ten have faced increases over 20 percent These out of control costs are devastating for both individuals and businesses Working families often face the agonizing choice between paying for health insurance and paying rent or buying groceries Or they compromise by buying a meager insurance policy that provides little refuge when big danger strikes Its no wonder that unpaid medical bills cause nearly half the bankruptcies in America Its no wonder that practically every business leader in America cites rising health care costs as a top concern When General Motors has to spend more on health care than it does on steel its time for a change When ten percent of the total cost of a ton of steel manufactured in the United States is consumed by retiree health benefits alone its time for a change When Starbucks spends more on health care than it does on coffee its time for a change In world markets American businesses have to compete with foreign firms whose health costs are heavily subsidized by the government American workers are the best in the world but we give other nations an unfair advantage because we refuse to enact long overdue policies to reduce health costs and ease the heavy burden of health care for American employees To say that this Administration and its Republican allies in Congress have stood idly by as this crisis has worsened would be untrue To say they have taken no action as 3 000 more Americans have become uninsured during every single day of the Bush Administration would be inaccurate They have taken actionby making the health care crisis worse Tomorrow the House of Representatives will vote on a budget bill that will make the health care crisis worse for the 50 million Americans for whom Medicaid is literally the difference between life or death The Republican bill makes them pay more and more for the health care on which their lives depend I urge the House to reject these distorted priorities Currently communities across the nation are struggling to cope with the disaster caused by the Republican Medicare drug plan Millions of seniors have faced a baffling array of choices instead of the certainty of Medicare in getting the medications they need Millions of persons with disabilities or those facing the challenge of HIV AIDS or living with mental illnesses have been denied the prescriptions they require or have been told to pay exorbitant fees by the insurance companies that Republicans put in charge of the drug benefit Try telling those who have been denied their medicines that they are in charge of their health care Tonight the President will try to make the American people believe that the solution to rising health costs is to shift more and more of those costs to patients or to deny care to those in need Thats the wrong prescription for health care The Presidents proposal will let the wealthiest Americans rack up billions of dollars in tax giveaways while shifting the costs of health care to working families and those least able to pay Our people deserve true health care reformnot gimmicks and giveaways that worsen the crisis They deserve a guarantee that when they get sick theyll be able to obtain decent health care at a price they can afford Medicare has meant quality health care for millions of senior citizens for forty years The time has come to make Medicare available to every American who wants to enroll in it Its the best way to bring the enormous promise of this new century of the life sciences to every American Americas failure to guarantee the basic right to health care for all its citizens was one of the great public policy failures of the 20th century and we must not allow that failure to continue in this new century There is a better way Our goal should be an America where no citizen of any age fears the cost of health care and no employer stops creating jobs because of the high cost of providing health insurance We should build on the tried and true and trusted model of Medicare Administrative costs are low patient satisfaction is high and patients have the right to choose any doctor and hospital they think is bestnot the one an insurance company thinks is best for them Today I am introducing legislation to extend Medicare to all Americans from birth to the end of life Those who prefer private insurance can choose any of the plans offered to members of Congress and the President I call this approach Medicare for All because it will free all Americans from the fear of medical expenses and enable them to seek the best possible care when illness strikes Nothing is more cynical than a Member of Congress who gives a speech denouncing health care for all then goes off to see his doctor for a visit paid for by the Federal Employees Health Benefit Plan To ease the transition Medicare for All will be phased in by age group starting with those 55 65 years old and children up to the age of 20 The plan contains a number of provisions to reduce costs and improve quality including more effective use of health information technology It also puts new emphasis on preventive care because preventing illness before it occurs is always better and less expensive than treating patients after they become ill My proposal will be entirely voluntary Any American who wishes to stay in their current employer sponsored plan can do so and employers can tailor their health plans to provide additional services to their employees that wrap around Medicare coverage As we implement this reform financing must be a shared responsibility All will benefit and all should contribute Payroll taxes should be part of the financing but so should general revenues to make the financing as progressive as possible We can offset a large part of the expense by a single giant stepbringing health care into the modem age of information technology By moving to electronic medical records for all Americans when they go to the hospital or their doctor we can save hundreds of billions of dollars a year in administrative costs while improving the quality of care Equally important we should pay for health care based on value and results not just the number of procedures performed or days in a hospital bed We all know that Medicare is one of the most successful social programs ever enacted It makes no sense to make it available only to senior citizens I have no doubt that if we were enacting Medicare today we would not limit its benefits to seniors The need for good health coverage is as urgent today for all Americans as it was for senior citizens 40 years ago when Medicare was first enacted The battle to achieve Medicare for All will not be easy Powerful interests will strongly oppose it because they profit immensely from the status quo But no battle worth fighting is easyand the struggle to fulfill the promise of this century of the life sciences for all our citizens is as worthy as any in American history Page S373 I urge my colleagues to make good on the promise of America and see that all our citizens receive the quality health care that should be their birthright I urge the Senate to support Medicare for All,0,[],"This is a long policy statement introducing legislation for Medicare for All and criticizing the existing health-care system and administration. It announces future legislative intentions and argues for a policy proposal, but it does not claim that the senator passed, secured, or achieved a concrete benefit or policy outcome. Therefore it is not credit-claiming.",
4508,"SEN. LOTT: NAVY HOSPITAL SHIP ?COMFORT' TO ARRIVE ON MISSISSIPPI COAST THIS WEEK Sen. Trent Lott of Mississippi Tuesday said he has been notified by the Federal Emergency Management Agency (FEMA) that some 300 travel trailers and 100 mobile homes now staged in Selma, Alabama, are being moved to South Mississippi for Hurricane Katrina victims who have lost their homes. Lott said he has been advised that FEMA plans to start processing applicants for the temporary homes as early as Wednesday, September 7. The announcement follows the Senator's Monday appeal to President Bush to authorize the immediate transport of available trailers staged outside the Katrina disaster area. ""Mississippians who have been without roofs over their heads for more than a week are grateful to the President, the Mississippi Emergency Management Agency (MEMA) and FEMA that this first installment of shelter is on the way, and we're hopeful that a much larger wave will be close behind,"" Lott said. Contact: Lee Youngblood, 601/965-5569.",1,"[""4""]","The release announces that trailers and mobile homes are being moved to Mississippi for Katrina victims and directly connects this action to Lott's appeal to President Bush: 'The announcement follows the Senator's Monday appeal to President Bush...' This strongly implies that Lott's intervention produced a concrete benefit for constituents, satisfying Rule 4.",
4184,"SEN. KYL-SPONSORED AMENDMENT WOULD ADD 2000 NEW BORDER PATROL AGENTS Sen. Jon Kyl today co-sponsored legislation that calls for 2,000 additional front-line border patrol positions, bringing the total of new agents closer to the number required by the intelligence reform bill passed by Congress in December and signed into law by President Bush. ""The porosity of the nation's borders is an ongoing national scandal and a very real threat to America safety and security"" Kyl said. ""Arizona and other border states are at the front line of the problem are in dire need of more agents to protect the nation from illegal immigration, drug smuggling and terrorist infiltration."" Last year's intelligence reform bill provided for 2,000 new agents to be added every year for five years, for a total of 10,000 new positions. The Kyl amendment to the Senate Budget Resolution calls for $352 million for this year's allotment, funded by a transfer from other accounts in the budget and thus requiring no increase in non-discretionary spending. ""We now have evidence that terrorists are seeking to enter the country via our southern border,"" Kyl said. ""Security there is a federal problem that requires a federal solution. ""The time to beef up our defenses is now, not after another 9/11."" The amendment is co-sponsored by senators John McCain (R-AZ), Kay Bailey Hutchison (R-TX), John Cornyn (R-TX), John Ensign (R-NV) and Dianne Feinstein (D-CA). Contact: Scot Montrey, 202/224-2206; Andrew Wilder, 202/224-7705.",0,[],"The text says Kyl co-sponsored legislation and offered an amendment to add border patrol agents, and it advocates for the amendment. It does not state that the amendment passed, was adopted, or otherwise secured a concrete outcome. It describes legislative activity and future policy goals, not credit-claiming.",
1257,"PARMA RECEIVES FIREFIGHTING GRANT THROUGH SEN. DEWINE'S BILL Sen. Mike DeWine (R-OH) today announced that the Parma Fire Department will receive $105,550 as part of his Firefighter Investment and Response Enhancement (FIRE) Act, which provides competitive grants to local fire departments to help them better serve and protect residents and their property. Senator DeWine wrote and passed the FIRE Act (S. 1941) in 2000, establishing a grant program dedicated to providing federal assistance to local fire departments. Senator DeWine's legislation increased the federal commitment to firefighting and emergency response services. During the fiscal year 2004 appropriations process, Senator DeWine, a member of the Appropriations Committee, helped secure approximately $650 million for the FIRE Act. In the same year, Senator DeWine passed an updated version of the bill that improves the FIRE Act by adding a provision guaranteeing for the first time that federal funding for Emergency Medical Services (EMS) and extends the entire program through 2010. Since 2001, Fire Departments in Ohio have received more than $65 million in grants to assist in firefighting or fire prevention programs. ""Parma families and the Parma Fire Department will benefit from this grant,"" said Senator DeWine. ""Firefighters and rescue workers are on the front line protecting our families, homes, and businesses from the devastating effects of fire, and we need make sure they have the proper equipment and training. By working to pass and fund the FIRE Act, we have ensured that fire departments in Ohio and elsewhere will have the resources to meet future service demands."" The funds were awarded to the Parma Fire Department for operations and firefighter safety. Fire departments can use the grant to fund firefighter health and safety programs, acquire new firefighting equipment, enhance EMS programs, and conduct fire prevention and safety programs. The Office of Domestic Preparedness (ODP) through the Department of Homeland Security awards the grants through a competitive need-based process. More than 20,400 fire departments nationwide applied for grants in 2004, and ODP expects to award more than 8,000 grants. Since 2001, more than 780 separate grants have been awarded to Ohio fire departments. The U.S. Fire Administration processes the applications and 300 fire service representatives from across the United States review the grant requests. Overall, fire is responsible for killing more Americans than all natural disasters combined. Nearly 2 million fires are reported every year. On average, 3,650 children age 14 and younger are killed or injured in a fire a year. Approximately 40 percent of these those hurt or killed are younger than five years old.",1,"[""1"", ""2"", ""5""]","The release announces a specific $105,550 grant to the Parma Fire Department and explicitly links that benefit to DeWine's legislation. It states that DeWine 'wrote and passed the FIRE Act,' 'helped secure approximately $650 million for the FIRE Act,' and 'passed an updated version of the bill.' This presents him as personally responsible for producing a concrete benefit and for a legislative accomplishment, satisfying Rules 1, 2, and 5.",
805,United States Senator Richard Shelby Press Room Press Room News Releases Shelby Announces 3 510 for Homewood Fire Department November 26 2007 Washington D C U S Senator Richard Shelby R Ala a member of the Senate Appropriations Committee today announced that the Department of Homeland Security will release 3 510 to the Homewood Fire Department in Jefferson County The funding is provided through the Assistance to Firefighters Grants Program Firefighters are a key component of our nations first response efforts and they must have the resources necessary to keep our communities safe said Shelby These funds will help the Homewood Fire Department fund its operations and safety programs This funding will assist in our continued efforts to adequately prepare for any event should one occur The Department of Homeland Securitys Federal Emergency Management Agency awarded these funds as a part of the Assistance to Firefighters Grant Program This program will distribute 490 million in direct federal assistance to fire departments and nonaffiliated emergency medical service organizations nationwide this year November 2007 News Releases Year County Current record Washington Email Email Email Email Email Email,1,"[""1""]","The release announces that DHS will release $3,510 to the Homewood Fire Department and attributes the announcement to Shelby. It presents him as announcing a concrete funding benefit for a local institution. Although the program is competitive and the release does not detail how Shelby secured it, the announcement of a specific grant through the senator satisfies Rule 1 by presenting him as responsible for delivering the benefit.",
1325,"SEN. DOLE EXPRESSES CONCERN OVER JUDICIAL NOMINEES Sen. Elizabeth Dole today delivered a statement on the floor of the Senate expressing concern over the current judicial nominations process. Madame President, today I want to express my concern over the judicial nominations process. It is clear that this process has completely broken down. Unfortunately, the rhetoric surrounding this important issue has become increasingly bitter over the past several weeks. Sharp words have been exchanged. The intentions of my fellow Republicans have been unfairly characterized. And my colleagues on the other side of the aisle have even gone so far as to threaten to shut down the government if the Senate were to exercise its constitutional right to set its own procedural rules. And that's nuclear. It's time to put aside the rhetoric for a moment and look at the facts: It is a fact that my Democratic colleagues have taken the unprecedented step of blocking not one, not two, but ten nominees of President Bush to the federal circuit courts of appeals. As a result, President Bush has the lowest appeals court confirmation rate for any first-term President since Franklin Roosevelt. It is a fact that each of these filibustered nominees has the support of a majority of Senators, and each has received a rating of ""qualified"" or ""well qualified"" by the American Bar Association. It is a fact that today - for the first time in our nation's history - a President's nominees to the federal bench are being required to receive a 60-vote supermajority, rather than the traditional majority, the up or down vote, that has been the standard for 214 years. Now that's nuclear. And it is a fact that the ongoing filibuster of the President's nominees has prevented the Senate from fulfilling its constitutional duty to provide advice and consent to the appointment of men and women chosen to sit on our nation's highest courts. The former Minority Leader from South Dakota once lamented that he found ""it simply baffling that a Senator would vote against even voting on a judicial nomination."" I completely agree and note that every single one of President Clinton's judicial nominees who reached the Senate floor received an up-or-down vote. And contrary to what my friends across the aisle are so fond of saying, this includes the Paez and Berzon nominations to the 9th Circuit. By imposing a supermajority requirement for judicial nominees, the Democrats are disrupting the careful balance struck in the Constitution itself between Congress and the Executive Branch and allowing political considerations to play an even larger role in the confirmation process. They should heed the words of prominent Democrat legal adviser, Professor Michael Gerhardt, who in another context has written that a supermajority requirement for confirming judges would be ""problematic because it creates a presumption against confirmation, shifts the balance of power to the Senate, and enhances the power of special interests."" For the last several weeks, instead of engaging in the hard work of compromise, some of my colleagues on the other side of the aisle have chosen to travel down the political road. We have seen pro-filibuster press conferences, other political events, and even an obstruction rally with the extreme liberal group, MoveOn.org. Liberal special interest groups are now spending millions of dollars across the country on television ads in support of judicial filibusters. One cannot help but reach the conclusion that these organizations, having failed to defeat President Bush at the ballot box in November, are now trying to advance their own liberal agenda through the only avenue left open to them: the federal courts. The judicial filibuster is their way of establishing a liberal litmus test. If you are not a liberal activist, you cannot serve on a federal circuit court of appeals...or at least that's what the new standard appears to be. Until now, every judicial nominee with support from a majority of Senators was confirmed. The majority-vote standard was used consistently throughout the 18th, 19th, and 20th centuries - for every presidents' nominees, Republican and Democrat, even Whig, until George W. Bush's judicial nominations were subjected to a 60-vote standard. And, let me emphasize one additional point: My friends across the aisle are well aware that no Republican, not one, is seeking to eliminate the ability of Senators to filibuster on legislative matters. We all recognize that the legislative filibuster has served an important function in our system of checks and balances. It is ironic, though, that nine of my Senate colleagues who are now working so hard to block President Bush's judicial nominees once advocated the elimination of the legislative filibuster. So who's playing politics? In closing, I want to commend Majority Leader Frist for his patience in trying to bring both sides together to develop a reasonable compromise on this difficult issue. Certainly no other Majority Leader has been faced with such unprecedented tactics in blocking the Senate's ability to fulfill its constitutional duty to provide advice and consent. I know Senator Frist will continue to do what he feels is right for this body and for our country. If he decides that he is confronted with no other choice but to proceed with the constitutional option, I will fully support him. This approach is consistent with Senate precedent and has been employed in the past by some of the best parliamentary minds in this chamber. Let me repeat - our goal is to restore the practice, the tradition of 214 years: a simple majority vote for a President's nominees to the federal bench. Madame President, I yield the floor. Contact: Lindsay Taylor, 202/224-7905.",0,[],"The text is a floor statement criticizing the judicial nominations process and Democratic tactics, particularly the use of filibusters against President Bush's nominees. It expresses policy positions and political criticism but does not attribute a concrete outcome, such as passing legislation or securing funding, to Senator Dole. It is not a credit-claim.",
1897,Filter by MARTINEZ STATEMENT ON LATEST POMBO OCS LEGISLATION June 25 2006 WASHINGTON DC U S Senator Mel Martinez R FL today issued the following statement in regards to the pending House Resources Committee bill that contains language pertinent to oil and gas exploration off of Floridas coast I applaud Congressman Adam Putnams efforts to protect Floridas interests but I cannot support the Pombo bill in its current form My objection is based on the lack of an adequate buffer afforded to Florida Even at 100 miles the buffer is inadequate If the House bill is brought up in the Senate in its current form I would be inclined to join Senator Nelson in a filibuster of the measure The overall bill as it pertains to Florida and our nations energy needs is a step in the right direction If Congressman Putnam and other members of the Florida congressional delegation are able to extend the buffer to 125 miles and preserve a drilling moratorium through at least the year 2022 I would support that bill June 2006 News Releases Browse by Current record,0,[],The text is a statement from Senator Martinez regarding pending House Resources Committee legislation on oil and gas exploration. He expresses opposition to the current version of the bill and outlines conditions under which he would support it. This text expresses policy positions and future intentions rather than claiming responsibility for a concrete outcome or achievement.,
4295,"SEN. MURKOWSKI SEEKS CHANGE IN MEDICAID FORMULA Alaska Sen. Lisa Murkowski today introduced her second piece of legislation for the 109th Congress that seeks to retain an adjustment to Alaska's Federal Medical Assistance Percentage (FMAP), a federal Medicaid funding formula for Alaska that would take into account the cost of providing quality health care for the state's poor. The bill requires the government to permanently recognize Alaska's higher costs of medical care when dispensing federal Medicaid funds. ""In recent years the Denali Kid Care program, an expansion of Medicaid in Alaska, has been very successful in providing health services for Alaskan children. Unfortunately that could all change within the next year unless the State maintains the extra funding we have been blessed to win in recent years to offset the far higher cost of health care in Alaska, partially caused by Alaska's higher cost-of-living and reflected in Alaska's higher poverty level,"" said Murkowski. Murkowski noted that when the FMAP formula was developed in 1946 - 13 years before Alaska became a state - cost-of-living calculations were ignored. For that reason states with high costs for health care - like Alaska - were shortchanged in federal aid. Former Alaska Senator, now Governor, Frank Murkowski in 1997 and again in 2000 won temporary changes in the formula so it would, in effect, take Alaska's roughly 70 percent higher costs for providing health care into account. Senator Lisa Murkowski in 2003 proposed a permanent formula change and also another extension of extra state aid. In the absence of Congress tackling a revision of the overall Medicaid formula, she helped win a two-year change in the Economic Growth Reconciliation Act (the President's $350 billion tax cut package) that provided the state with an additional $34.11 million above the traditional Medicaid formula amount. That aid will expire at the end of FY 2005 without either another temporary extension or a permanent formula change. Senator Murkowski is moving to modify the Medicaid formula so the federal government will continue to pick up about 60 percent of the cost of providing health care for the poor in the state - Alaska being expected to pick up about 40 percent of the cost. The change has the effect of offsetting the far higher costs of health care in the state. Without the change Alaska will receive about $40 million less in federal Medicaid funding in FY 06 than it otherwise would. Murkowski said there is a strong case for the federal government paying more of the tab for health care in Alaska. The government already acknowledges that it costs more to provide services in the state, granting federal workers in Alaska a 25 percent Cost-Of-Living Adjustment (COLA). Estimates show that average health care costs are approximately 70 percent higher in Alaska than the average in the Lower 48 states. In urban areas alone health costs are about 50 percent more than what they are on the West Coast. Murkowski added that Alaska also potentially has to serve more clients than the Lower 48 because the federal government sets Alaska's poverty level 20 percent higher than the national average, increasing eligibility numbers for government-funded health care. Murkowski said she is reintroducing the legislation in hopes of winning a more permanent formula change that would allow Alaska to rationally plan for its future health care costs. ""Planning is the essence of good management and when it comes to health care we must allow states to plan for future needs. We need to cement this federal commitment to Alaskans so the state has the assurance that money vital for providing Medicaid health care will not just dry up and disappear,"" she said. The bill now heads to the Senate Finance Committee for its consideration. Contact: Elliott Bundy and Kristin Pugh, 202/224-4513, 202/224-9301.",0,[],"The text announces that Senator Murkowski introduced legislation to change the Medicaid formula. While it mentions past successes (e.g., 'helped win a two-year change'), the primary focus is on the introduction of the new bill and the rationale behind it. According to the codebook's definition and the negative example for Rule 2, introducing a bill is a legislative activity but not a completed or secured outcome. Therefore, this is not classified as credit-claiming.",
794,"BLUE SPRINGS, MO ????? U.S. Senator Kit Bond visited Blue Springs today to update members of the local Chamber of Commerce and other area officials on the latest news in Washington. 	?????When we get the intelligence right it not only serves to protect our citizens, it makes our men and women in uniform even more effective,????? said Bond. 	Bond stressed that the most serious challenge the United States faces is national security, which is why our war on terror must remain forward-thinking and fully-engaged across the globe. Unfortunately, the majority in the U.S. Senate supports an arbitrary deadline for withdrawal in Iraq that has no regard for conditions on the ground. Critical of tying this deadline to funding for the troops, Bond said it is irresponsible and sends the wrong message to our enemies that America?????s political will is wavering. 	As the Vice-Chairman of the Senate Intelligence Committee, Bond said that intelligence reform is central to our efforts on terror. The United States needs to improve the collection and analysis of threats, the sharing of intelligence, boost human intelligence capabilities and to stop politicizing intelligence. Congress also needs to do a better job of oversight over the intelligence community, which is why Congress needs to pass the annual intelligence reauthorization bill. 	Bond praised the strength of the economy and stressed that these gains are not by accident. The economy has flourished as a result of tax relief and sensible economic policies. Last year Congress extended the reduced capital gains and dividend rate, AMT relief and small business tax incentives. This legislation was an extension of the massive tax relief enacted in 2001 and 2003 that is now benefiting everyone who is married, has a child, or owns a small business. The bad news, Bond said, is that the new majority in Congress is proposing a budget that will increase taxes. 	Bond talked to the local officials and businesses about his efforts to promote Missouri overseas. Missouri is home to a strong agriculture economy, biotechnology companies, aerospace and transportation manufacturers ????? all of which have growing markets overseas. In February, Bond visited several Asian capitals where he met with political and business leaders to promote Missouri?????s interests overseas. 	As a senior member of the Appropriations Committee, Bond said that while he is now in the minority he wants to make sure our nation?????s appropriations bills provide Missouri and the nation with the resources needed for key programs. The Senator said that making sure Missouri?????s transportation infrastructure is up-to-date is important to jobs and economic development and the future of the state. The new federal highway bill, which Bond co-authored, is providing Missouri with much-needed resources, including $1 billion in new money ????? more than $4 billion in total funding. 	Transportation is about more than highways, emphasized Bond. Congress needs to pass the long over-due Water Resources Development Act (WRDA). WRDA will modernize the lock and dam system, which is critical to farmers and producers who depend on our waterways to get their goods to market. 	Bond also called for a comprehensive energy policy that relies more on renewable fuels like ethanol and biodiesel. Renewable fuels are cleaner than traditional fuels, safer for the environment, and will help decrease our nation?????s dependence on foreign imports.",1,"[""5""]","The text describes a visit where Senator Bond discussed various topics. It explicitly credits Bond with a legislative accomplishment, stating, 'The new federal highway bill, which Bond co-authored, is providing Missouri with much-needed resources, including $1 billion in new money.' This satisfies Rule 5 by connecting a named law (highway bill) to the senator as an author and describing it as providing concrete benefits.",
4677,"SEN. HUTCHISON ADDRESSES BASE REALIGNMENT AND CLOSURE, IMPACT OF INCREASED FORCE STRENGTH AT FORT HOOD Sen. Kay Bailey Hutchison (R-TX), Ranking Member of the Military Construction and Veterans Affairs Appropriations Subcommittee, today addressed Base Realignment and Closure (BRAC) funding and the impact of increased force strength at Fort Hood at the subcommittee hearing on the Fiscal Year (FY) 2008 Military Construction budget. Sen. Hutchison posed questions to and received assurances from Keith Eastin, Assistant Secretary of the Army for Installations and Environment, that BRAC implementation is currently on schedule. She also requested a status report be provided if BRAC implementation is significantly altered. Sen. Hutchison also expressed her support for the Army's budget request to ""Grow the Force."" The FY 2008 budget request includes over $1.5 billion in military construction funding to support increasing its active duty end strength. The panel said that 176 soldiers are already slated to head to the base, and Fort Hood will be considered for more growth as the Army completes its ""Grow the Force"" plans. ""I have supported increasing the Army's end strength and am encouraged to see $18 million in the emergency supplemental for facilities at Fort Hood as part of the Army's 'Grow the Force' initiative,"" Sen. Hutchison said. ""Fort Hood offers vast resources and training opportunities and, after BRAC, will have even more space to support additional soldiers.""",0,[],"The text describes Senator Hutchison addressing a subcommittee hearing, posing questions to an Assistant Secretary, and expressing support for a budget request. It describes oversight and participation but does not claim a concrete result or credit for a specific outcome.",
42,Compromise Keeps FEMA Within DHS Protects and Strengthens the Agency June 29 2006 WASHINGTON DCChairman of the Senate Rules Committee Senator Trent Lott R MS and Chairman of the Senate Homeland Security Committee Senator Susan Collins R ME today announced that they have reached an agreement on a plan to strengthen FEMA and make it an independent agency within the Department of Homeland Security Senator Collins said No one in the Senate knows more about FEMA than Senator Lott He has had the misfortune of experiencing first hand the devastation left behind by Hurricane Katrina His insight and input have been extremely valuable to my Committees legislation to strengthen and reorganize FEMA The Senators suggestions have improved and strengthened our bill and I look forward to continuing to work with him as we move foreword Senator Lott said This bill eliminates FEMA as we know it and replaces it with a stronger organization more accountable to the President and to the Congress Senator Lott said This is a good first step but we also need to strengthen the Stafford Act to provide better assistance to victims of future disasters like Katrina And I m pleased that the Committee now is working on that legislation as well The agreement between Senators Collins and Lott resulted in the following provisions being included in the Collins Lieberman legislation The agency will be independent within the Department of Homeland Security and will have the same protections currently provided to the U S Coast Guard For example similar to the Coast Guard the DHS Secretary will not have the authority to reorganize the structure of the agency erode its budget or functions or significantly restructure personnel without approval by Congress The administrator of the agency will report directly to the DHS Secretary but will also have direct access to the President on emergency management matters much as the Chairman of the Joint Chiefs of Staff does on military issues The administrator will also have the authority to make recommendations directly to Congress an authority not previously provided to directors of FEMA The bill calls for the name of FEMAs stronger successor agency to be the U S Emergency Management Authority which Senator Collins agrees is a better name to represent the responsibilities of the agency The agreement will be included in a bill introduced today by Senators Collins and Lieberman who led the Senate investigation into the governments preparation for and response to Hurricane Katrina Browse by Current record,1,"[""1"", ""2""]","The text announces that Senators Lott and Collins reached an agreement on a plan to strengthen FEMA, which resulted in specific provisions being included in the Collins-Lieberman legislation. It presents the senators as personally responsible for this outcome through their negotiation and agreement. This fits Rule 1 (bringing about a concrete outcome) and Rule 2 (provisions included).",
2335,"Bayh Invites Hoosier Children to Recognize Indiana's Outstanding Dads Washington-- U.S. Senator Evan Bayh today invited children across Indiana to take part in an effort to pay tribute to Outstanding Hoosier Dads by writing essays about what makes their father an outstanding dad. Bayh, a long-time leader in promoting responsible fatherhood, hopes to use the essays to recognize Hoosier men working hard to be good fathers while also encouraging other men to play a role in their children's lives. ""Collecting essays from children across the state will help honor dads who go the extra mile to spend time with their kids and show them how much they care,"" Senator Bayh said. ""As a nation, we have far to go to reverse the trend of absentee fathers, but there are millions of men who are already doing their part to help raise their children, and they deserve our thanks this Father's Day. At the same time, I hope these essays will serve as a reminder to all men to play an active role in their children's lives."" Senator Bayh will enter three of the top essays he receives into the Congressional Record of the United States Senate. Participants whose essays are selected for the Congressional Record will receive a letter from Senator Bayh and a framed copy of the winning essay as entered into the Congressional Record. All Hoosiers under the age of 18 are encouraged to submit essays. Essays should be 150 words or less and should be sent to OutstandingDads@bayh.senate.gov or faxed to 202-228-2117. All essays must be turned in no later than June 4th. Participants should include their name, age, home address, phone number and the name of their father with their essay. Senator Bayh believes that encouraging responsible fathers can help promote stronger families and root out some of our most persistent social challenges. The number of children growing up in homes without fathers has more than quadrupled over the past 40 years, from five million children in 1960 to more than 24 million today. At the same time, studies show that these children are five times more likely to live in poverty, twice as likely to commit a crime, twice as likely to drop out of school or abuse drugs or alcohol, and more likely to commit suicide or become pregnant as a teenager. One of Senator Bayh's first pieces of legislation in the Senate was the Responsible Fatherhood Act, parts of which were signed into the law by President Bush earlier this year. The Act was authored as an extension of Bayh's work as governor to reduce fatherlessness in Indiana, where Bayh's administration held one of the first national conferences on responsible fatherhood, removed marriage penalties in government programming and used media and grants to promote responsible fatherhood. While governor, Senator Bayh also more than doubled the amount of money collected for child support payments.",1,"[""5""]","The text announces an essay contest to honor fathers. While the announcement itself is not credit-claiming, it mentions that 'One of Senator Bayh's first pieces of legislation in the Senate was the Responsible Fatherhood Act, parts of which were signed into the law by President Bush earlier this year.' This explicit connection of a named law (Responsible Fatherhood Act) to the senator as its author and its passage into law satisfies Rule 5.",
1927,"SENATE PASSES $8 MILLION FOR PORTSMOUTH NAVAL SHIPYARD, OVER $23 BILLION FOR VETERANS FUNDING IN SPENDING BILL TODAY Sen. Olympia Snowe (R-ME) today announced that $8.1 million has been included in the Fiscal Year (FY) 2006 Military Construction, Veterans Affairs Appropriations bill for the Portsmouth Naval Shipyard (PNSY). This funding was requested by Snowe and Sen. Susan Collins (R-ME). The appropriations bill passed the Senate today. Also included is $23.816 billion in funding for a variety of veteran's projects that Snowe supported throughout the appropriations process. ""This provision is a validation of the high-quality work conducted at the Portsmouth Naval Shipyard and its Acoustic Test and Calibration Facility,"" said Snowe. ""The decision by the BRAC Commission to maintain PNSY is clearly in the best interest of our national defense. I pledge to continue to fight to not only preserve but expand the work at our nation's most efficient shipyard."" The funding for PNSY will be used to replace the existing deteriorating hydrophone/transducer test and calibration tank at the Acoustic Test and Calibration Facility at PNSY. The PNSY acoustic testing and calibration facility is the only Navy testing and calibration facility certified to test, calibrate, and verify submarine and all other ship borne equipment of this type. The existing acoustic test and calibration facility will continue to deteriorate at an accelerated rate. This funding will allow the Navy to replace this tank before the Navy is left without a certified hydrophone/transducer testing facility. ""For Maine's veterans, I am pleased to announce that this legislation includes essential funding for veterans health services. I remain committed to ensuring that our veterans, who have sacrificed so much for our nation, have the necessary support they have so rightly earned,"" said Snowe Senator Snowe sent a letter to Appropriators earlier this year requesting additional funding for a number of priorities that will assist our nation's veterans, including: $23.3billion for veterans medical services. $412 million for medical and prosthetic research. $104 million for state veterans homes grants. Also included in this bill is a rejection of the Bush Administration\'s veteran fee proposals. The language states that ""these new proposals... would force hundreds of thousands of needy veterans to leave the VA system. To this end, the Committee recommendation reflects the real fiscal needs of the VA without charging the veteran population to make up the shortfall and has included direct appropriations to cover the differences."" Contact: Antonia Ferrier, 202/224-5344.",1,"[""1"", ""2""]","The text announces that $8.1 million for the Portsmouth Naval Shipyard was included in a spending bill and that this funding was requested by Senator Snowe and Senator Collins. It also states that the bill, which includes $23.816 billion for veteran's projects supported by Snowe, passed the Senate. This fits Rule 1 (obtaining funding) and Rule 2 (claiming passage/inclusion of provisions).",
714,"MARSHAL MATTERS Members of my generation might remember a television show from the 1960s that ran for several seasons called ""The Fugitive"". The name might ring a bell for younger people as well though, because the TV show was the basis for the movie which opened in 1993. While the movie was a very good one, I realized recently that not everyone may be familiar with what U.S. Marshals do. The U.S. Marshals Service is the oldest federal law enforcement agency in America. There are 94 U.S. Marshals who are appointed by the President or the Attorney General, and each one directs the activities of a district office. All of Idaho makes up a district, and Patrick McDonald is the man in charge. The main responsibilities of U.S. Marshals are widely varied, including judicial security, fugitive investigations, witness security, prisoner services, prisoner and alien transport, operations support, and others. In fiscal year 2005 alone, U.S. Marshals in the District of Idaho cleared 166 warrants. They arrested two prison escapees and participated with state and local law enforcement in April in the largest fugitive investigative effort in history, Operation FALCON (Federal and Local Cops Organized Nationally). Nationwide, Operation FALCON members arrested more than 10,000 fugitives, including 154 gang members, 162 homicide suspects, and 553 sex offenders. Since the attacks of 9/11, U.S. Marshals have also taken on a larger role nationwide in tracking down and deporting illegal immigrants. They have coordinated with the Bureau of Immigration and Customs Enforcement (ICE), local law enforcement, and other federal agencies to carry out ""Operation Community Shield, which, according to ICE, has resulted in the arrest of 1,500 gang-members. Understanding this, I helped secure more than $3 billion in the fiscal year 2006 Homeland Security appropriations bill for ICE's domestic enforcement efforts, as well as funding for 250 additional criminal investigators, which will help ICE coordinate with the Marshals Service and other law enforcement agencies. Marshal Patrick McDonald has worked in law enforcement in Idaho for more than 35 years, getting his start with the Burley Police Department in 1968. He understands the people of Idaho and the law enforcement challenges we face, and he keeps the concerns of Idahoans in mind. The work U.S. Marshals do is often dangerous, difficult work. Their job is to track down and catch some of the worst criminals in our society, who are often desperate and dangerous. They often risk their lives for the security of communities. Every day U.S. Marshals work hand in hand with federal state, county and local officials to make sure that criminals are brought to justice. I want to congratulate them for their hard work and dedication. In carrying out their duties, they play an important role in protecting the people of Idaho and preserving the rule of law. Contact: Mike Tracy, 208/342-7985; Sid Smith, 202/224-8708.",1,"[""1""]","The text discusses the work of U.S. Marshals and states, 'I helped secure more than $3 billion in the fiscal year 2006 Homeland Security appropriations bill... as well as funding for 250 additional criminal investigators.' This claim of securing funding for a specific agency fits Rule 1.",
3252,PRESS RELEASE SENATE ADOPTS NELSON AMENDMENT TO PROVIDE FAIRNESS FOR U S CATTLE PRODUCERS Press Release September 20 2005 SENATE ADOPTS NELSON AMENDMENT TO PROVIDE FAIRNESS FOR U S CATTLE PRODUCERS Nelson working to reopen beef trade with Japan WASHINGTON DC Nebraska s Senator Ben Nelson today said he was gratified that his amendment to prevent the USDA from allowing some Japanese beef imports back into the U S until the Japanese government also allows American beef to again be imported into Japan passed on a bipartisan vote of 72 to 26 This is a victory for Nebraska s ranchers for Nebraska beef and for agriculture trade in general said Nelson It sends a strong message to the Japanese government that the United States is committed to fair trade The Nelson amendment will prevent the USDA from spending any funds to implement a proposed rule that would allow some Japanese beef imports into the U S until American beef is also allowed back into Japan Delayed implementation of this rule is supported by the National Cattlemen s Beef Association R Calf Stock Growers of America and the Nebraska Farmer s Union It makes no sense to expand our domestic market for Japanese beef while their market for American beef remains closed and I want to put a stop to it until we get a level playing field said Nelson It is a basic issue of fairness for American consumers American beef producers and the American economy At a time when we re looking at record budget deficits in the U S and at a time when we re importing more than we re exporting it is unfair unwise and unhealthy for the economy to allow one country to increase its imports while not allowing the same privilege for America Food safety is not at issue Our beef is safe and has always been safe said Nelson We know it Japan knows it and the USDA knows it This issue is a matter of fair play and fair trade Our cattle producers deserve and expect to be treated fairly by their own government According to the Nebraska Beef Council beef impacts Nebraska s economy by 11 5 billion a year Nebraska ranks Number 1 in the nation in live animal and meat exports The amendment was adopted as part of the fiscal year 2006 Agriculture Appropriations bill The matter will be considered in the conference committee meetings to resolve differences between House and Senate versions of the bill You can view the vote online at http www senate gov legislative LIS roll_call_lists roll_call_vote_cfm cfm congress 109 1 00236,1,"[""2""]","The text announces that the Senate adopted Senator Nelson's amendment (72-26) to prevent the USDA from allowing Japanese beef imports until reciprocal market access is granted for US beef. This describes an amendment adopted on the senator's initiative, which fits Rule 2.",
3038,"SEN. SNOWE SUPPORTS VICE ADMIRAL THAD ALLEN'S NOMINATION TO BE COAST GUARD COMMANDANT Sen. Olympia J. Snowe (R-Maine), Chair of the Senate Subcommittee on Coast Guard and Fisheries, participated today in a full Commerce Committee Hearing on the nomination of Vice Admiral Thad Allen to be Commandant of the Coast Guard. The following is Snowe's statement as prepared for delivery: As Chair of the Subcommittee on Fisheries and Coast Guard, and a representative of a state with a long and proud maritime heritage, I am pleased to address leadership transition of the United States Coast Guard. The current Commandant will complete his tour of duty on May 25th, and it is now imperative that the Senate considers and confirms his successor. First, let me express my deep appreciation for the outstanding leadership of Admiral Tom Collins. For the past four years, he has carried out his duties as Commandant with distinction and remarkable accomplishment, particularly during the tumultuous aftermath of Hurricanes Katrina and Rita. The brave men and women of the Coast Guard performed heroically in saving more than 33,000 lives under disastrous conditions never before faced in this country, which is a testament to his outstanding leadership. Since then, Admiral Collins and his Chief of Staff, Vice Admiral Thad Allen, have worked tirelessly to ensure the Coast Guard is ready to respond to any threat. With their sure and steady hands at the helm, they upheld the Coast Guard's readiness under challenging circumstances and have been at the forefront in facilitating the Deepwater project - which is not only urgent and essential for upgrading the Coast Guard's aging assets but also for shoring up the very foundation of our nation's homeland security. As the Coast Guard has increasingly been called upon to do more with less - with the 40th oldest fleet among the world's 42 nations with maritime forces - they have navigated these treacherous waters effectively and with impressive diligence. Given the threats we face today - whether natural disasters or the products of discontent societies - it is vital that the new Commandant of the Coast Guard maintains this course, and I have every confidence that Vice Admiral Allen is the right person for the job. As the Chairman noted, the nominee before us today has compiled a long and distinguished record in the service of our nation. Serving as Admiral Collins' Chief of Staff for the past four years, he has been instrumental in guiding the transition of the Coast Guard to its new normalcy in the post-9/11 environment. Looking forward, the challenges facing our nation, and the Coast Guard, under Admiral Allen's leadership will only continue to grow. The Coast Guard must continue to be an integral component of our nation's military and a vigilant defender of our homeland security. While we have seen the Department of Homeland Security rightfully come under scrutiny during recent national events, including its roles in natural disasters and port security oversight, the Coast Guard has consistently demonstrated an outstanding ability to carry out its missions each and every time, and it must continue to do so. No Coastie better demonstrated the service's ""get it done attitude"" better than Admiral Allen, who confidently stepped into a critical leadership role and righted the federal government's response to Katrina. His ability to coordinate the efforts of all local, state, and federal agencies into one harmonious response should be the model to emulate when the next disaster strikes. As our nation has painfully learned over recent weeks and months, there is simply no substitute for maintaining a ready posture when it comes to protecting our homeland. The recent firestorm over the proposed sale of critical ports terminals to Dubai Ports World has highlighted the vulnerabilities in our port security. Our nation requires a Coast Guard that can provide us with secure ports, and, Admiral Allen, I believe that is going to be the greatest challenge of your tenure. Yet beyond these headline-grabbing cases, every single day the Coast Guard must continue to work tirelessly, outside the spotlight, to uphold our nation's safety and security. Through its search and rescue operations, this service aids people in distress and prevents the losses of life and property on our waters. The Coast Guard enforces all federal laws and treaties related to the high seas and U.S. waters and prevents illegal narcotics from reaching our shores. This service is the lead federal agency for preventing and responding to major pollution incidents in the coastal zone. At the same time, it makes our ports and shipping lanes safe for efficient maritime transportation and commerce. And as one of the armed services, it plays a critical role in our nations's defense strategies. Under your watch, Admiral Allen, the Coast Guard's vital role in each of these missions will undoubtedly continue to have direct bearing on our nation's security and welfare. Mr. Chairman, I am impressed with Vice Admiral Allen's credentials for the Coast Guard's highest leadership position. The president could not have chosen a more qualified individual for this critical position. I look forward to his testimony and to working with him on the safety and security issues so critical to our nation, and I again thank you for scheduling this vital hearing today. Contact: Antonia Ferrier, 202/224-5344.",0,[],"This is a statement supporting a nominee and praising the Coast Guard. It describes participation in a confirmation hearing and expresses policy views, but it does not claim that the senator produced a concrete outcome, secured a benefit, or achieved a legislative result. Therefore it is not credit-claiming.",
1043,"LUCKEY RECEIVES FIREFIGHTING GRANT THROUGH SEN. DEWINE'S BILL Sen. Mike DeWine (R-OH) today announced that Troy Township Fire Department will receive $78,046 as part of his Firefighter Investment and Response Enhancement (FIRE) Act, which provides competitive grants to local fire departments to help them better serve and protect residents and their property. Senator DeWine wrote and passed the FIRE Act (S. 1941) in 2000, establishing a grant program dedicated to providing federal assistance to local fire departments. Senator DeWine's legislation increased the federal commitment to firefighting and emergency response services. During the fiscal year 2005 appropriations process, Senator DeWine, a member of the Appropriations Committee, helped secure $650 million for the FIRE Act. In the fiscal year 2004 appropriations process, Senator DeWine passed an updated version of the bill that improves the FIRE Act by adding a provision guaranteeing federal funding for Emergency Medical Services (EMS) and extending the entire program through 2010. Since 2001, more than 878 separate grants have been awarded to Ohio fire departments, totaling more than $73 million. This money will assist in firefighting and fire prevention programs, and can be used to fund firefighter health and safety programs, acquire new firefighting equipment, and enhance EMS programs. ""I am pleased to know that Luckey families and the Troy Township Fire Department will benefit from this grant,"" said Senator DeWine. ""I acknowledge the many sacrifices that firefighters and rescue workers make each and every day while protecting our families, homes, and businesses from the devastating effects of fire. By working to pass and fund the FIRE Act, we have ensured that fire departments in Ohio and elsewhere will have the resources to meet future service demands."" The Office of Domestic Preparedness (ODP), part of the Department of Homeland Security, awards the grants through a competitive need-based process. Approximately 20,000 fire departments nationwide applied for grants in 2005, and ODP expects to award nearly 7,000 in 2005. The U.S. Fire Administration processes the applications and 300 fire service representatives from across the United States review the grant requests. According to the United States Fire Administration, more than 2,500 children age 14 or younger were injured or killed in residential fires in 2004. Of these casualties, approximately 50 percent were under the age of five. Overall, fire is responsible for killing more Americans than all natural disasters combined.",1,"[""1"", ""2"", ""5""]","The text announces a specific grant for a fire department and ties that outcome to Senator DeWine's legislative work. It says DeWine wrote and passed the FIRE Act, helped secure $650 million for the program, and that the grant is provided through his bill. This presents the senator as personally responsible for securing a concrete benefit and for a legislative accomplishment.",
189,Leahy Encourages Cameras In Nation s Courtrooms U S SENATOR PATRICK LEAHY VERMONT Leahy Encourages Cameras In Nation s Courtrooms WASHINGTON Wed Nov 9 Today the Senate Judiciary held a hearing on televising federal court proceedings A longtime advocate for greater public access to government Leahy has supported allowing cameras in the nations courtrooms Below is Leahys statement from the hearing Statement Of Senator Patrick Leahy Ranking Member Senate Judiciary Committee Hearing On Cameras In The Courtroom November 9 2005 As the son of a printer I come by my affection for the First Amendment honestly and directly As we hear the testimony from this distinguished panel on whether to allow the televising of federal court proceedings I reflect upon my father who instilled in me a profound respect for the freedom of speech which is at the foundation of our great democracy I was lucky enough to grow up in Vermont a place where the culture nourishes the love of liberty and press freedom After all Vermont held out in joining the Union until 1791 after the Bill of Rights was ratified and just a few years later the citizens of Vermont vigorously supported Matthew Lyon in his fight against the Alien and Sedition Acts which was instrumental in the eventual overturning of the that act The freedoms guaranteed by the First Amendment are served not only by the press and speech but also by ensuring that our citizens have access to the government When I was a young man and a prosecutor Vermont had a culture of open government in which we had the opportunity to speak with our elected officials and other leaders on a regular basis While the values of transparency must always be balanced against security needs and the protection of personal privacy the public will always have a right to know what their government is doing I think we can all agree that our democracy works best when there is sunshine in government Yet too often in recent years this balance has been skewed Freedom and security are always in tension in our society and especially so after the attacks of September 11 We all understand that protecting our national security requires that certain information be kept out of the public eye But even before that terrible attack we saw the Bush Administration drape a cloak of secrecy around all kinds of information In 2001 President Bush signed a new Executive Order limiting the release of presidential records despite the clearly stated intent of Congress that such records should become public 12 years after a president leaves office Since this Administration took office classification has greatly increased More records are being classified and roped away from public and press access at enormous cost to taxpayers and fewer old records are being routinely declassified With the current Administrations dramatic shift towards secrecy these have been tough times for the publics right to know It is more important now than ever that we take steps not only to secure but also to expand access to government for all Americans That is why I have continually supported efforts to make all three branches of our federal government more transparent and accessible Except for rare closed sessions the proceedings of Congress and its Committees are open to the public and carried live on cable television and radio Members and Committees also are using the Internet and Web sites to make their work available to their constituencies and the general public The work of Executive Branch agencies is subject to public scrutiny through the Freedom of Information Act among other mechanisms We must demand transparency from any government but this Administration with its penchant for secrecy requires vigilant attention This Administrations default position unfortunately has been secrecy and non transparency and at a great cost in accountability to the public and damage to the Freedom of Information Act one of the cornerstones of our democracy It establishes the right of Americans to know what their government is doing or not doing As President Johnson said in 1966 when he signed the Freedom of Information Act into law This legislation springs from one of our most essential principles A democracy works best when the people have all the information that the security of the Nation permits Sadly the Administration has tried to undermine the Act and in so doing has done harm not only the Act itself but to the democratic principles it serves In 2001 Attorney General Ashcroft reversed his predecessors policy on FOIA Janet Reno told the government When in doubt disclose John Ashcroft flipped this policy on its head sending the message that government agencies should err on the side on non disclosure and promising that the Department of Justice would defend those decisions to withhold information in the courts In nearly every piece of legislation that touches on FOIA we can count on government agencies or powerful special interests to work overtime to tack on statutory exemptions from FOIA The Bush Administration has tried to control the flow of information through the news media It tried to limit or in some cases even prevent the press from documenting the death and destruction and deadly delay in the shameful aftermath of Hurricane Katrina It blocked the publication of respectful photos of coffins holding the remains of American soldiers killed in Iraq The Administration broadcast ads featuring Armstrong Williams a conservative commentator supporting the No Child Left Behind Act without disclosing that it paid for Williams endorsement The Government Accountability Office found that the government engaged in illegal propaganda And just days ago a high level White House official was indicted for lying to federal prosecutors in the CIA leak investigation This last episode which remains under investigation is an incredible example of the government seeking to manipulate press coverage of a highly sensitive issue namely why this Nation went to war in Iraq A vital democracy cannot afford to be spoon fed information by the government that belongs to the people themselves More can and must be done to increase access to government such as the work I am doing with Senator Cornyn to improve the implementation of FOIA Certainly more can be done in the Third Branch Although most judicial proceedings are open to those who can travel to the courthouse and wait in line emerging technology could invite the rest of the country into the courtroom All 50 states have allowed some form of audio or video coverage of court proceedings but the federal courts lag behind I have cosponsored several bills to address this including two bills currently pending the Sunshine in the Courtroom Act of 2005 with Senator Grassley and the Televising Supreme Court Proceedings Act with Senator Specter These bills extend the tradition of openness to the Nations federal courts and can help Americans be better informed about the important decisions that are made there and how they are made In 1994 the Judicial Conference concluded that the time was not ripe to permit cameras in the federal courts and it rejected a recommendation of the Court Administration and Case Management Committee to authorize the photographing recording and broadcasting of civil proceedings in federal trial and appellate courts Today the time is ripe The First Amendment is one of the magnificent bequests of earlier Americans to all the generations that follow These rights are a fragile gift needing nurturing and protection by each new generation We should use the technology available to this generation to give even greater effect to the guarantees of that Amendment and the free and open government it facilitates It is time to let the sunshine into our federal courts I thank all of the witnesses who have exercised their First Amendment rights by sharing their thoughts with us today The federal courts serve as a bulwark for the protection of individual rights and liberties and the Supreme Court is often the final arbiter of Constitutional questions which have a profound effect on all Americans Allowing the public greater access to the public proceedings of the federal courts will allow Americans to evaluate for themselves the quality of justice in this country and deepen their understanding of the work that goes on in the courts,0,[],"This is a hearing statement about allowing cameras in federal courtrooms and broader transparency issues. The senator describes advocacy, cosponsored bills, and policy positions, but does not claim that he secured a concrete outcome or achieved a legislative success. Therefore it is not credit-claiming.",
1139,"SEN. COLEMAN ISSUES STATEMENT ON REP. NORWOOD I want to extend my deepest sympathies to the friends and family of Rep. Charlie Norwood. The state of Georgia - and in fact the whole country - lost a great Congressman and tireless advocate for the healthcare community today. I was proud to work with Rep. Norwood on several healthcare initiatives and it is my hope that Congress can continue his legacy of healthcare advocacy and pass his concurrent resolution recognizing the need to pursue research into the causes and treatment for idiopathic pulmonary fibrosis. Contact: Leroy Coleman, 202/224-5641.",0,[],"This is a statement of condolences following Rep. Charlie Norwood's death. Although the senator says he worked with Norwood on healthcare initiatives, the release does not claim a concrete outcome or achievement produced by the senator. It functions as a commemorative and condolence statement, so it is not credit-claiming.",
4328,Alexander Corker Announce Air Service from Jackson to Cincinatti March 12th 2007 WASHINGTON D C U S Senators Lamar Alexander R TN and Bob Corker R TN today announced that the Department of Transportation has decided to support non stop air travel between Jackson TN and Cincinnati OH through the Essential Air Service program Currently Regions Air services Jackson through St Louis MO but industry re alignment has limited the number flights departing the Jackson Area to St Louis This new service will allow travelers to easily connect in Cincinnati where Delta Airlines operates its major hub This is good news for Jackson said Senator Alexander More flight options mean better travel opportunities for businesses private citizens students and tourists and I m pleased the Department of Transportation has provided this incentive to increase flight options for West Tennesseans This improved air service for Jackson is important not only for leisure travelers in need of better connections but also has tremendous positive economic impact making Jackson and West Tennessee even more attractive to business and industry prospects interested in making investments in this part of our state said Senator Corker Senator Alexander and Senator Corker wrote a letter in support of Jackson s application to Department of Transportation Secretary Mary Peters With the Essential Air Service program a direct connection from Jackson to Cincinnati on Big Sky Airlines will allow Tennesseans more options when considering air travel arrangements,1,"[""4""]","The release announces that the Department of Transportation decided to support nonstop air service and explicitly says the senators wrote a letter in support of Jackson's application. This presents the senators' advocacy as connected to a concrete transportation benefit for constituents, satisfying the intervention/advocacy rule.",
157,Releases 06 26 2007 Chair Small Business Committee on Mark Up on Venture Capital and Education bills 20510 Contact Sitemap,0,[],"The text only indicates that the Small Business Committee held a markup on venture capital and education bills. It does not identify any concrete outcome, nor does it attribute a benefit or achievement to the senator. It is a brief schedule or event reference, not credit-claiming.",
3817,Sessions comments on TVA s decision to proceed with nuclear application Thursday September 27 2007 WASHINGTON D C U S Sen Jeff Sessions R AL made the following comments today after the TVAs Board of Directors approved the submission of an application to the Nuclear Regulatory Commission for a Combined Construction and Operating License for Bellefonte Nuclear Plant near Scottsboro Alabama I am pleased that TVAs Board of Directors voted today to move forward with the NRCs application process for two new reactors at the Bellefonte site near Scottsboro We as a nation must dedicate ourselves to a long term transition to utilizing more nuclear power Nuclear power is our best source of clean safe and reliable energy and it can be produced here at home without any further reliance on foreign sources of energy Increasing our ability to generate nuclear power is a critical step to providing the Valley with the affordable base load power that its growing economy will require Todays vote is a significant step toward utilizing the 4 5 billion investment that TVA made at Bellefonte in the 1980s Putting Bellefonte to good use for ratepayers has been a priority of mine since I came to the Senate and I applaud the Board for supporting this application 2004 United States Senator Jeff Sessions Alabama All rights reserved,0,[],"The senator comments on TVA's decision to proceed with a nuclear application and says this has been a priority of his. The text praises the board's action but does not state or strongly imply that the senator personally brought about the decision. Without a claimed result attributable to the senator, it is not credit-claiming.",
2382,Landrieu Coleman Bill Provides Needed Surgery for Children with Birth Defects FOR IMMEDIATE RELEASE 06 13 2007 Landrieu Coleman Bill Provides Needed Surgery for Children with Birth Defects WASHINGTON United States Senators Mary L Landrieu D La and Norm Coleman R Minn this week introduced legislation S 1588 to require insurance companies to cover surgical costs for children suffering from birth defects requiring reconstructive care Children with birth defects should not be denied life altering surgery while the insurance industry earns record breaking profits Sen Landrieu said This legislation will put an end to a disingenuous practice that has misclassified thousands of legitimate health care claims These children will finally receive their coverage for the necessary surgical procedures that give them the opportunity to grow and thrive It is a tragedy that insurance companies continue to deny treatment to over 50 of children who suffer from birth defects Sen Coleman said Reconstructive surgery is essential for children affected by such disorders because it gives them the confidence to flourish into healthy adulthoods As a public servant and as a father I am aware of the need for this vital legislation and it is my hope when it comes time to vote my colleagues will as well Insurance companies increasingly deny access to reconstructive care by labeling these procedures as cosmetic or non functional and claiming they are not medically necessary The Children s Access to Reconstructive Evaluation and Surgeries Act CARES Act S 1588 previously introduced as the Treatment of Children s Deformities Act codifies in law the American Medical Association s definition for reconstructive as surgery performed on abnormal structures of the body while the definition of cosmetic surgery is reshaping normal structures of the body This distinction will reduce the obstacles to obtaining approval for coverage of reconstructive surgeries previously considered as cosmetic The Senate bill is cosponsored by Sens Even Bayh D Ind Olympia Snowe R Maine Thad Cochran R Miss Richard Lugar R Ind and Debbie Stabenow D Mich Reps Carolyn McCarthy D N Y and Patrick Tiberi R Ohio introduced companion legislation H R 1655 in the House which has 35 additional cosponsors According to the March of Dimes 120 000 U S babies are born each year with birth defects Approximately 40 000 require reconstructive surgery Birth defects include abnormalities of structure function or body metabolism present at birth that results in physical or mental disability or even death Examples of these deformities include cleft lip cleft palate skin lesions vascular anomalies malformations of the ear hand or foot and other more profound craniofacial deformities Sen Landrieu also continues to work for appropriations dollars for Operation Smile an organization that provides surgical procedures for children with birth defects in other countries Since 1982 more than 100 000 children and young adults have been treated by thousands of volunteers worldwide By intervening with the Department of Homeland Security and removing bureaucratic red tape Sen Landrieu recently ensured that Rayan a little girl from Iraq with life threatening birth defects was able to come with her mother to the United States for treatment On Monday Rayan was scheduled to be operated on at Children s Hospital of the King s Daughters in Norfolk Va,1,"[""4""]","The main release describes introducing legislation, which is not a completed accomplishment. However, it also states that by intervening with the Department of Homeland Security and removing bureaucratic red tape, Senator Landrieu recently ensured that a specific child from Iraq could come to the United States for treatment. This presents her intervention as directly producing a concrete benefit, satisfying the intervention rule. The rest of the text does not by itself establish credit-claiming because the bill is only introduced.",
1736,"SEN. DOMENICI SEEKS EXPEDITED HEARING & APPROVAL ON WINTER STORM AID BILL Sen. Pete Domenici today reported that he is requesting an expedited Senate hearing on legislation he cosponsored to aid farmers and ranchers who have been impacted by the severe winter storms in New Mexico and the region. Domenici cosponsored the Livestock Assistance Act of 2007 (S.165) with Senators Wayne Allard (R-Colo.), Pat Roberts (R-Kan.), Chuck Hagel (R-Neb.) and James Inhofe (R-Okla.). The four Senators have written Senate Agriculture Committee Chairman Tom Harkin (D-Iowa) and Senator Saxby Chambliss (R-Ga.) seeking a hearing and markup on S.165. S.165 would reauthorize the Livestock Compensation Program and authorize the Agriculture to make livestock indemnity payments to qualifying producers in New Mexico, Colorado, Oklahoma, Kansas and Nebraska. Funding for the program would be allocated from the Commodity Credit Corp. to help producers that have suffered losses from recent record-setting blizzards and winter storms. ""The winter storms that have affected New Mexico livestock producers, particularly in the central and northeast region, pose ongoing hardships. Even as the storms yield, these hard working farmers and ranchers must deal with rising feed costs. I believe the Senate should act expeditiously on our legislation to try to bring some relief to these producers, who regularly maintain their operations on a marginal budget,"" Domenici said. In their letter to Harkin, the Senators wrote: ""The full impact of these storms will reverberate long after the visible signs of damage have passed. The effected areas continue to suffer through additional winter storms and the costs to producers increase with each passing day. For these reasons we are hopeful that the committee will be able to swiftly hold a hearing and markup of this important piece of legislation."" Earlier this month, Domenici and Representatives Heather Wilson and Steve Pearce asked Agriculture Secretary Mike Johanns and President George W. Bush to approve any request from New Mexico for emergency aid for New Mexico farmers. The USDA Farm Serve Agency announced Friday that livestock producers in 20 New Mexico counties can qualify for low-interest emergency loans. (www.fsa.usda.gov/nm)",0,[],"The senator is requesting an expedited hearing and markup on legislation he cosponsored and urging emergency aid. The release describes legislative activity and future intentions, not a secured or achieved outcome attributable to the senator. Therefore it is not credit-claiming.",
2368,"NORTH CENTRAL IDAHO TO GET EXPANDED VETERANS' SERVICES The veterans of north central Idaho will see a significant expansion of health care services in the coming year, Idaho Senator Larry E. Craig announced today. Under the terms of the agreement, the details of which are still being worked out locally, the Veterans Administration would operate a community-based outpatient clinic five days per week every week. Further, the clinic would offer some mental health services in addition to serving the primary care needs of area veterans. ""The decision by VA to expand services in Lewiston will greatly improve the lives of thousands of Idaho veterans. I want to thank VA Secretary Jim Nicholson and VISN 20 Director Max Lewis for their willingness to hear my concerns and - more importantly - respond to the needs of the veterans of north central Idaho,"" said Craig, who currently serves as Chairman of the Senate Committee on Veterans' Affairs. ""This is wonderful news - not just for the veterans in Lewiston, but for all veterans in the surrounding communities. The expanded access to medical services will also help with the economic development of the area."" Currently, VA operates a clinic two days per month in Lewiston which provides only primary health care services for local veterans. Once VA is able to identify appropriate space and hire more staff, the clinic would be open five days per week, every week. The process of identifying space and hiring staff could take several months and VA officials do not expect the clinic to be fully operational before Fall 2007. Contact: Dan Whiting, 202/224-8078; Sid Smith, 208/342-7985.",1,"[""4""]","The release announces expanded veterans' health services and presents Senator Craig as having raised concerns with VA officials, who then responded by expanding services. This frames the expansion as a concrete benefit secured through the senator's intervention or advocacy, satisfying the intervention rule.",
2895,March 13 2007 McCaskill Votes to Implement Unfulfilled 9 11 Commission recommendations Missouri Fire Fighters Praise Efforts to Improve Tools for First Responders WASHINGTON D C U S Senator Claire McCaskill and 59 of her colleagues in the Senate today approved the Improving America s Security Act S 4 legislation aimed at strengthening national security In July 2004 the bi partisan 9 11 Commission recommended to Congress ways to improve national security Almost three years later Congress and the Administration have failed to implement many of the recommendations Today s legislation provides a comprehensive approach to improving national security by acting on the remaining recommendations This is an important step towards protecting our country McCaskill said today following the vote This bill will help local first responders in Missouri and across the country be ready to react to life or death situations in a moment s notice It will allow them to communicate with each other and work together to protect us and save lives Missouri first responders praised the passage of the legislation as well saying the improvements were long overdue This bill will bring much needed help to Missouri firefighters Sherwood Smith president of the Missouri State Council of Fire Fighters said today It s about time we made the recommendations of the 9 11 Commission a priority and gave first responders the tools they need to save lives Among its provisions the legislation aims to improve information sharing among the Department of Homeland Security and local and state first responders such as firefighters police officers and paramedics First responders reacting to the terrorist attack on 9 11 and Hurricane Katrina experienced an inability to effectively communicate and coordinate with each other In some cases this resulted in additional casualties In response the 9 11 bill provides 3 billion in funding for first responders nationwide and an additional 2 5 billion in grants to states to help improve emergency communications In addition the legislation will fund a radio network dedicated solely to first responders so they can communicate in emergency situations In total Missouri stands to receive an estimated 26 5 million in homeland security funds in 2008 The legislation will also improve transportation security including rail surface and aviation travel Inspections of cargo entering the country by air and water will increase and the country will better utilize technology to detect explosive devices and track and monitor hazardous materials Airport security workers also will receive additional training so they can better assess potential security threats The bill also contains McCaskill s amendment to provide whistleblower protection and collective bargaining rights for airport screeners just like their counterparts at FEMA Customs and Border Protection and Capitol Police The House of Representatives approved similar legislation earlier this year Following today s Senate vote the bill will proceed to conference committee where House and Senate members will work out differences between the two versions Questions or comments Text Size,1,"[""1"", ""2""]","The release announces Senate passage of the Improving America’s Security Act and says McCaskill and colleagues approved it. It also highlights that the bill contains McCaskill’s amendment, presenting her as responsible for an included provision and for supporting passage of legislation. This satisfies Rule 2, and the vote/passage framing satisfies Rule 1.",
2827,September 11 2007 Contact Marshall Wittmann 202 224 4041 Washington s Civilizational Choice The freedom to survive National Review Op Ed Today we remember those who lost their lives on that horrible day six years ago We also honor the sacrifices of Americans in uniform who have bravely fought in the war that began on September 11 2001 The fact is that all freedom loving people throughout the world are engaged in a struggle against the barbarism of Islamist extremism This is not a battle between civilizations but rather a battle for civilization The cause which we are fighting for is not a Republican cause or a Democratic cause Our cause is the cause of defending liberty and freedom against a totalitarian movement that is the evil heir to the twin totalitarian threats of the 20th century Islamist extremism like fascism and communism seeks to eliminate all of the ideals that free peoples cherish Just as during the World War II and the Cold War our challenge today is not to relent in this fight for liberty And the central front in this war today is Iraq You cannot be serious and strong in defeating those who attacked us on 9 11 if you counsel retreat in Iraq To pull the plug on progress in Iraq would hand our two most dangerous enemies in the world al Qaeda and Iran an extraordinary military and strategic victory These are fateful days and critical decisions we are making about Iraq We must make them with our eye on the safety of America s next generation It is to the credit of President Bush that he has done that in the war against Islamist extremism He has shown the courage and steadfastness to stand against the political passions of the moment As Ronald Reagan once said now is the time for choosing If we stand united through the months ahead if we stand firm against the terrorists who want to drive us to retreat the war in Iraq can be won and the lives of millions of people can be saved But if we surrender to the barbarism of suicide bombers and abandon the heart of the Middle East to fanatics and killers to Al Qaeda and Iran then all that our men and women in uniform have fought and died for will be lost and we will be left a much less secure and free nation That is the choice we in Washington will make this fall It is a choice not just about our foreign policy and our national security and our interests in the Middle East It is about what our political leaders in both parties are prepared to stand for It is about our soul as a nation It is about who we are and who we want to be Will this be the moment in history when America gives up when al Qaeda breaks our will when our enemies surge forward when we turn our backs on our friends and begin a long retreat from our principles and promise as a nation Or will this be the moment when America steps forward when we pull together when we hold fast to the courage of our convictions when we begin to turn the tide toward victory in this long and difficult war History tells us that appeasement of evil leads to disaster Our cause is freedom s cause Together we must prevail Joseph Lieberman is a United States senator I from Connecticut,0,[],"This is an op-ed by Senator Lieberman about 9/11, the war on terror, and Iraq. It expresses policy positions and criticizes retreat, but does not claim a concrete legislative or policy outcome produced by the senator, nor any award or recognition. Therefore, no credit-claiming rule applies.",
964,Senators Landrieu and Kerry Call for Local Contracts in Katrina Rita Rebuilding FOR IMMEDIATE RELEASE Senators Landrieu and Kerry Call for Local Contracts in Katrina Rita Rebuilding Senators write Small Business Administration to speed up loss verification If not immediately redirected,0,[],"The text says Senators Landrieu and Kerry called for local contracts and wrote to the Small Business Administration to speed up loss verification. It describes advocacy and a request but does not state that this produced or secured a concrete outcome. Therefore, no credit-claiming rule applies.",
3149,May 17 2007 Press Release Congress Approves Fiscally Responsible Budget WASHINGTON DC The U S Senate today voted 52 40 to pass the fiscal year 2008 budget The budget resolution which Senator Jack Reed D RI supported provides a spending blueprint for important domestic priorities including children s health insurance affordable housing veterans health care and student financial aid The budget includes Up to 50 billion to expand the State Children s Health Insurance Program SCHIP A provision championed by Reed to help establish an affordable housing fund financed by government sponsored enterprises 43 1 billion for discretionary veteran s programs that will ensure veteran s programs including veteran s health are adequately funded A pathway for expanding access to higher education through enhanced student aid including increased funding for Pell Grants Following final passage Senator Reed issued the following statement This budget resolution provides funding for essential programs that improve the lives of hardworking Americans who have been struggling during this sluggish economic recovery This budget is a strong and sensible blueprint that will go a long way toward preserving health care coverage for those who need it most It wisely seeks to expand SCHIP so we cover more kids and families who need health insurance It also demonstrates our commitment to America s veterans The increase in this budget will bring us closer to where we need to be to provide adequate care for all the veterans who need it This budget also confronts America s growing affordable housing crisis I will be proposing legislation that will not only deepen and broaden Fannie and Freddie s affordable housing goals but will require them to set aside money to support an affordable housing fund This affordable housing fund will provide grants for the production preservation and rehabilitation of affordable housing for very low income families This fund will be constructed so that it is deficit neutral and to provide the layer of subsidy needed to make affordable housing deals work for these families With college tuition continuing to rise Pell Grants need to keep pace This budget puts us on the path to increasing the maximum Pell Grant This budget will help us to start cleaning up the Bush Administration s fiscal mess and get our financial house in order concluded Reed I look forward to working with my colleagues on the Appropriations Committee to craft balanced responsible spending bills,1,"[""2""]","The release announces Senate passage of the FY2008 budget resolution and states that it includes a provision 'championed by Reed' to help establish an affordable housing fund. This attributes a committee/passage-related legislative outcome and a provision to Reed’s initiative, satisfying Rule 2. Other statements about future legislation are not credit-claiming, but the inclusion of the championed provision is sufficient.",
2697,U S SENATOR DAN INOUYE ANNOUNCES FEDERAL FUNDING TO CONTAIN THE COQUI FROG POPULATION ON THE BIG ISLAND U S SENATOR DAN INOUYE ANNOUNCES FEDERAL FUNDING TO CONTAIN THE COQUI FROG POPULATION ON THE BIG ISLAND June 24 2005 For Immediate Release HONOLULU HAWAII U S Senator Daniel K Inouye announced that 225 000 will be available very shortly as the first wave of federal funding support to control and contain the coqui frogs on the Big Island I was disappointed when the Bush Administrations Office of Management and Budget denied Hawaiis request for emergency funds from the U S Wildlife Service office to eradicate the coqui frogs from Hawaii I then went looking and found another federal funding source to at least begin the control and containment process on the Big Island Senator Inouye stated I am hopeful that the control measures developed on the Big Island can then be transferred and implemented in the other parts of our State We need to get started Inouye added The 225 000 comes from the Biosytems Technology Program and will be managed by the Hawaii Island Economic Development Board which in turn will coordinate the efforts of county State and federal agencies and community groups In addition funding will be used to enter into cost sharing arrangements with local pest control operators now that the U S Environmental Protection Agency has approved the use of hydrated lime to complement the use of citric acid to control the expansion of the coqui frog population Another 400 000 is in the U S Wildlife Office Fiscal Year 2006 budget which is pending consideration by the full Senate 30,1,"[""1"", ""4""]","Senator Inouye announces that $225,000 in federal funding will become available to control and contain coqui frogs, and he states that after OMB denied Hawaii’s request he 'went looking and found another federal funding source.' This presents him as personally responsible for securing a concrete funding benefit for Hawaii, satisfying Rule 1 and Rule 4.",
4403,"SEN. DOMENICI IS PRIMARY COSPONSOR OF RURAL HEALTH CARE BILL Sen. Pete Domenici today again joined fellow members of the Rural Health Caucus to introduce a wide-ranging rural health care bill that includes provisions he has championed to improve Medicare and Medicaid payments to physicians who treat seniors in rural, under-served areas. Domenici is an original cosponsor to the bipartisan Craig Thomas Rural Hospital and Provider Equity (R-HoPE) Act of 2007, which was introduced Wednesday by Senators Kent Conrad (D-N.D.), Tom Harkin (D-Iowa), and Pat Roberts (R-Kan.). They, like Domenici, are all Senate Rural Health Caucus members. The bill will be renamed in honor of the late Senator Craig Thomas (R-Wyo.), a previous sponsor of similar legislation who last week died of cancer. This bill, a Rural Health Caucus effort, takes several steps to shore up health care in rural states like New Mexico and includes a number of provisions supported by Domenici in the past. It would extend expiring rural health provisions from the Medicare Modernization Act (MMA) of 2003, the prescription drug benefits law. ""New Mexico is among large rural states that are consistently challenged to provide health care to their citizens. The states' economic condition has improved, but that does not diminish hardships faced by small town hospitals and clinics in attracting and retaining physicians and health care workers,"" Domenici said. ""In addition, there are many areas where rural hospitals and clinics need special attention because they cannot realistically keep pace with health care demands and rising costs,"" he said. Included in the R-HoPE Act is an extension of provisions-included in the MMA that Domenici first authored and offered as legislation in February 2003-to put rural physicians more on par with urban doctors in terms of Medicare reimbursement levels. The R-HoPE Act would extend these Physician Fee Schedule Work Geographic Adjustment provisions through Jan. 1, 2010. They are set to expire at the end of this year. Medicare bases physician payments, in part, on geographic adjustment factors. The purpose of the geographic index is to reflect relative cost differences in a given area compared to the national average. Payments to physicians in rural areas are adjusted downward by this geographic index, thus lowering the reimbursements to rural caregivers. Domenici also pointed out that the bill contains a provision to benefit community health care centers and rural health clinics, which play an important role in health care delivery for many low-income and rural New Mexicans. The bill increases the all-inclusive payment rate cap for rural health clinics from $63 to $92 per patient to more appropriately cover service costs. Overall, the R-HoPE Act would extend benefits to all of New Mexico's 27 rural hospitals that serve a disproportionate share (DSH) of low-income Medicaid recipients and rural hospitals. It would, for instance, reinstate the ""hold harmless"" provisions for small rural hospitals with fewer than 100 beds. It would also provide aid to low-volume rural hospitals, as well as expand Medicare reimbursement eligibility to mental health care providers in rural areas, including marriage and family therapists. Preliminary estimates demonstrate that if all the provisions in the Act were to be enacted the financial impact on New Mexico's rural facilities could result in as much as a 15 percent increase in Medicare revenues. Rural Hospital and Provider Equity (R-HoPE) Act of 2007 Section 1: Short Title; Table of Contents Section 2: Equalize Medicare Disproportionate Share Hospital Payments Hospitals receive add-on payments to help cover the costs of serving a high proportion of uninsured patients. While urban facilities can receive unlimited add-ons corresponding with the amount of patients served, rural add-on payments are capped at 12% of the total amount of the inpatient payment. Our bill removes this cap for rural hospitals, bringing their payments in line with the benefits urban facilities receive. Section 3: Reinstate the Hold Harmless for Rural Hospitals under the Outpatient Prospective Payment System The Medicare outpatient prospective payment system (PPS) went into effect on August 1, 2000. In 1999, the Balanced Budget Refinement Act (BBRA) included provisions that would hold harmless rural hospitals with less than 100 beds. Essentially, the BBRA allowed small rural hospitals to continue being reimbursed under pre-PPS rules. The BBRA mandated that Congress should receive recommendations on whether the hold harmless should be lifted, or made permanent. The Medicare Prescription Drug, Improvement, and Modernization Act (MMA) of 2003 extended the hold harmless provision for small, rural hospitals as well as Sole Community Hospitals located in rural areas through December 21, 2005. The Deficit Reduction Act (DRA) of 2005 extended the hold harmless only for small rural hospitals having 100 or fewer beds that are not sole community hospitals. Additionally, the DRA mandated step-down payments to these rural hospitals paying 95 percent of the difference between the prior payment system and the hospital outpatient payment system. In 2007, that percentage falls to 90 percent, and drops again in 2008 to 85 percent. This was not a MedPAC recommendation. In fact, the March 2005 MedPAC report suggested extending hold harmless payments through calendar year 2006. This one year extension was to provide analysts time to better determine the reasons that some rural hospitals are not performing as well under Medicare. Once identified, policies would be developed to address the specific issues these hospitals face. Given that data is not available to determine whether the hold harmless should be lifted, this section would reinstate the original hold harmless policy for small rural hospitals and sole community hospitals until January 1, 2009. Section 4: Assistance for Low Volume Hospitals Current inpatient payment rates do not account for the fact that most rural facilities cannot achieve the same economies of scale as large hospitals. To help address this situation, MedPAC recommended implementing a payment adjustment for certain small rural hospitals that serve a low-volume of patients. The MMA established a graduated adjustment/add-on payment for low volume hospitals. Eligible hospitals are those located more than 25 miles away from another hospital and have less than 800 discharges in a given year. The maximum total adjustment is 25 percent of the otherwise applicable prospective payment rate. This section builds on the MMA provision as the payment adjustments are designed to decrease as the level of inpatient admissions rises, and would phase out completely for facilities that discharge more than 2,000 patients per year. This provision would help rural hospitals that cannot make ends meet under the PPS system, but that do not want to be forced to convert to Critical Access Hospital status. Approximately 500 rural facilities nationwide would be eligible for this assistance. Section 5: Continuation of Geographic Reclassification for Certain Hospitals in Sparsely Populated States Under current law, hospitals can apply to re-classify their wage index to another area if they believe their labor costs are more reflective of another market. As part of this process, hospitals must be located in a county that is adjacent to the county in which they propose to re-classify. There are concerns that this criteria is unfair to many small urban and rural facilities, many of which compete for the same labor pool, but are not located as close to their competitors as facilities in large urban markets. To address this problem, the MMA included an appeals process that allowed hospitals located in sparsely populated areas (states with fewer than 10 people per square mile of land area) to re-classify if they are otherwise eligible for re-classification aside from not meeting the current proximity/adjacency requirement. This provision would provide a continuation of this reclassification and allow the Secretary to continue the reclassification for other rural hospitals deemed appropriate. Section 6: Reasonable Lab Costs Payment Extension for Rural Hospitals This section would extend Section 416 of the MMA as amended by Section 105 of the Tax Relief and Health Care Act of 2006 which provided reasonable cost reimbursement for clinical lab tests performed by rural hospitals as part of their outpatient services (i.e. for area patients receiving care at home or in nursing homes). Oftentimes, a local rural hospital is the only lab facility serving a given region, and although lab work conducted for patients in the hospital or in a local nursing home is the same, hospitals are reimbursed at a lower rate for clinical lab work for patients that do not have specimens drawn in the hospital. This drives up the overall cost of lab work for patients in the region and could lead to greater inaccessibility for lab work conducted for home bound patients or those who live far from the actual hospital. Section 7: Critical Access Hospital (CAH) Improvements This section includes a variety of provisions aimed at improving the CAH program. These provisions include: A. Critical Access to Clinical Lab Services The Centers for Medicare and Medicaid Services (CMS) requires a patient to be ""physically present"" in a CAH when a laboratory specimen is collected in order for the CAH to receive cost-based reimbursement. Many CAHs provide laboratory services in Rural Health Clinics (RHCs) and nursing homes in smaller, neighboring communities, as well as in home health settings. This means Medicare beneficiaries will have to travel to a CAH to have lab specimens drawn. The additional time and expense these patients incur is unnecessary if staff of the CAH are willing and able to provide service at the point of patient care and transport the specimen back to the CAH for analysis. This policy imposes a burden on patients, particularly the sick and the elderly, jeopardizing access to care. This provision would reinstate cost-based reimbursement to CAHs for lab services provided to patients who are not physically present in the hospital. B. Eliminate CAH ""Isolation Test"" for Ambulance Reimbursement Under current law, CAHs can only receive cost based reimbursement for ambulance services if they are the only provider within a 35-mile drive. This provision would eliminate the 35-mile requirement, ensuring that CAHs are appropriately reimbursed for providing emergency medical services. Section 8: Capital Infrastructure Loan Program This program would make loans available to help rural facilities improve crumbling buildings and infrastructure. In addition, rural providers could apply to receive planning grants to help assess capital and infrastructure needs. This program would be authorized through September 30, 2011, and funding would be subject to the annual appropriations process. Section 9: Extend the Medicare Incentive Payment Program The Medicare Incentive Payment (MIP) Program provides 10 percent bonus payments to physicians practicing in Health Professional Shortage Areas (HPSAs). The MMA built upon this program by requiring CMS to identify eligible rural providers and automatically provide the 10 percent add-on payment to all Medicare claims. This legislation would extend the MIP program until January 1, 2010. Section 10: Extend the Physician Fee Schedule Work Geographic Adjustment Medicare payments for physician services are based upon a fee schedule, intended to relate payments for a given service to the actual resources used in providing that service. There are three components of this fee schedule - liability, practice, and work. CMS defines ""physician work"" as the amount of time, skill, and intensity necessary to provide services. Each component of the fee schedule is multiplied by a geographic index designed to adjust for variations in cost. The geographic index as it relates to ""physician work"" is lower in rural areas than in urban areas. Thus, although rural physicians put in as much or even more time, skill, and intensity into their work as physicians in urban areas, rural physicians are paid less for their work. The MMA increased the work geographic index to a base of one over a two year period for any locality for which such index was below one. Those fee schedule areas that are currently at or above one are not affected. Section 102 of the Tax Relief and Health Care Act of 2006 allowed this adjustment to continue through calendar year 2007. This section would extend current law until January 1, 2010. Section 11: Services Provided to Home Health and Hospice Patients Under existing Medicare policy, physician assistants, nurse practitioners, and clinical nurse specialist are not allowed to directly prescribe home health or hospice care. This restriction limits these provider groups' ability to offer needed services to patients, especially those living in rural and frontier areas. This section ensures physician assistants, nurse practitioners, and clinical nurse specialists - who have no financial relationship with a home health or hospice agency and are legally authorized to perform the services - will be eligible to directly prescribe home health and hospice care. These providers will be reimbursed by Medicare at 85 percent of the physician fee schedule for such services. Section 12: Rural Health Clinic Reimbursement Rural Health Clinics (RHCs) receive an all-inclusive payment rate that is capped at approximately $63. Various analyses have suggested that payment rate does not appropriately cover the cost of services for most RHCs and that the cap should be raised to address the shortfall. This provision would raise the RHC cap to $92 making it comparable to the payment rate Community Health Centers (CHC) receive. Section 13: RHC and CHC Collaborative Access Expansion Current CHC legislative and regulatory requirements mandate these facilities offer a single model to deliver essential health care services. While this model works in urban areas, it does not always work well in rural and frontier communities. Building facilities offering a full range of services is ideal, but can be impractical for many small rural towns. The current delivery system often puts up barriers or prevents collaboration, networking, innovation, and sharing of resources. This makes accessing care much more difficult. This provision would make it easier for RHCs and CHCs who choose to work together to share services, coordinate care, and combine financial resources to improve patient care in rural, underserved areas. Section 14: Rural Home Health Add-On Payment The Deficit Reduction Act extended a 5 percent add-on payment increasing reimbursements to home health agencies for services furnished in rural areas. That provision expired. Section 14 would reinstate the add-on payment through January 1, 2009. Section 15: Temporary Ground Ambulance Payment Extension Ambulance providers are closing their doors due to inadequate Medicare payments and inappropriate payment denials by Medicare claims processors. These difficulties often jeopardize the level of care that ambulance services can deliver, and ultimately may increase the time it takes to respond to patients. To help alleviate this situation, the MMA (Section 414 d) increased payments by 2 percent for rural ground ambulance services. The MMA provisions expired at the end of 2006. This section would reinstate the add-on payment for rural ambulance providers in 2008 and 2009 and increase it to 5%, in response to the findings of a recent Government Accountability Office report on EMS services. Section 16: Mental Health Provider Reimbursement The Medicare program only permits psychiatrists, psychologists, social workers, and clinical nurse specialists to bill Medicare for mental health services provided to seniors. However, the vast majority of rural areas are designated as mental health professional shortage areas and most rural counties do not have a psychiatrist or a psychologist. This section would permit marriage and family therapists and licensed professional counselors to bill Medicare for their services and be paid the rate of social workers. These providers are much more likely to practice in a rural setting and are often the only mental health professional available in remote rural and frontier areas. Section 17: Physician Pathology Services Extension In 1999, the Centers for Medicare and Medicaid Services (CMS) made an unexplained regulatory change mandating hospitals (not Medicare) pay independent laboratories for services provided to beneficiaries. This CMS regulation would have added a new financial burden on many small, rural independent laboratory facilities. The Benefits Improvement and Protection Act (BIPA) of 2000 temporarily prohibited this payment change from taking place. BIPA allowed rural, independent laboratories to continue billing Medicare directly, but only for a few years. The MMA extended the provision through 2006. Then, the Tax Relief and Health Care Act of 2006 extended the provision through 2007. Section 17 of this legislation would extend this policy for two years. Section 18: Technology Projects to Improve Home Health Services This section would require the Secretary of HHS to create pilot projects providing incentives for home health agencies to purchase and utilize home monitoring and communications technologies. These pilot projects must use technology to enhance health outcomes for Medicare beneficiaries and reduce spending under the Medicare program. Section 19: Facilitating the Provision of Telehealth Services Across State Lines Telehealth has helped to bring health care into rural areas that otherwise lack access to such services. Medicare has recognized the value of telehealth and provides reimbursement for certain providers and services. However, a problem exists when telehealth services are provided across state lines because of individual state licensure laws. This provision would direct the Secretary of HHS to work with stakeholders to adopt regulations to facilitate multistate practice.",1,"[""2"", ""5""]","The release describes Domenici as a primary cosponsor of a rural health care bill and says it includes provisions he has championed. It also explicitly connects provisions in the Medicare Modernization Act to Domenici, stating that he 'first authored' them. Although the current bill is being introduced and not yet enacted, the text connects a named law/provision to Domenici as author and presents him as a principal cause of provisions’ success, satisfying Rule 2 and Rule 5.",
744,Senator Allard Asks Air Force Secretary for Clear Relgious Expression Guidelines at Academy June 29th 2005 WASHINGTON D C U S Senator R Colorado a member of the Air Force Academy Board of Visitors sent a letter on Monday to the Acting Secretary of the Air Force Michael Dominguez requesting that the Air Force clarify the line between permissible and impermissible religious expression at the Air Force Academy I was pleased that the recent religious climate survey at the Air Force Academy found no overt religious discrimination and I have also been pleased by the steps that Superintendent Rosa has taken to address the issue proactively Senator Allard said However there seems to be a lack of awareness at the academy about what constitutes appropriate religious expression Now that the academic year has ended there is a window of opportunity for the Air Force to establish clear religious guidelines before classes resume in August Senator Allard said Implementing clear religious expression guidelines for the faculty staff and cadets at the Air Force Academy will be the key to making sure that the academy is a welcoming place for people of all religions The U S Air Force Academy Board of Visitors is scheduled to meet on July 15 2005 The recent religious climate survey as well as the steps that the Air Force is taking on the issue will be among the topics of discussion at the meeting My hope is that the Air Force will have some draft guidelines ready for review at the upcoming Board of Visitors Meeting added Senator Allard June 2005 Press Releases,0,[],"Senator Allard sent a letter requesting that the Air Force clarify religious expression guidelines. The text describes oversight/advocacy and hopes for draft guidelines, but does not claim that his action produced a concrete result or that the Air Force agreed. Therefore, no credit-claiming rule applies.",
873,Medicare Penalty to Be Waived for Hurricane Affected Seniors FOR IMMEDIATE RELEASE 06 14 2006 Medicare Penalty to Be Waived for Hurricane Affected Seniors Administrator finally responds to Sen Landrieu s letter in testimony before Rep Jefferson s committee WASHINGTON In testimony before the House Ways and Means Committee Medicare Administrator Dr Mark McClellan today confirmed that seniors affected by Hurricanes Katrina and Rita will have until the end of the year to file for prescription drug benefits without having to pay a penalty The testimony responds to urgent calls for clarification made by U S Senator Mary L Landrieu D La and U S Representative William Jefferson D La following a New Orleans Times Picayune article that revealed that evacuees were being penalized despite an extension allowing additional time to join and switch plans You are well aware of the devastation caused by the hurricane to all Louisianians lives especially those most vulnerable the sick and the elderly Sen Landrieu wrote in a letter to Dr McClellan last month Temporary emergency exceptions must be made to ensure that these older citizens enroll in a prescription drug plan at this critical juncture in their lives Despite a request that he reply to Sen Landrieu s letter by May 23rd Dr McClellan s first clear statement on the issue came under questioning by Rep Jefferson today Dr McClellan can you assure me today that your agency will take the necessary measures to ensure that those seniors affected by Hurricane Katrina can access the prescription drug plans without imposing lifetime penalties or benefit lapse Rep Jefferson asked Dr McClellan said the more than 250 000 Louisiana seniors who were unable to file for Medicare Part D prescription coverage by the national May 15th deadline will now have until December 31 2006 to file without penalty if they live in one of 31 hurricane impacted parishes This is the first time that Dr McClellan and HHS has provided a definite response and assurance to our inquiries on this matter which is so vital to our seniors accessing the new prescription drug benefits and other Medicare programs on which the are relying so heavily Rep Jefferson said New Orleans has the most low income seniors in the hurricane affected area and this news is extremely important to providing the healthcare services we need The agency s position last month simply didn t make sense granting a so called extension while still charging the same penalties as for any other late filer Sen Landrieu said I am pleased that the agency has finally come to its senses and recognized the inconsistency our delegation brought to its attention last month The news will bring significant relief to the more than a quarter million Louisiana seniors who were facing a lifetime of pointless penalty payments,1,"[""1"", ""4""]",The release states that the Medicare Administrator finally responded to Senator Landrieu’s letter and confirmed that hurricane-affected seniors could enroll without penalty. It credits Landrieu’s delegation with bringing the issue to the agency’s attention and presents the agency’s change as relief secured through her intervention. This satisfies Rule 1 and Rule 4.,
3143,Press Releases Senator Graham Press Relases Contact Wes Hickman 202 224 5972 or Kevin Bishop 864 250 1417 Date 12 19 2007 Graham Supports Farm Bill Renewal WASHINGTON Last week the U S Senate overwhelmingly approved the Food and Energy Security Act of 2007 Farm Bill U S Senator Lindsey Graham the only member from South Carolina who serves on the Agriculture Committee in either the House or the Senate voted in support of the legislation which passed 79 14 Among the major features Extends commodity programs for producers Reauthorizes conservation agriculture research rural development energy and food assistance programs Establishes incentives for farmers to invest in the production and conversion of renewable biomass such as cellulosic ethanol to energy Establishes a Rural Collaborative Investment program that would bolster economic development in rural regions by providing grants for projects created by local government business and nonprofit organizations Reauthorizes key programs such as the Emergency Food Assistance Program the Fruit and Vegetable Program the Environmental Quality Incentives Program the Wetlands Reserve Program foreign food assistance programs and rural programs such as community facility funding broadband service rural waste water grants I know how important these programs are to our states farmers and communities said Graham Agriculture is the second largest industry in South Carolina and our rural communities depend on the development funds included in this bill said Graham I am pleased we were able to come together and approve a farm bill that maintains current farm programs and includes increased funding for nutrition specialty crops conservation and energy programs I am especially pleased by the provisions relating to energy programs and our farming community said Graham This bill takes important strides towards energy independence and the protection of our environment through the authorization of energy programs that build on the potential of cellulose based ethanol as an alternative energy source Graham worked to include additional grant programs that could benefit research and training being conducted in South Carolina These include expanding research conducted on forage fed beef systems and a New Era Rural Technology Program that would provide grant money to community colleges for training an agriculture workforce in bio energy and the pulp and paper industry The legislation also includes a Graham backed provision that would provide economic adjustment assistance in the amount of 4 cents per pound to textile manufacturers for the modernization of equipment and operations Graham noted there are several reform provisions in the bill such as a reduction in payment limits over the life of the bill that would prohibit payments to producers whose adjusted gross income exceeds 750 000 and who earn less than two thirds of their income from farming Under current law payments are prohibited to producers with incomes above 2 5 million and who make less than three fourths of their income from farming The Senate bill would also ban some farmers from collecting payments for multiple farm businesses This farm bill is not perfect and everyone would admit that there are some things in this bill that they dont like said Graham However I am proud that through much negotiation an acceptable middle ground was reached As a matter of national security we must support programs that will ensure a reliable and constant food supply for all Americans In addition to broad support in the Senate the legislation is also backed by various farming groups including the American Farm Bureau South Carolina Farm Bureau the South Carolina Department of Agriculture the National Cotton Council the South Carolina Cotton Farmers the Southern Peanut Farmers Federation and the American Soybean Association Farmers are in the midst of planning for the new crop year and are at a distinct disadvantage in not knowing how farm programs will be structured for the coming year said Hugh Weathers South Carolina Commissioner of Agriculture We appreciate Senator Graham s efforts in securing passage of the Senate Bill and look forward to following the process of negotiating a Farm Bill that will provide the security farmers need as they begin planning their intentions for 2008 The bill will now go to conference committee with the House of Representatives December 2007 Press Releases Browse by Current record,1,"[""1"", ""2""]","The text announces Senate passage of the Farm Bill and says Graham voted for it and worked to include additional grant programs and a Graham-backed provision. It also quotes an agriculture official appreciating Graham’s efforts in securing passage. These statements present Graham as contributing to a passed bill and specific included provisions, satisfying Rule 1 and Rule 2.",
1610,"SEN. REID: PRESIDENT MUST NOT TURN HIS BACK ON AMERICA'S CHILDREN Senate Majority Leader Harry Reid made the following statement today at an enrollment ceremony for the Children's Health Insurance Program (CHIP) legislation. Below are his remarks as prepared for delivery, as well as background on Graeme Frost - the CHIP participant who joined Senator Reid at the ceremony and is delivering this week's Democratic Radio Address: ""First, I want to thank the children who are here, especially Graeme Frost and his mother Bonnie. You are the true voice of what we are doing here today, and so I thank Graeme for agreeing to deliver tomorrow's Democratic Radio Address. I also want to welcome Tobi Drabczyk and her children Severa, Mitchell, Jocelyn, and Arwen for being here. ""There are precious few issues in Washington these days that find broad support across the spectrum. This bill we are sending to the President is the result of a truly bipartisan effort. Chairman Baucus and Senator Rockefeller have worked tirelessly with Senators Grassley and Hatch to make this possible, and I applaud Senators Grassley and Hatch for doing what is right for America's kids. And it is a national effort - nearly every governor supports this program to improve children's health care, as do the vast majority of the American people. ""It is unfortunately all too rare to see Democrats and Republicans, healthcare providers and patient advocates, rural and urban Americans, and citizens of all ages come together to fight on the same side of the issue. But that is what has happened here. Unfortunately, there is one man standing on the other side, standing in the way of children getting the health care they need. I do not know why the President wants to pick a political fight over this when it is clear that all Congress and the American people want is to offer health care to children in need. ""We have come together to send the President a strong bill that will cover all 6.6 million low-income children currently in CHIP and provide health insurance to 4 million more. This program will do so not by turning over health insurance to the government, but by combining the best of public and private health coverage so American children get good medical care. It makes sure kids in working families get the doctor visits and medicines they need when they're sick, and the checkups they need to stay well. And this is why it is so important that the President join us to do the right thing. Rejecting this program - as the President has threatened to do - is both immoral and irresponsible.""",0,[],"The text is a statement by Senator Reid urging the President not to reject CHIP legislation and praising bipartisan work on it. It describes a bill being sent to the President and criticizes the President’s threatened rejection, but it does not present Reid as personally responsible for producing, securing, or receiving recognition for a concrete outcome. Therefore, no credit-claiming rule applies.",
178,"SEN. JEFFORDS COMMENTS ON CONTRACTOR LIABILITY AT EPW SUBCOMMITTEE HEARING Statement of Sen. Jim Jeffords, I-Vt. EPW Subcommittee on Superfund and Waste Management Updated Contractor Liability and Environmental Laws Mr. Chairman, thank you for holding this oversight hearing on government contractor liability proposals related to Hurricane Katrina. I am greatly concerned for the people who have been affected by our nation's largest natural disaster, and I will do everything in my power to help them get back on their feet. As a nation, our focus should be on rebuilding the Gulf Coast so that residents can safely return to their homes and get on with their lives. Last month, I joined with Democratic members of this committee to introduce S. 1836, the ""Gulf Coast Infrastructure Redevelopment and Recovery Act of 2005."" This legislation would ensure a more coordinated rebuilding effort in the aftermath of Hurricane Katrina. The bill sets up a federal task force to coordinate Katrina response efforts among agencies. It establishes National Preparedness Grants, and would work to fix the needless and catastrophic problems we saw emerge in our nation's emergency response plans. Our bill also establishes a National Levee Safety Program, and requires the EPA to develop a comprehensive sampling plan for hazardous substances that may threaten human health or the environment. Recent press reports indicate that the levees in New Orleans may have failed because of faulty construction practices by government contractors. We must ensure that the rebuilding of the levees, and the Gulf Coast Region, is done by competent contractors who adhere to the law. Any legislation that would limit the liability of contractors who assist federal or state governments with relief and construction efforts in this region is a bad idea. Now more than ever, our government's role should be to ensure that its citizens are protected from faulty clean-up efforts. With all that is going on in their lives, the people of the Gulf Coast should not have to worry about contaminated drinking water, hazardous waste exposure, destruction of property, personal injury or even death. These citizens have already suffered a tremendous loss that will take many years to get over. To limit their legal remedies at a time like this is unconscionable. Simply put, we must not provide corporations with liability shields and exemption from environmental regulation at the expense of the Gulf Coast residents. The rush to clean up from Katrina is not a rationale for allowing contractor negligence. Given that some Katrina contractors are greatly benefiting from no-bid contracts, we should be extra vigilant to see that it is done right. These contractors and corporations do not deserve special treatment at the expense of those who have lost their family members, homes, and jobs.",0,[],"The statement describes an oversight hearing, expresses concern, and mentions introducing legislation, but it does not claim a concrete outcome, passage, funding secured, or personal responsibility for a benefit. It is not credit-claiming.",
2153,"SEN. MIKULSKI DELIVERS ON COMMITMENT TO BRAC-RELATED TRANSPORTATION PROJECTS Senator Barbara A. Mikulski (D-Md.), a member of the Transportation, Housing and Urban Development (THUD) Appropriations Subcommittee, today announced she has fought to include funding in the 2008 spending bill for key Maryland transportation projects, fulfilling her promise to help communities manage growth related to the 2005 Base Realignment and Closure (BRAC) Commission's recommendations. ""My promises made to BRAC-impacted communities are promises kept. BRAC brings great opportunities, but it also brings great challenges. That's why I want to make sure Maryland has what it needs in the federal checkbook to implement the BRAC decisions and meet the increased demands on our communities,"" said Senator Mikulski. ""More money for Maryland highways and public transit systems means safer and faster commutes to work. This funding will help BRAC-ready our transportation systems to keep Marylanders on the move."" Senator Mikulski has been fighting for several years to prepare Maryland communities and military bases for the BRAC process, which will bring thousands of new employees to the state. This includes 10,000 new jobs that will never leave the country, in addition to 85,000 existing jobs on bases and up to 40,000 non-direct jobs. The spending bill includes: * $13 million for the MARC Commuter Rail System. The funding will be used for new locomotives and railcars, to study new station locations, and to improve existing stations. * $3 million to improve access to Aberdeen Proving Ground (APG) in Harford County. * $3 million to improve access to the National Naval Medical Center in Bethesda by making adjustments to the already congested Maryland Route 355. * $1 million for the Central Maryland Transit Center at Fort Meade to house and maintain Maryland Transportation Authority (MTA) buses that will serve Anne Arundel, Howard and northern Prince George's Counties. * $1 million for the Bi-County Transit Center in Langley Park to serve as an off-street bus transfer facility for residents of Prince George's and Montgomery Counties. The legislation passed the full Senate Appropriations Committee this afternoon. In the next step of the appropriations process, the bill will move to the Senate floor for a vote, which has not yet been scheduled. Contact: Melissa Schwartz, 202/228-1122.",1,"[""1"", ""2""]","The release states Mikulski fought to include funding in the 2008 spending bill for Maryland transportation projects, fulfilling a promise, and the bill passed the Senate Appropriations Committee. It presents her as responsible for securing concrete funding, satisfying rules 1 and 2.",
2174,"ALASKAN RECEIVES COMMITTEE APPROVAL TO BE PIPELINE, HAZARDOUS MATERIALS, INDUSTRIAL SAFETY TRAINING SAFETY ADMINISTRATOR The Senate Committee on Commerce, Science, and Transportation has approved the nomination of retired Vice Admiral Thomas J. Barrett, United States Coast Guard (USCG), to serve as the first Administrator of the Pipeline and Hazardous Materials Safety Administration (PHMSA). Barrett currently serves as the vice president and chief operating officer of the Potomac Institute for Policy Studies. ""Vice Admiral Barrett is a devoted public servant. His distinguished service with the United States Coast Guard and his commitment to securing the safety of our nation led President Bush to nominate him for this position,"" said Stevens. ""I am pleased our committee has approved this nomination. I am confident Vice Admiral Barrett will approach this position with the same dedication with which he has fulfilled his past assignments."" During Barrett's nomination hearing last month, Senator Stevens said he hoped Barrett would enhance coordination between the Pipeline Administration and the Transportation Security Administration. Stevens is concerned about the agencies' efforts to secure the Trans-Alaska Pipeline and the future Alaska Natural Gas Pipeline. He encouraged Barrett to secure domestic pipelines while eliminating redundancy in reporting between the agencies. ""We want absolute safety and we want absolute security, but the redundancy matter ought to be examined,"" said Stevens. ""You might tell us whether these two agencies ought to somehow be either separated or combined."" Prior to joining the Potomac Institute, Barrett served in the USCG for 35 years. He was stationed throughout the Gulf Coast of Alaska, where he commanded the Seventeenth Coast Guard District and served as Commander, Naval Forces Alaska. Barrett directed USCG operations in the North Pacific, including the Gulf of Alaska, the Eastern Bering Sea, and the Arctic Ocean. In 2002, the Alaska State Legislature officially honored his contributions to the state. Barrett's other assignments have included commanding the Coast Guard's largest operational base at Kodiak and coordinating the Coast Guard Leadership Council. He has also served as Deputy Commander of Coast Guard Maintenance and Logistics Command, Atlantic and Special Assistant to the Chief Counsel. Vice Admiral Barrett earned a bachelor's degree in biology from Le Moyne College in Syracuse, NY and a juris doctor from the George Washington University. He is also a graduate of the Army War College and the National Defense University. Vice Admiral Barrett and his wife, Sheila, have two sons. Both of their sons are Iraq combat veterans. Contact: Courtney Boone, 202/224-1028; Janel Anderson, 202/224-5122.",0,[],"The release announces committee approval of a nomination and praises the nominee. It does not present the senator as personally responsible for a concrete benefit, policy outcome, or achievement, nor does it give the senator an award or recognition. It describes committee action and a nomination, so it is not credit-claiming.",
1660,March 15 2005 Senator Clinton Meets With New York Fire Fighters and Expresses Serious Concern About Devastating Cuts to Fire Safety Programs tn President Bush s Budget Proposal Senator Clinton Meets with First Responders in Albany Binghamton Buffalo Newburgh Rochester Rye Syracuse Utica White Plains and Yonkers Washington DC Today Senator Hillary Rodham Clinton NY met with more than forty fire fighters today from fire departments throughout New York State who are here for the 23rd annual International Association of Fire Fighters Legislative Conference The senator and fire fighters discussed the legislative challenges facing fire safety programs targeted for cuts by President Bush Senator Clinton also spoke about a first responders amendment that she co sponsored today along with Senator Debbie Stabenow MI This amendment restores the shortsighted cuts in funding to critical first responder and law enforcement programs I was so pleased to meet with the brave men and women who protect our communities day in and day out They expressed to me their struggle with increasing demands and decreasing funds Senator Clinton said Federal funding is essential for fire departments in New York and elsewhere Every dollar that our local communities receive means extra resources not only to help them fight fires but to help them respond to other emergencies and ensure public safety Senator Clinton has expressed her serious concerns about the potentially devastating impact of cuts to the Fire Act program and Staffing for Adequate Fire and Emergency Response Firefighters Act of 2003 SAFER Act detailed in the Bush Budget proposal The President s recent budget proposal includes a 30 percent cut a loss of more than 215 million nationwide in funding to the Fire Act program These reductions represent a continuing pattern in which President Bush has substantially reduced funding for the Fire Act program below what Congress appropriated in previous years Senator Clinton has continuously fought for full funding of the Fire Act and for passage of the SAFER Act to provide 7 6 billion in funding over seven years to help our nation s fire departments hire an additional 75 000 fire fighters Senator Clinton was also proud to announce the Senate passage of the SAFER Act proposal which was included in the Department of Defense Authorization bill and was enacted in November 2003 but which received absolutely no funding in the FY 2006 Budget proposal Given the critical job that fire fighters perform each and every day I am disappointed and quite frankly perplexed by the President s proposed cuts to the Fire Act in the 2006 Budget proposal We should do everything we can to ensure that our fire fighters have the resources equipment and training they need to keep us safe Senator Clinton said,1,"[""1"", ""2""]","The release says Clinton was proud to announce Senate passage of the SAFER Act proposal included in the Department of Defense Authorization bill and enacted in November 2003. It also notes she continuously fought for full funding and passage, attributing a legislative accomplishment to her. This is credit-claiming under rules 1 and 2.",
2328,"SEN. WHITEHOUSE SPONSORS GLOBAL WARMING BILL AIMED AT WILDLIFE PROTECTION Calling global warming the single greatest threat to the world's natural environment, U.S. Senator Sheldon Whitehouse (D-R.I.) today announced new legislation calling for a national strategy to address the threat of climate change to America's wildlife. A member of the Senate Committee on the Environment and Public Works (EPW), Whitehouse said that global warming has already begun to have a severe and lasting impact on wildlife populations and marine ecosystems in Rhode Island and around the world. Senator Barbara Boxer (D-Calif.), chair of the EPW Committee, will be an original cosponsor of the bill. ""As the waters of Narragansett Bay grow warmer, cold-water fish species with high commercial value, like winter flounder, have been replaced by warmer-water species, like scup, whose value to our fishermen is lower,"" Whitehouse said. ""Melting sea ice in Greenland is pushing polar bears closer to inhabited villages in search of food. As we work to mitigate the causes of global warming, we must also take urgent action to address its effects on wildlife, oceans, and other natural systems on which we all depend."" The Global Warming Wildlife Survival Act will: * Set New National Strategies to Address Climate Change's Impact on Wildlife and Oceans. The bill would direct the federal government to develop coordinated national strategies to identify, monitor, and protect or restore wildlife populations and habitats that are likely to be harmed by global warming; and to protect, maintain, and restore coastal and marine ecosystems to help them better withstand ocean acidification, sea level rise, and other stresses related to climate change. * Create Advisory Panels to Share Scientific Research and Advice. The bill would create Advisory Boards, with members appointed by the President of the National Academy of Sciences, and a new National Global Warming and Wildlife Science Center within the U.S. Geological Survey, to conduct research and provide scientific and technical advice on strategies to help wildlife, oceans, and coastal ecosystems adapt to global warming. A special panel would also be convened to look specifically at the impacts of climate change on endangered species. * Provide Resources to Help States Protect Wildlife and Marine Ecosystems. The bill would provide grants and other federal resources to help states, territories, and Indian tribes study wildlife, oceans, and habitats that may be affected by global warming, and plan and implement programs to mitigate the effects of climate change on these populations.",0,[],"The release announces new legislation sponsored by Whitehouse and describes what the bill would do. It does not claim passage, enactment, inclusion, funding secured, or another concrete outcome. It is an introduction of a bill, not credit-claiming.",
928,U S Senator Patty Murray Murray Makes Pierce County Projects a Priority in Federal Spending Bill Murray Murray Makes Pierce County Projects a Priority in Federal Spending Bill 12 17 2007 News Release Murray Makes Pierce County Projects a Priority in Federal Spending Bill For Immediate Release Monday December 17 2007 Washington D C Today U S Senator Patty Murray D WA a senior member of the Senate Appropriations Committee announced critical federal funding for Pierce County and Tacoma priorities in the fiscal year 2008 Omnibus Appropriations bill Due to the threat of Presidential vetoes of Americas domestic spending priorities Congress combined several appropriations bills into one large Omnibus bill which should pass both houses this week The Omnibus package contains critical funding for national needs like transportation homeland security education labor and health This federal support is the seed money that helps our communities grow said Senator Murray I am proud to have helped steer this funding to community supported projects here at home I work everyday to ensure that even though our state s residents are 2 500 miles from D C their needs are up front and center At a time when domestic and local needs are too often being neglected these worthy projects are getting the support they deserve This spending bill is expected to be cleared by the U S House of Representatives tonight and sent to the Senate tomorrow Below are the projects included for Pierce County They are separated by project type Transportation Projects Tacoma Lincoln Avenue Separation 1 029 000 This project will help eliminate Lincoln Avenue truck and rail congestion by raising Lincoln Avenue over key railroad tracks used for rail operations within the Port area This corridor is critical to the operations of the Port of Tacoma as it represents 1 of 2 entrances to the Port from I 5 Currently lengthy delays are being experienced at the corridor by both trucks and trains These delays have become a major source of concern for the Ports customers Tacoma Rail Mountain Division Track Upgrades 754 600 This project is necessary to meet an expanding freight business need which exists on the 131 mile Mountain Division Rail Line The funding will be used for both track upgrades and signal improvements Tacoma Rail not only serves a variety of commercial businesses but also serves as a back up to Fort Lewis Army Base and McChord Air Force Base Port of Tacoma Interchange Improvement 980 000 The Port of Tacoma Interchange Improvement project will provide road and interchange improvements at the intersection of Interstate 5 Pacific Highway East and Port of Tacoma Road Funding will be used for enhancement work that will enable improved access and alleviate existing congestion for trucks traveling to and from the Port of Tacoma YMCA of Tacoma Pierce County for Facility Improvements 245 000 The YMCA of Tacoma Pierce County serves more than 51 000 people throughout the region every year The funding provided by Senator Murray will assist with the construction of a new YMCA facility in Gig Harbor north of Highway 16 Mobile Object Technology Topia Ventures in Tacoma 2 016 840 The funding secured by Senator Murray will help further a pilot project that illustrates how Topia Mobile Object technology Kolona operates in complex network environments like the National Air Space System NAS and System Wide Information Management SWIM Kolona enables different aviation systems to interact effectively to avoid a system failure or any delay of the information available to pilots and air traffic controllers Senator Murray has previously secured 7 75 million for this project Pierce Transit Peninsula Park and Ride 1 029 000 This funding will support efforts by Pierce Transit to develop a new Park and Ride facility in Gig Harbor The Peninsula Park and Ride is being designed to support the increased transit and vanpool ridership expected with the opening of the new Tacoma Narrows Bridge University Place Intermodal Transit Facility 735 000 This funding will go toward building a new regional transit facility that will relieve congestion improve freight mobility and enhance interconnectivity between University Place Lakewood downtown Tacoma Tacoma Community College and a future light rail station The Intermodal Transit Facility is a key component of the City of University Places Uptown Center a mixed use development that will include retail office housing and public space The transit facility will allow the development to be transit friendly Funding will go toward construction of a new parking garage Salishan HOPE VI Redevelopment Project 1 470 000 This funding will go toward Salishan HOPE VI project the Tacoma Housing Authority s largest public housing development The development is currently undergoing a large scale revitalization Senator Murray has helped to provide significant funding for this project in previous years Commerce and Justice Projects Pierce County Emergency Response Communication System 681 500 The funding will go to Pierce County Tacoma and Puyallup to extend the communications system to smaller communities and fix gaps in the system It eventually will allow Pierce County to communicate seamlessly with King and Snohomish counties in the event of a natural disaster terrorist event or other emergency National Methamphetamine Training and Technical Assistance Center NMTTAC 714 400 This project would make Tacoma and Pierce County the home to the principal national meth resource center for the nation It would provide training education prevention and treatment resources all in one facility Energy and Water Projects 304th Street Landfill Conversion 3 739 200 The 304th Street Landfill produces gas emissions that are currently wasted and burned by flare Under this new effort the landfill gas would be converted into biomethane a clean fuel that would then be used to power trash hauling trucks county buses and other fleet vehicles The effort would turn a waste product into a productive transportation fuel that would reduce the need for foreign oil while producing fewer greenhouse gases in the vehicles it powers Mud Mountain Dam Construction 2 340 000 These funds will be used to replace the 100 year old diversion dam on the White River and will enable the Corps to meet ongoing fish passage needs The money will also be used for operations of the current facility Homeland Security Projects Port of Tacoma Intermodal Test Center 5 500 000 This center will pioneer radiation screening technology that will be used on rail cars that deliver goods throughout our state and country It will help the test center lead the way for ports across the nation safeguard our communities and ensure that our state s trade based economy is protected The center was established as part of Senator Murrays landmark SAFE Port Act which was signed into law last year The SAFE Port Act also raises security standards for all cargo entering the U S creates a streamlined system to track and monitor cargo creates a system to resume trade after an incident and authorizes port security grants Education Projects Child Care Resource and Referral Network 861 679 The Child Care Resource and Referral Network evaluates and publicizes information about the quality of child care and early learning opportunities across the state giving parents the necessary information to make educated decisions about their child care needs Additionally they provide incentives for child care facilities to serve low income families and they provide assistance to improve the quality of care and learning opportunities for children Agriculture Nutrition Projects Diabetes Detection and Prevention 806 316 This funding will go to WSU Puyallup in order to aid research to help people increase peoples confidence to manage their diabetes Over 2500 people have been enrolled in a 5 lesson program that helps people with diabetes understand the need for regular medical care physical activity and dietary management The program has had dramatic results Without funding the WSU Extension Diabetes Education Program cannot continue Interior Projects Mount Rainer National Park Expansion 1 181 180 This funding will allow the National Park Service to purchase approximately 200 additional acres to add to the Mount Rainier National Park The area includes a mile of the Carbon River that flows from the glaciers of Mt Rainier and the scenic Marsh Property The Carbon River provides a habitat for salmon and steelhead and other terrestrial species Conservation of these properties will help link the surrounding wildlife corridors and protect the ecosystem health of the Carbon River Valley,1,"[""1"", ""2"", ""4""]","The release announces critical federal funding in the FY2008 Omnibus bill and repeatedly states Murray helped steer or secured funding for specific Pierce County projects. It presents her intervention as producing concrete benefits for constituents, satisfying rules 1, 2, and 4.",
2018,March 30 2006 Press Release Senate Subcommittee on Housing and Transportation to Consider Reed Bill to Help Communities Prevent and End Homelessness WASHINGTON DC The Senate Banking Committee s Subcommittee on Housing and Transportation will today consider a bipartisan bill introduced last year by Senator Jack Reed D RI to provide 1 6 billion for homelessness assistance grant programs to prevent and end homelessness Senator Wayne Allard R CO Chairman of the Subcommittee is a cosponsor of the legislation Originally created as a program to serve as a federal response to the crisis of homelessness the McKinney Vento Act has become a safety net for low income households who are inadequately served by mainstream programs such as Section 8 and Medicaid Reed s bill the Community Partnership to End Homelessness Act amends the housing titles of the McKinney Vento Homeless Assistance Act of 1987 to realign the incentives behind the Department of Housing and Urban Development s HUD homelessness assistance programs simplify and consolidate three competitive HUD homelessness assistance programs into one program and allow more funding to flow to communities that can demonstrate a commitment to accomplishing the goals of preventing and ending homelessness Reed stated A relatively small number of long term chronically homeless persons continue to utilize a disproportionate number of the beds in our nation s shelters I believe that limited federal dollars need to be focused on preventing and ending homelessness not maintaining it The legislation would increase current levels of funding for homelessness assistance grant programs by 260 million and would allocate funding to be used for the creation of permanent housing for the disabled as well as homelessness prevention Reed stated We should devote significant energy and resources to ending homelessness in the United States A safe and decent home should not just be the American dream and the American promise It should be the American commitment The Community Partnership to End Homelessness Act would Provide Funding for Preventing Homelessness It would allow communities to use up to 5 of their grant funding on programs to prevent homelessness Provide Incentives for Ending Homelessness Create National Funding Priority for Permanent Housing It would require HUD to use 30 of total funds available nationally under this title for permanent housing development activities for disabled homeless persons or families with a disabled adult In addition funds in addition to the 30 can be used for permanent housing for homeless people without disabilities Provide Communities with Bonus for Production of Permanent Housing Stock It would allow for a bonus for new project based permanent housing units for chronically homeless individuals or families or for non disabled families who are homeless Preserve Funding for Effective Permanent Housing Programs for Disabled Persons It would allow HUD to renew permanent housing projects through a noncompetitive process as long as the projects are in compliance with the rules and are still needed in their communities Successful experience with this approach for Shelter Plus Care renewals shows that this solves the problem of investor confidence and prevents people from being at risk of losing their housing Consolidate Competitive Grant Programs By simplifying the application process the bill would reduce the administrative burden on communities caused by different program requirements It would allow funding to be used for an array of eligible activities maximizing flexibility creativity and local decision making Require Outcome based Performance Evaluations It would require local planning boards to conduct outcome based evaluations of their own performance in ending and preventing homelessness as well as the performance of project sponsors awarded funds under this title Encourage Identification of Policies and Practices Impeding the Ending and Preventing of Homelessness It would requires community planning boards to review relevant public policies and practices including those related to discharge planning and service termination from publicly supported facilities and systems of care as well as zoning ordinances that may result in imminent repeated or prolonged homelessness Promote Access to Mainstream Resources for Supportive Services It would encourage communities to connect persons who are homeless to mainstream resources such as food stamps and Medicaid so that HUD can use more of its funds for housing Three years after bill enactment allowable supportive services would be restricted to case management life skills training outreach housing counseling and others services determined by the Secretary of HUD to be directly relevant to helping homeless persons to access and maintain housing Maximize Local and State Resources through Community Planning and Collaboration It would integrate decision making regarding funding for shelters and prevention activities into a collaborative and inclusive community planning process to ensure that a community effectively addresses the full Continuum of Care from prevention and shelter to permanent housing and access to mainstream supportive services Increase Authorization for Appropriation 1 6 billion for fiscal year 2007 and such sums as necessary for years 2008 2009 2010 and 2011 Require Technical Assistance HUD would have to provide technical assistance to potential and actual applicants to improve their capacity to engage in effective planning and implementation processes that reduce and prevent homelessness Create Uniform Match Requirements Cash match of 25 for all activities except for renewals of permanent housing operating costs in some circumstances Require Timely Award and Use of Funds It would require HUD grantees and project sponsors to award obligate and utilize funds within certain time periods Administrative Funds It would allow 6 of awarded funds to be used by the entity managing the homeless system at the local level to carry out grant administration management information and monitoring activities as well as preparation of financial and performance reports An additional 5 would be available to project sponsors providing direct services for administrative costs,0,[],"The release describes a subcommittee considering a bill introduced by Reed and explains the bill's provisions. It does not claim passage, adoption, funding secured, or another concrete outcome produced by the senator. It describes legislative activity and future consideration, so it is not credit-claiming.",
3175,Statement Of Senator Patrick Leahy On President Bush s Formal Withdrawal Of The Nomination Of Harriet Miers U S SENATOR PATRICK LEAHY VERMONT Statement Of Senator Patrick Leahy D Vt Ranking Member Senate Judiciary Committee On President Bushs Formal Withdrawal Friday Of The Nomination Of Harriet Miers To Be An Associate Justice Of The U S Supreme Court Friday October 28 2005 When I spoke with Ms Miers yesterday I wished her well Those from the extreme right who hounded her nomination from the outset and forced the President to withdraw it should not now be rewarded by being put in charge of choosing her successor It is a sign of how upside down the process has become that even now the White House is spinning this withdrawal as if the possibility that the Senate might ask questions about Ms Mierss work at the White House were enough to frighten them into withdrawing the nomination in advance Ironically rather than withdrawing this nomination in defense of presidential power and prerogatives this withdrawal signals that this President has allowed his choice to be vetoed by an extreme faction within his party before hearings or a vote He has ceded presidential authority to the extreme right With turmoil engulfing the White House with no way out of the disastrous and deadly occupation of Iraq and with a worsening federal debt it is unfortunate that the President feels he is in such a weak position that he has to cater to a narrow but vocal faction of his political base The Supreme Court should be above partisan politics Many have previously bemoaned the influence of outside groups who advocate on each side during the confirmation process but this takes that influence to a new level to the nomination itself The extreme right has demanded and gotten an extra constitutional veto over President Bushs nomination and infected the process designed by the Founders Along with other Democratic senators I urged that we withhold judgment until after her hearings and that is what Democratic senators have done The Senate Friday received the Presidents withdrawal of this nomination and now he has a third opportunity to nominate someone to succeed Justice Sandra Day OConnor I strongly urge him not to reward those who unfairly criticized Ms Miers but instead to consult with senators on both sides of the aisle and nominate someone who will unite the country and win overwhelming approval in the Senate and from the vast majority of the American people This is a time for the President to honor his first pledge to the American people to be a uniter and not a divider It has been an eye opening experience for the country to see what a vocal faction of the Republican Party really wants They do not want an independent federal judiciary This experience exposed the right wing litmus test that they insist be used rather than selecting judges and justices who will be fair and impartial in applying the law They in fact demand judges who will guarantee the results that they want When in the past they promoted nominees by saying that they should not have to answer questions or provide information and documents they did so because they believed private assurances or because they thought they knew exactly how the nominee would rule from the bench From Harriet Miers the Presidents lawyer and choice they have demanded more They wanted assurances and had questions about personal beliefs and demanded to see a documentary paper trail They have pretended to be against so called activist judges But what they really demand is the appointment of activist judges who will rule their way They do not seek fairness and independence but toe the line ends oriented decisions from the nations independent judiciary It is too bad that the President gave into their demands to withdraw this nomination before the hearings proceeded Harriet Miers was denied the equivalent of her day in court and of any fair opportunity to make her case The President should not now compound this mistake by rewarding those who forced him to withdraw her nomination by allowing them to dictate the next nominee Instead he should think about the country The Supreme Court is the guarantor of the rights of all Americans The nomination should be made in the nations interest not to serve the interests of any partisan faction,0,[],"The statement discusses President Bush's withdrawal of the Miers nomination and criticizes political actors. It does not claim the senator produced a concrete outcome, secured a benefit, or achieved a policy result. It is a policy/political statement, not credit-claiming.",
4668,STATEMENT BY SENATOR JOHN MCCAIN ON PROFESSIONAL BOXING AMENDMENTS ACT OF 2005 January 25 2005 Senator John McCain R AZ submitted the following statement to the Congressional Record on the introduction of the Professional Boxing Amendments Act of 2005 Mr President today I am pleased to be joined by Senators Stevens and Dorgan in introducing the Professional Boxing Amendments Act of 2005 This legislation is virtually identical to a measure approved unanimously by the Senate last year I remain committed to moving the Professional Boxing Amendments Act through the Senate and I trust that my colleagues will once again vote favorably on this important legislation Simply put this legislation would better protect professional boxing from the fraud corruption and ineffective regulation that have plagued the sport for far too many years and that have devastated physically and financially many of our nation s professional boxers For almost a decade Congress has made efforts to improve the sport of professional boxing and for very good reason With rare exception professional boxers come from the lowest rung on our economic ladder They are the least educated and most exploited athletes in our nation The Professional Boxing Safety Act of 1996 and the Muhammad Ali Boxing Reform Act of 2000 established uniform health and safety standards for professional boxers as well as basic protections for boxers against the sometimes coercive exploitative and unethical business practices of promoters managers and sanctioning organizations But further action is needed Mr President the Professional Boxing Amendments Act would strengthen existing Federal boxing law by improving the basic health and safety standards for professional boxers establishing a centralized medical registry to be used by local commissions to protect boxers reducing the arbitrary practices of sanctioning organizations and enhancing the uniformity and basic standards for professional boxing contracts Most importantly this legislation would establish a Federal regulatory entity to oversee professional boxing and set basic uniform standards for certain aspects of the sport Current Federal boxing law has improved to some extent the state of professional boxing However I remain concerned as do many others that the sport remains at risk Some State and tribal boxing commissions still to this day do not comply with Federal boxing law and there is still a troubling lack of enforcement of the law by both Federal and State officials Indeed professional boxing remains the only major sport in the United States that does not have a strong centralized association league or other regulatory body to establish and enforce uniform rules and practices Because a powerful few benefit greatly from the current system of patchwork compliance and enforcement of Federal boxing law a national self regulating organization though preferable to Federal government oversight is not a realistic option Ineffective and inconsistent oversight of professional boxing has contributed to the continuing scandals controversies unethical practices and unnecessary deaths in the sport These problems have led many in professional boxing to conclude that the only solution is an effective and accountable Federal boxing commission The Professional Boxing Amendments Act would create such an entity Mr President this bill would establish the United States Boxing Commission USBC or Commission The Commission would be responsible for protecting the health safety and general interests of professional boxers The USBC would also be responsible for ensuring uniformity fairness and integrity in professional boxing More specifically the Commission would administer Federal boxing law and coordinate with other Federal regulatory agencies to ensure that this law is enforced oversee all professional boxing matches in the United States and work with the boxing industry and local commissions to improve the safety integrity and professionalism of professional boxing in the United States The USBC would also license boxers promoters managers and sanctioning organizations The Commission would have the authority to revoke such a license for violations of Federal boxing law to stop unethical or illegal conduct to protect the health and safety of a boxer or if the revocation is otherwise in the public interest Mr President it is important to state clearly and plainly for the record that the purpose of the USBC is not to interfere with the daily operations of State and tribal boxing commissions Instead the Commission would work in consultation with local commissions and it would only exercise its authority when reasonable grounds exist for such intervention In point of fact the Professional Boxing Amendments Act states explicitly that it would not prohibit any boxing commission from exercising any of its powers duties or functions with respect to the regulation or supervision of professional boxing to the extent not inconsistent with the provisions of Federal boxing law Let there be no doubt however of the very basic and pressing need in professional boxing for a Federal boxing commission The establishment of the USBC would address that need The problems that plague the sport of professional boxing undermine the credibility of the sport in the eyes of the public and more importantly compromise the safety of boxers The Professional Boxing Amendments Act provides an effective approach to curbing these problems I again urge my colleagues to support this legislation Mr President I ask unanimous consent that a copy of this bill be printed in the RECORD at this point end January 2005 Press Releases Browse by Current record,0,[],"The statement announces introduction of the Professional Boxing Amendments Act and explains its provisions. Although it mentions a prior Senate-approved identical measure, it does not claim the current bill's passage or a concrete outcome secured by the senator. It is legislative proposal, not credit-claiming.",
1250,United States Senator Gordon Smith Smith Wyden Secure 115 Million In Oregon Projects as Congress Passes Highway Bill July 29th 2005 WASHINGTON D C Today U S Senators Gordon Smith R OR and Ron Wyden D OR announced the final Congressional approval of the Transportation Equity Act of 2005 That legislation reauthorizes the Federal aid surface transportation program which includes federally aided highways highway safety programs and transit programs The bill will now be sent to the President for signature into law Senators Smith and Wyden released the list below of 115 million in approved Oregon projects earlier this week when the bill s conference report was completed Oregon s economy depends on efficient roads and reliable infrastructure Smith said By investing in a smart Oregon project federal dollars can substantially improve the business climate and standard of living in a community Highway funds are a high performance fuel for Oregon s economy they boost commerce and create living wage jobs in a whole host of industries said Wyden The projects in this bill will improve the roads and highways Oregonians use every day and that will make a difference in the quality of life for folks all across our state Oregon projects in the highway bill include 16 million in Clackamas County for the Sunrise Corridor 15 million for purchase of right of way planning and design and construction of a highway in Newberg 10 million for a I 5 99W connector in Washington County 9 million to add a southbound lane to a section of I 5 through Portland between Delta Park and Lombard 8 4 million to reroute U S 97 at Redmond and improve intersection of U S 97 and Oregon 126 5 million for Highway 20 improvements from Pioneer Mountain to Eddyville 5 million for upgrading the I 5 Fern Valley interchange at Exit 24 in Medford 5 million in Multnomah County for the Sellwood Bridge 3 9 million in Umatilla County for Barnhart Road Extension 3 8 million in Portland for construction of highway and pedestrian access to Macadam Avenue and street improvements 3 5 million for improvements to U S 97 from Modoc Point to Algoma 3 4 million for construction of I 84 and US 395 Stanfield interchange improvement project 3 million for Beaverton Hillsdale Scholls Ferry Olenson Road 2 million for the I 5 Trade Corridor Portland to Vancouver segment 2 million to construct sidewalks and improve storm drainage and gutters for the Safe Walk Plan in Medford 1 8 million for Oregon riverfront access in The Dalles 1 7 million for Highway 22 improvements in Polk County 1 7 million for Highway 140 transportation improvements in Lake County 1 6 million for Highway 22 Cascade Highway interchange improvements in Marion County 1 5 million for Phase One I 205 Highway 213 Interchange improvements 1 4 million for widening I 205 in Clackamas County 1 3 million in Wilsonville to construct Barber Street extension 1 million for Cascade Locks Southbank Enhancements in Cascade Locks 1 million for transportation improvements around the Federal Courthouse in Eugene 1 million for the Troutdale Interchange at I 84 1 million for improvements to I 205 at Airport Way 1 million for I 5 interchange in Coburg 1 million for widening Oregon Highway 217 between Tualatin Valley Highway and the U S 26 interchange in Beaverton 700 000 in Yamhill County for P Rehabilitation Project 500 000 for Highway 101 improvements 500 000 in Hood River for Frontage Road crossing project 500 000 for Kuebler Boulevard improvements in Salem 400 000 for Marine Park underpass to address necessary improvements in the Cascade Locks 400 000 for the I 5 Franklin Glenwood Interchange Study current Press Release,1,"[""1"", ""2"", ""5""]","The release announces final Congressional approval of the highway bill and lists $115 million in Oregon projects secured by Senators Smith and Wyden. It presents the senators as having secured concrete funding and connects the legislation/projects to their effort, satisfying rules 1, 2, and 5.",
3648,Alexander Corker Cosponsor Resolution Congratulating National Champion Lady Vols Basketball Team from the Office of Senator Bob Corker Thursday April 12 2007 WASHINGTON D C The U S Senate today approved a resolution sponsored by U S Senators Lamar Alexander R TN and Bob Corker R TN congratulating the 2007 University of Tennessee UT Lady Vols basketball team for winning the 2007 NCAA Division I Women s Basketball National Championship On April 3 2007 the UT Lady Vols defeated the Scarlett Knights of Rutgers by a score of 59 46 at the championship game in Cleveland OH This year Pat Summitt earned her seventh national title as head coach for the Lady Vols continuing her record as college basketball s winningest coach men s or women s with 947 victories over 33 seasons We re very proud of our Lady Vols because they are true student athletes Coach Summitt puts a serious focus on the academic achievement of her players which sets a tone that the rest of the NCAA would do well to emulate Alexander said I know how proud I was as president of the University of Tennessee that one of the most visible symbols of our university had such high values As a UT grad I m especially proud to join Senator Alexander in honoring the Lady Vols basketball team for winning Tennessee s seventh national title under coach Pat Summitt said Corker I congratulate this exceptional group of young women and Coach Summitt for bringing another championship back to Knoxville The resolution passed the Senate by unanimous consent late Thursday,1,"[""2""]","The press release announces that the Senate approved a resolution sponsored by Sens. Alexander and Corker congratulating the UT Lady Vols basketball team. It states ""The U.S. Senate today approved a resolution sponsored by U.S. Senators Lamar Alexander and Bob Corker"" and ""The resolution passed the Senate by unanimous consent."" This constitutes a legislative accomplishment: a resolution sponsored by the senators achieved passage. Under Rule 2, ""votes won on the senator's initiative"" includes resolutions. The resolution is a concrete legislative action completed, and the senators are presented as the sponsors responsible for it. Therefore, this satisfies Rule 2. No other rules apply.",
3328,FOR IMMEDIATE RELEASE WASHINGTON D C Today Senator Edward M Kennedy Chairman of the United States Senate Health Education Labor and Pensions HELP Committee released a report on the student loan system entitled Second Report on Marketing Practices in the Federal Family Education Loan Program The report discusses the findings of Chairman Kennedy s investigation of inappropriate marketing practices in the student loan industry Chairman Kennedy said The findings of the report underscore the urgent need for reform of the student loan system How to pay for college is one of the most important decisions that families can make We owe it to them to make sure theyre getting the best deal possible for their hard earned education dollars The report is posted on Senator Kennedys website at www kennedy senate gov Key findings are included below Some lenders provided donations services private loan funds and other benefits to colleges in exchange for preferential treatment with regard to student loans including placement on the colleges preferred lender list Some lenders made improper payments to schools based on loan volume and gained preferential treatment for FFEL loans in exchange for such payments Two lenders entered into an improper agreement with a guaranty agency under which 1 the lenders paid the guaranty agency a marketing fee which violated the inducements prohibition and 2 the guaranty agency provided free personnel to schools in exchange for FFEL market share Some lenders schools and alumni associations entered into agreements that improperly constrained financial aid officers from providing unbiased and neutral financial advice to students The United States Senate higher education bill would prohibit all of these practices 30 Laura Burton Capps Melissa Wagoner 202 224 2633,0,[],"The press release announces that Chairman Kennedy released a report on marketing practices in the student loan industry, presenting findings from his investigation. It describes oversight activity and calls for reform, and states that the Senate higher education bill ""would prohibit"" the identified practices. However, the bill is described in future/conditional terms (""would prohibit""), not as a completed outcome. No concrete result is claimed as having been achieved by the senator. The release describes investigation, report publication, and policy advocacy without attributing a secured benefit, passed law, or produced policy change to the senator. Per the codebook definition and negative examples, this is oversight/policy position expression, not credit-claiming.",
685,KOHL ANNOUNCES LEGISLATION TO RESTORE COMPETITION TO THE OIL INDUSTRY Press Release For Immediate Release March 14 2006 Phone 202 224 5653 KOHL ANNOUNCES LEGISLATION TO RESTORE COMPETITION TO THE OIL INDUSTRY Six oil company executives called in to testify at Judiciary Committee hearing on high fuel prices today WASHINGTON The Presidents and CEOs of six major American oil companies today testified before the Senate Judiciary Committee during a hearing on consolidation in the oil and gas industries and U S Senator Herb Kohl said he will introduce legislation to restore competition in the business While consumers pay rapidly rising prices for gasoline and home heating fuel the oil industry continues to report record profits including ExxonMobil s 36 billion last year an all time high for a U S corporation Wisconsin Attorney General Peg Lautenschlager also testified at today s Judiciary Committee hearing None of us questions the right of private businesses such as the oil companies to maximize the profits they earn for the benefit of their shareholders in a competitive market At the same time none of us should tolerate profiteering if it results from collusion price gouging market manipulation or other similar anti competitive practices And the realities of today s oil market cause many of us to worry that something more suspicious than simply competitive market forces are at work Kohl said Kohl said there are several red flags with respect to the oil and gas industries Despite burgeoning demand and high profits to be made no new refineries have been opened in 25 years and more than half of those operating 25 years ago have been closed Oil industry critics argue that oil companies have chosen not to expand refining capacity in order to gain market power to keep prices high Furthermore more than 2600 mergers and acquisitions have occurred in the oil industry since 1990 leaving a dangerous level of consolidation in their wake and according to a GAO study higher gas prices Kohl a member of the Judiciary Committee will introduce a bill with Committee Chairman Arlen Specter R PA to give U S antitrust enforcers added tools to restore competition to this industry The bill includes a prohibition on the withholding of petroleum products designed to raise prices and Kohl s previously introduced legislation to subject the members of the OPEC oil cartel to U S antitrust law The bipartisan legislation also establishes a joint state and federal task force to look at information exchanges between oil companies to ensure that they do not collude on pricing Kohl is also the author of legislation to direct the Secretary of Energy to establish and operate a strategic refining reserve and to authorize him to stop the exportation of gasoline and home heating oil when he supply falls short at home The oil company executives that testified at today s hearing included the CEOs of ExxonMobil Chevron ConocoPhillips and Valero Energy Corp and the Presidents of Shell and BP America,0,[],"The press release describes Sen. Kohl announcing legislation he ""will introduce"" to restore competition to the oil industry, and his involvement in a Judiciary Committee hearing. It mentions he ""will introduce a bill"" with Chairman Specter, and that he is ""the author of legislation"" to direct the Secretary of Energy to establish a strategic refining reserve. However, these are descriptions of legislative activity and future intentions. The bill is not yet introduced, let alone passed. Per the codebook definition and the negative examples for Rule 2, describing legislation without claiming a completed outcome does not constitute credit-claiming. The hearing description is oversight activity without a claimed result. No concrete outcome is attributed to the senator.",
2650,Latest News TOPICS Latest News FOR IMMEDIATE RELEASE August 30 2005 Schumer Clinton Announce Over 1 Million for Stewart International Airport Federal funds will be used to improve terminal building Federal funds come on the heels of Small Community Air Service Development Program SCASDP Grant to encourage new commercial air service to Florida Washington DC Senators Charles E Schumer and Hillary Rodham Clinton today announced the U S Department of Transportation has awarded 1 105 800 in Federal Aviation Administration FAA funds to Stewart International Airport The federal dollars come from an Airport Improvement grant The funds will be used to improve the terminal building This is great news for the Hudson Valley said Schumer Stewart International Airport welcomes travelers to New York each year and these improvements are important for the airport as well as strengthening the local economy I will continue to fight tooth and nail for federal funds to help the airport remain a thriving center of activity and a hub for economic growth in the region This funding is a very welcome investment in Stewart International Airport and in the entire Hudson Valley region Senator Clinton said For tourism and business alike access is an essential ingredient for economic development I am pleased that we can continue to support the airport with this federal funding because more flights mean better economic opportunities for communities These federal funds will be used by Stewart International Airport to improve the terminal building The project will enhance passenger services and ensure that the facilities will meet the needs of the growing community Last week Schumer and Clinton announced 250 000 in federal funds was awarded to Stewart Airport by the U S Department of Transportation The federal dollars come from the Small Community Air Service Development Program SCASDP Grants The funds will be used to help the airport promote its services to passengers and offer inducements to new carriers Stewart Airport will use these federal funds to institute a comprehensive marketing program to recruit low far service to Florida,1,"[""1"", ""4""]","The press release announces that Sens. Schumer and Clinton secured over $1 million in Federal Aviation Administration Airport Improvement Program funds for Stewart International Airport to improve its terminal building. The release explicitly states the senators ""today announced"" the DOT has awarded the funds, and includes quotes from both senators claiming credit: Schumer says ""I will continue to fight tooth and nail for federal funds"" and Clinton says ""I am pleased that we can continue to support the airport with this federal funding."" This is a concrete funding outcome secured by the senators for their state, satisfying Rule 1 (concrete outcome: obtaining funding) and Rule 4 (senators' advocacy/pressure produced a concrete benefit for constituents). The release also mentions a separate $250,000 SCASDP grant announced the previous week.",
279,DURBIN BIPARTISAN LINCOLN COMMERATIVE DOLLAR BILL ON ITS WAY TO PRESIDENT S DESK 9 8 2006 DURBIN BIPARTISAN LINCOLN COMMERATIVE DOLLAR BILL ON ITS WAY TO PRESIDENT S DESK Friday September 8 2006 WASHINGTON DC U S Senator Dick Durbin D IL today announced the Senate passed legislation which directs the Secretary of the Treasury to issue 500 000 one dollar commemorative coins to honor the 200th anniversary of the birth of Abraham Lincoln The bill was authored by Rep Ray LaHood R IL in the House and by Durbin in the Senate both of whom are co chairmen of the Abraham Lincoln Bicentennial Commission The House passed the bill on Wednesday and the legislation now heads to the President for his signature The 1 commemorative coins will be issued in 2009 the year of Lincoln s bicentennial and will feature designs emblematic of the life and legacy of President Abraham Lincoln The design for the coins will be selected by the Treasury Secretary after consultation with the Commission of Fine Arts and the Abraham Lincoln Bicentennial Commission and will be reviewed by the Citizens Coinage Advisory Committee Abraham Lincoln is a true American hero and his life can provide inspiration to Americans of any age and background Durbin said Lincoln demonstrated enormous courage and strength of character during the Civil War and throughout his life ensuring that the United States remained one nation united and inseparable To honor the 200th anniversary of his birth this special series of 1 commemorative coins will pay tribute to his life and work In December Durbin passed separate legislation known as the Abraham Lincoln Bicentennial One Cent Coin Redesign Act which will issue a series of one cent coins to honor the 200th anniversary of the birth of Abraham Lincoln The redesigned pennies will be issued in 2009 the year of Lincoln s bicentennial and will feature four designs on the reverse side of the coins each representing a different aspect of the life of Abraham Lincoln The full cost of producing the coins will be paid for by funds generated through coin sales Any additional proceeds will help fund the celebration and the continued study of the life of President Lincoln,1,"[""2"", ""5""]","The press release announces that Sen. Durbin authored the Senate version of the Lincoln Commemorative Dollar Bill, which passed the Senate and was on its way to the President's desk. It explicitly states ""The bill was authored by Rep Ray LaHood R IL in the House and by Durbin in the Senate,"" directly connecting a named law to the senator as author. Additionally, the release states that ""In December Durbin passed separate legislation known as the Abraham Lincoln Bicentennial One Cent Coin Redesign Act,"" connecting another named law to the senator's passage. These satisfy Rule 2 (legislative accomplishment achieved: bill passed Senate, headed to President) and Rule 5 (explicitly connecting named laws to the senator as author).",
952,FOR IMMEDIATE RELEASE Today the Washington Post published Senator Edward M Kennedys op ed on the critical need for the United States to take the lead in regard to Iraqi refugees Below is Senator Kennedys op ed We Can t Ignore Iraq s Refugees Edward M Kennedy Link http www washingtonpost com wp dyn content article 2006 12 29 AR2006122901066 html With the nation still at war in Iraq each of us is deeply grateful to the brave men and women in our armed forces who celebrated the holidays this year with half their hearts at home and half in Iraq But this year especially it is essential that we also reflect on another human cost of the war the hundreds of thousands of innocent Iraqi men women and children who have fled their homes and often their country to escape the violence of a nation increasingly at war with itself The refugees are witnesses to the cruelty that stains our age and they cannot be overlooked America bears heavy responsibility for their plight We have a clear obligation to stop ignoring it and help chart a sensible course to ease the refugee crisis Time is not on our side We must act quickly and effectively Today within Iraq 1 6 million people have already fled or been expelled from their homes An additional 1 8 million fleeing sectarian violence kidnappings extortion death threats and carnage have sought refuge in neighboring countries At least 700 000 are in Jordan 600 000 in Syria 100 000 in Egypt 54 000 in Iran and 20 000 in Lebanon Typically they are not living in refugee camps but have relocated in urban areas where they must draw on their own meager resources to pay for food and shelter and must depend on the good graces of the host governments The neighboring countries in turn are under enormous financial stress from the rapidly increasing needs of the refugees In Jordan they now make up more than 10 percent of the population the equivalent of 30 million people flooding America s shores These countries are increasingly unable to meet the refugees basic needs Borders are being closed to more and more of these men women and children with the result that many who are most in need or in danger are trapped in the Iraqi caldron of violence As it continues to boil the humanitarian crisis will only worsen The recent report of the Iraq Study Group rightly concluded that if this refugee situation is not addressed Iraq and the region could be further destabilized and the humanitarian suffering could be severe Sadly as with so many other aspects of the Iraq war from the growing threat of the insurgency to the need to provide adequate armor for our troops the administration has failed to recognize the breadth of the crisis and to adjust our policy to address the plain facts on the ground There is an overwhelming need for temporary relief and permanent resettlement Last year however America accepted only 202 Iraqi refugees and next year we plan to accept approximately the same number We and other nations of the world need to do far better Thousands of these refugees are fleeing because they have been affiliated in some way with the United States Cooks drivers and translators have been called traitors for cooperating with the United States They know all too well that the fate of those who work with U S civilians or military forces can be sudden death Yet beyond a congressionally mandated program that accepts 50 Iraqi translators from Iraq and Afghanistan each year the administration has done nothing to resettle brave Iraqis who provided assistance in some way to our military This lack of conscience is fundamentally unfair We need to do much more to help Iraqi refugees especially those who have helped our troops Our nation is spending 8 billion a month to wage the war in Iraq Yet to meet the urgent humanitarian needs of the refugees who have fled the war the State Department plans to spend only 20 million in the current fiscal year America needs to lead but we cannot adequately respond to this overwhelming crisis alone Because of the magnitude of the problem we also need action by Iraq s neighbors and the rest of the world An essential first step could be to hold an international conference on the issue ideally sponsored by the countries in the region and the United Nations to begin to deal with the growing number and needs of Iraqi refugees and internally displaced persons The United States should participate in the conference and provide substantial support for the refugees Doing so would encourage other nations to address the crisis help the refugees and displaced persons and assist the countries shouldering the greatest burden Working with Iraq s neighbors and the United Nations we can encourage rapid action to relieve suffering and save lives And a productive conference could lead in turn to broader discussions and greater progress on the future of Iraq Clearly in the long term we need to work together to find a way to end the violence and stop the hemorrhaging of lives In the short term America needs to respond far more effectively to the needs of the millions of refugees and displaced persons who are suffering so much from the war Failure to act quickly and cooperatively with other nations will only result in more carnage chaos and instability in the region Laura Capps Melissa Wagoner 202 224 2633,0,[],"The press release publishes Sen. Kennedy's op-ed on the need for the United States to lead on Iraqi refugees. The text is a policy advocacy statement expressing positions on the Iraq refugee crisis and calling for action. It criticizes the administration's handling of the crisis and calls for an international conference. No concrete outcome, secured benefit, passed legislation, or award is attributed to the senator. Per the codebook definition, texts that ""express policy positions"" or ""criticize opponents"" are not credit-claiming.",
4580,Congressional Delegation Announces Millions in Funding for Arkansas s State and Local Priorities Both Congressional Delegation Announces Millions in Funding for Arkansas s State and Local Priorities FOR IMMEDIATE RELEASE December 18 2007Contact Katie Laning 202 224 4843 Washington Members of the Arkansascongressional delegation today announced that Congress has finalized an omnibus appropriations package containing millions of dollars for numerous state and local priorities for Arkansas The members of the Arkansas congressional delegation include U S Senators Blanche Lincoln D and Mark Pryor D and Representatives Marion Berry D 1st Vic Snyder D 2nd John Boozman R 3rd and Mike Ross D 4th The omnibus appropriations package combines eleven of the twelve annual spending bills The Department of Defense Appropriations Act 2008 was signed into law earlier this year The omnibus package passed the Houselate Monday The Senate is expected to vote on it this week The following are important state and local priorities in Arkansas that the congressional delegation successfully fought to include in the omnibus package Agriculture 1 056 552 for the Animal Science Food Safety Consortium AR IA KS In Arkansas the University of Arkansas Division of Agriculture UAMS and Arkansas Childrens Hospital will use the funding for safety research and education activities 339 606 for the Center for IntegratedForest Management Strategies at the University of Arkansas in Monticello The funding will be used for forestry research and education activities 825 183 for the Institute for Food Science and Engineering at the University of Arkansas The funding will be used for research and education activities to improve the study of food science and human nutrition 74 475 for Enhancing Agricultural Profitability and Sustainability through Specialty Crops at the University of Arkansas The funding will be used for research designed to help growers producers and processors to develop profitable production systems of specialty crops 1 328 634 for Geographic Information Systems Arkansas is one of eight states to participate in this project 142 992 for the SmallFarmsWetlandsManagementCenter The Small Farms Wetland Management Center will work in conjunction with the University of Arkansas Pine Bluff UAPB on conservation 1 951 245 for the NationalWaterManagementCenter The funding will be used for conservation operations 164 838 for the Big Slough Watershed Project 90 363 for the Departee Creek Watershed Project 44 316 000 for the NationalCenter for Toxicological Research in JeffersonCounty 2 979 000 for the Delta Regional Authority The funding will be used to award grants in the Delta region Some grant recipients may be located in Arkansas Approximately 5 610 450 for the Arkansas Childrens NutritionCenter in Little Rock Funding will be used for investigations on optimizing the nutrition and health of children from conception through adolescence Approximately 3 972 000 for the DaleBumpersSmallFarmsResearchCenter in Booneville Approximately 4 193 439 for the Lower Mississippi Delta Nutrition Intervention Initiative The funding will be used to initiate community involved planning implement interventions and conduct research to assess the effects on health and nutrition status in counties throughout the Delta Region over the next 5 years This consortium consists of the Agriculture Research Service and six universities located in Arkansas Louisiana and Mississippi Approximately 3 506 283 for the DaleBumpersRiceResearchCenter in Stuttgart Approximately 577 926 for the NationalCenter for Agricultural Law Research and Information at the University of Arkansas Approximately 1 058 538 for the DaleBumpers SmallFarmsResearchCenter in Booneville The funding will be used to conduct endophyte research Approximately 3 636 366 for the HarryDupreeNationalAquacultureResearchCenter in Stuttgart The funding will be usedfor research on the genetic improvement of hybrid striped bass Arkansas leads the nation in raising hybrid striped bass as well as in producing 80 percent of the nations baitfish and other food fishes Approximately 296 142 for the Aquaculture Systems Research Unit atUAPB Approximately 1 568 934 for the Poultry Production and Product Safety Research Unit at the University of Arkansas Also the bill provides funding for technical assistance for rural water systems the Appropriate Technology Transfer for Rural Areas program and the Grassroots Source Water Protection Agency Some of this funding will go to Arkansas Additionally the bill provides continued funding for animal plant and health inspection services in Arkansas Commerce Justice and Science 679 150 for Criminal Justice Institute Rural Executive Management Institute The Rural Executive Management Institute delivers management education and training to rural law enforcement executives across the nation It is implemented in Little Rock by the Criminal Justice Institute of the University of Arkansas System 401 850 for the ArkansasState Police Internet Crimes Against Children ICAC Task Force The ICAC Task Force made up of 16 state and local agencies is working to develop an immediate forensic response in coordination with the states Morgan Nick Amber Alert System The core of the project will be a Forensic Recovery of Evidence Data Center which will connect forensic computers statewide through high speed satellites 535 800 for the ArkansasState Police COPS Methamphetamine Drug Hot Spots Program This funding will be used to certify and equip officers assigned to investigate seize dismantle and direct the clean up of clandestine methamphetamine labs 535 800 for the City of Pine Bluff Police Department Interoperable Communications System These funds will enable the city of Pine Bluffs Police Department to acquire an interoperable communications system linking the police department and fire department with the Metropolitan Emergency Communications Agency for county wide 911 dispatch 620 400 for the Criminal Justice Institute Methamphetamine Education and Training for the Arkansas Law Enforcement Community The Criminal Justice Institute will use this funding to provide methamphetamine focused courses for the Arkansas law enforcement community 89 300 for the Center for Healing Hearts and Spirits This funding will enable the Center for Healing Hearts and Spirits to expand its ongoing Black on Black Crime Initiatives For the past two years the Center for Healing Hearts and Spirits has spearheaded numerous projects workshops and meetings to address victim services disparities and black on black crimes widespread consequences in the Greater Little Rock area 446 500 for the Arkansas World Trade Center AWTC at the University of Arkansas This funding will help sustain the Trade Centers mission of supporting trade initiatives providing information for small to medium sized businesses in Arkansas and offering students international trade experience Northwest Arkansas is one of the fastest growing regions of the nation and there is a need to nurture exporting businesses in Arkansas The AWTC is a non profit organization comprising local regional and statewide business government and education leaders that is designed to meet the regions trade needs 446 500 for the City of Fayetteville Police Department Simulcast Communications System This funding will help the city of Fayettevilles Police Department to purchase install and implement an Astro 25 LE simulcast system The system would improve radio coverage and provide police officers and firefighters with an interoperable communications system in emergency situations 223 250 for the ArkansasState Police Criminal Investigation Division Wireless Network This funding will provide wireless technology capabilities to the Arkansas State Police Criminal Investigation Division CID investigators This technology will specifically enhance the CIDs ability to investigate narcotic crimes and missing and abducted children 235 000 for Save the Children Juvenile Delinquency Prevention Project Save the Childrens programs in the Arkansas Delta towns of Dermott and Helena West Helena provide K 8 school children with safe and educational after school activities from 3 p m to 6 p m Many parents are still working at this time when juvenile crime rates triple 267 900 for the ArkansasCenter for Space and Planetary Sciences University of Arkansas The Arkansas Center for Space and Planetary Sciences at the University of Arkansas will use this funding to purchase equipment and support NASA research 305 500 for CriminalJusticeInstituteSchool Resource Officer Program The Criminal Justice Institute will create a uniform School Resource Officer Program for Arkansas Currently Arkansas has no uniform standards training guidelines or certification requirements for its 214 school resource officers 235 000 for the IndependenceCounty Sheriffs Department This funding will enable the Independence County Sheriff s Office to enhance the security of the local Lyon College campus through a digital card access system 47 000 for the Hot Springs Police Department SWAT The Hot Springs Police Department will use the funds to purchase bullet proof vests and tactical assault rifles for its SWAT team 329 000 for the Hot Spring Police Department The funds are intended for mobile data equipment such as computer upgrades for police vehicles 235 000 for OuachitaCounty Sheriffs Department 188 000 for the Searcy Police Department 188 000 for the CrittendenCounty Sheriffs Office 188 000 for the CleburneCounty Sheriffs Department 47 000 for the SearcyCounty Sheriffs Department 47 000 for the LafayetteCounty Sheriffs Office Energy and Water 1 180 800 for the University of Arkansas at Little Rock UALR The UALR Nanotechnology Center will use these funds to continue to develop three new unique approaches to convert solar energy into useful electrical current 1 476 000 for ArkansasStateUniversity ASU Ethanol ASU currently has on staff a leading expert in the production of enzymes in a plant system that will lower the cost of ethanol production significantly The Arkansas Biosciences Institute ABI laboratory will lead an effort to bring together a skilled team that would bring this industry to not only Arkansas but to all agricultural areas in the U S 492 000 for the NationalCenter for Reliable Electric Power Transmission NCREPT This funding will help the NCREPT continue to develop improvements to overall power transmission reliability and efficiency 1 968 000 for the MidSouth Southeast BioEnergy Consortium Funds will go to three universities in the South including Arkansas State University and University of Arkansas to develop economic and environmentally viable systems to produce harvest and process relevant feedstocks for biodiesel and ethanol operations Construction Grand Prairie AR 9 840 000 Mississippi River Levees 54 129 000 AR IL KY LA MS MO TN St Francis Basin AR and MO 6 888 000 Channel Improvements 54 527 000 AR IL KY LA MS MO TN Ozark Jeta Taylor Powerhouse AR 22 632 000 Red River Emergency Bank Protection 3 277 000 AR LA Red River Below Denison Dam 2 060 000 AR LA OK TX White River Minimum Flow AR 935 000 General Investigation and Studies Boeuf Tensas project 394 000 Bayou Meto 2 657 000 Pine Mountain Dam Planning 461 000 Red River Navigation Study 197 000 White River Basin Investigations 140 000 White River Navigation to Newport AR 331 000 Lower Mississippi River Resource Assessment 246 000 AR IL KY IA MS MO and TN May Branch Fort Smith AR 107 000 Operations and Maintenance Channel Improvement 63 912 000 AR IL KY LA MS MO TN Helena Harbor Phillips County 394 000 Inspection of Completed Works 245 000 Lower Arkansas River North Bank AR 295 000 Lower Arkansas River South Bank AR 113 000 White River Backwater 984 000 Mississippi River Levees 11 611 000 AR IL KY LA MS MO TN St Francis Basin AR MO 9 840 000 Tensas Basin Boeuf and Tensas Rivers 2 624 000 AR LA Osceola Harbor 767 000 Yellow Bend 164 000 White River 2 669 000 McClellan Kerr Navigation system 28 678 000 Beaver Lake 4 814 000 Blakely Mt Dam Lake Ouachita 7 441 000 Blue Mountain Lake 1 913 000 Bull Shoals Lake 6 350 000 Dardanelle Lock and Dam 6 482 000 DeGray Lake 8 634 000 DeQueen Lake 1 430 000 Dierks Lake 1 529 000 Gillham Lake 997 000 Greers Ferry Lake 6 425 000 Helena Harbor 405 000 Inspection of Completed Works 211 000 Millwood Lake 2 183 000 Narrows Dam Lake Greeson 3 866 000 Nimrod Lake 2 298 000 Norfork Lake 5 360 000 Ouachita and Black Rivers AR LA 11 651 000 Ozark Jeta Taylor Lock and Dam 4 491 000 Project Condition Surveys 8 000 The bill also included language recommending that the Corps of Engineers conduct environmental improvement projects in the Lower Cache Restoration Millwood Lake and Grassy Lake extend the White River Navigation project from Newport to Batesville and execute small flood control projects in Wynne AR Financial Services 500 000 for the Arkansas Research and TechnologyPark ARTP These funds will be used to make general infrastructure improvements necessary for the development of the ARTP which is an economic development engine focused on innovation The technology park will attract and retain knowledge based workers and support technology based business cluster formation Interior 147 660 for the Lane House Theater in Eureka Springs This funding will help complete renovation of the Lane House Theater which will house an after school arts program that will provide intergenerational programming theatre dance film making and community dinners 2 180 446 for Moro Big Pine The Nature Conservancy will create a 15 000 acre working forest conservation easement intended to maintain open forest conditions that will increase the diversity and abundance of wildlife and rare species in Bradley and Calhoun Counties It will be open for public hunting and managed as a Wildlife Management area 295 320 for the OzarkMountain Regional Public Water Authority These funds will be used to begin property acquisition design easement preparation and abstract services for the project which will provide a safe and reliable source of drinking water to over 21 500 people in North Central Arkansas 295 320 for the City of Fayettevilles Water System Improvements These funds will be used to repair the deteriorated piping infrastructure 98 440 for Clover Bend As a multi purpose historically significant site the funding will be used to become a fully functional museum and education center 344 540 for a Memphis Aquifer Study The University of Memphis Arkansas State University and the University of Mississippi in collaboration with local state and federal agencies seek to address ground water sustainability and quality in the tri state area of Tennessee Arkansas and Mississippi 492 200 for the City of Pine Bluff The funds are intended to extend the sewer lines in Pine Bluff South under Interstate 530 and will provide service to the industrial area on both sides of Olive Street 492 200 for the Northwest Arkansas Conservation Authority This funding will enable several communities particularly in rural areas of Benton and Washington Counties to receive sewer and wastewater services Labor Health and Human Services and Education 957 967 for the ClintonSchool of Public Service at the University of Arkansas This unique graduate school is the first in the nation to offer a Masters Degree in Public Service The Clinton School offers a variety of additional academic programs to undergraduate and graduate students cooperates in research projects and emphasizes practical experience in communities throughout the world Thisfundingwill support faculty expenses students participating in public service projects in the U S and abroad the schools lecture series and curriculum development 574 781 for Community Health Centers of Arkansas Community Health Centers of Arkansas CHCA will use these funds to develop a comprehensive programmatic approach to meeting the capital needs of Arkansas s health centers This program would help Arkansas s community health centers overcome the significant challenges posed by a lack of available funds for capital projects 143 450 for the KIPP Foundation The KIPP Foundation will use this funding to support student programs and extended learning time at KIPP Delta College Prep in Helena West Helena 71 725 for LyonCollege Because Lyon College currently lacks an alternate source of power generation in the case of a natural disaster the funds will be used for an auxiliary power source that can supply the college with power in time of disaster 205 349 for NorthArkansasCollege in Harrison North Arkansas College will use this funding to meet the technology and infrastructure needs of its recently purchased 65 000 square foot building 1 359 822 for the University of Arkansas for Medical Sciences UAMS This funding will help UAMS construct a new ThyroidDiagnosticCenter enhance a multi state Masters degree program in genetic counseling improve facilities and purchase equipment 421 506 for the DrewCountyMemorialHospital These funds will be used for the construction of facilities and the purchase of equipment for the Drew County Memorial Hospital 71 725 for the CriticalAccessHospital in Heber Springs Funding will be used to help provide water and sewer utilities for a proposed new medical facility 215 175 for the WoodruffCountyHealthCenter The Woodruff County Health Center would construct and equip a dialysis treatment center in McCrory Arkansas 598 361 for Instructional Technology and Curriculum Development at the University of Central Arkansas The University of Central Arkansas UCA will use these funds to continue its successful technology infrastructure improvements 957 967 for the Nursing Program at Jefferson Regional Medical Center for Equipment Acquisition The Jefferson Regional Medical Center recently approved an expansion of its nursing school and these federal funds will be used to equip the new classrooms with new nursing education technology Transportation and Housing and Urban Development 2 626 400 for the NorthwestArkansasRegionalAirport Funding will be used for the construction of a second landing surface The Northwest Arkansas Regional Airport is the busiest commercial service airport in the Federal Aviation Administrations FAA Southwest Region 656 600 for the TexarkanaRegionalAirport Funding will be used for the construction of a new Aircraft Firefighting and Rescue station 392 000 for an Instrument Landing System at the SalineCountyAirport 2 626 400 for the Interstate 69 Great River Bridge Highway 65 MS Highway 1 South Arkansas 1 803 200 for the CarawayBridge Overpass Completion Jonesboro The overpass will be built over two local railroads to alleviate vehicle and rail traffic conflicts 3 116 400 for the Interstate 430 630 Interchange Little Rock 656 600 for the Northwest Arkansas Western Beltway The Western Beltway project was recommended by elected officials in Northwest Arkansas during the Long Range Transportation Planning process to provide an alternative to Interstate 540 Funding will be used for the necessary Draft Environmental Impact Study 490 000 for the Bella Vista Bypass 490 000 for the Highway 165 Overpass This funding will provide a four lane overpass at the Highway 165 crossing of the Union Pacific Railroad main line in Stuttgart 490 000 for Highway 77 Rail Grade Separation Marion The project will provide a grade separation crossing over the Burlington Northern Santa Fe railroad tracks 980 000 for Highway 71 Future Interstate 49 Development and Construction Doddridge 980 000 for the I 555 Access Road PoinsettCounty This funding will create an access road along the highway from Marked Tree to Payneway which will provide an artery for agriculture and local transportation to the St Francis River floodway 3 283 000 for the State of Arkansas Bus and Bus Facilities for Urban Rural and Elderly Disabled Agencies Funding will be used for buses and bus facilities for Arkansass small urban and rural transit systems In addition funding will help secure vans and small buses for Arkansass 250 community service organizations serving the elderly and persons with disabilities 393 960 for the University of Arkansas at Pine Bluff Completion of UAPB Business Support Incubator This funding will assist the Economic Research and Development Center in completing Phase II of the Business Support Incubator project 196 000 for Development of the Little RockAudubonCenter This continuation of funding initially provided to the city of Little Rock in 2005 will support Phase II development of the Little Rock Audubon Center located in the Granite Mountain Community in Southeast Little Rock Phase II will include construction of wildlife observation stations and five miles of trails improvements to an existing outdoor pavilion construction of a storage facility and construction of bathroom facilities 656 600 for the City of Fayetteville Attainable Housing Partnership The city of Fayetteville has taken the lead in developing a program in partnership with local developers to provide attainable workforce housing The program would create a sustainable revolving infrastructure fund that would allow teachers firefighters police officers and others a homeownership opportunity 245 000 for ASU Mountain Home The funding will be used for the construction of the multipurpose Veda Sheid Center which will host a variety of community focused outreach programs 343 000 for ASU Newport for the RegionalTransportationTechnologyCenter The funding will be used to help build a Commercial Driver Training Program facility at ASU Newport The facility will help the transportation industry meet the growing demand for qualified motor carrier operators and to provide additional safety training to drivers 147 000 for ConwayCounty The funding will be used for the renovation of the historic Morrilton Post Office 49 000 for the Renovation of the QuapawCommunity Center Hot Springs 196 000 for the Peace at Home Family Shelter Fayetteville VA and Military Construction 10 682 000 for the Little Rock Air Force Base Multi Purpose Education Facility These funds will go to the construction of a new improved educational facility off base so classes can continue to operate without interruption during times of increased security restrictions Arkansas State University will operate the new facility providing a wider selection of academic programs to active duty and reserve military personnel their dependents and interested civilians 9 800 000 for Runway Repair for the Little Rock Air Force Base The funding allows the airfield to repair deteriorated runway and shoulder pavements remove or eliminate airfield obstructions replace runway lighting and reorganize instrument guidance and navigation systems This construction upgrades the operational life of the airfield and supports mission essential flight training 1 900 000 for an Urban Assault Course at CampRobinson This range will support the individual and collective familiarization and qualification requirements of all personnel assigned to units in the Brigade Combat Team In addition it is expected that other units will use this facility Protected 5 500 000 in the Presidents Budget for the Ammunition Supply Point at CampRobinson This project will provide an ammunition supply point with specially designed anti terrorism force protection upgrades In addition to anti terrorism force protection upgrades improvements will include military and privately owned vehicle parking fencing outside lighting access road improvements perimeter fence installation and key card control access Protected 18 400 000 in the Presidents Budget for the GED Plus Program Complex at Camp Robinsons Professional Education Center PEC The new facility sitting on 4 5 acres will include barracks classrooms a dining area and administrative offices The PEC is the national training center for the Army National Guard hosting more than 20 000 conferees annually from the National Guard Army Reserve Active Army DOD State and Federal agencies 840 000 for the Cabot Readiness Center Funding will be used to construct a new facility in Cabot consisting of approximately 30 000 square feet which will include an assembly area administrative office space supply and storage areas classrooms kitchen parking and a maintenance training bay As a result of the 2005 Base Realignment and Closure process Arkansas is slated to receive funding to modernize the Aerospace Ground Equipment and Engine facility at the Little Rock Air Force Base to build a Joint Force Vehicle Maintenance facility at FortChaffee and to build an Armed Forces Reserve Center Building in Arkadelphia,1,"[""1"", ""2"", ""4""]","The press release announces that the Arkansas congressional delegation (including Sens. Lincoln and Pryor) finalized an omnibus appropriations package containing millions of dollars for Arkansas state and local priorities. It states the delegation ""successfully fought to include"" numerous earmarks in the omnibus package, which passed the House and was expected to pass the Senate. This is a concrete funding outcome secured by the delegation for Arkansas constituents, satisfying Rule 1 (concrete outcome: obtaining funding), Rule 2 (funding provisions included in a committee-approved/passed bill as secured by the senators), and Rule 4 (senators' advocacy/pressure produced concrete benefits for Arkansas communities). The extensive list of specific dollar amounts for named projects, institutions, and communities constitutes concrete benefits secured through the senators' efforts.",
1848,Sen Jeff Sessions Calls On Senate Democrats To Stop Blocking Mount Soledad Veterans Memorial Legislation Thursday July 27 2006 WASHINGTON U S Sen Jeff Sessions R AL today called on Senate Democrats to stop blocking legislation that would preserve the Mount Soledad Veterans Memorial in San Diego by transferring possession of the monument to the federal government Sessions Senate author of the legislation said at least one unidentified Senate Democrat has placed a parliamentary hold on the bill in an effort to block its passage Senate Republicans Tuesday cleared the bill for passage but it was held up by Democrats During a floor speech today Sessions tried for a second time to bring the bill up for passage but the Democrats again objected Sessions said he would invoke a parliamentary maneuver to force a vote if the Democrats continue to object The memorial has been under attack by the ACLU for more than 15 years due to the monument s 29 foot cross honoring the lives of fallen soldiers A federal judge has ordered the City of San Diego to remove the cross in the middle of the memorial or be fined 5 000 a day a decision that was based on California law and court decisions I am disappointed that some Senate liberals would object to protecting this important historic landmark that is so dear to our veterans and their families Sessions said This bill enjoys strong support from the people of San Diego the American Legion and Congress I call on my Democrat colleagues to allow a vote This is another example of an extreme interpretation of church and state questions that moves us towards a complete elimination of any religious references from the public square Sessions said A California Superior Court judge overturned a special election in which 76 percent of San Diego voters elected to transfer the Mount Soledad National War Memorial to the federal government Once the memorial is officially federal land it will not be susceptible to continued litigation under California s constitution but will be controlled by the U S Constitution and federal law which is more favorable Our nation has a long history and tradition of memorializing members of the armed forces who die in battle with a cross or other religious emblems of faith Sessions said This memorial has stood since 1954 and Congress should make sure that the monument remains intact as a tribute to those who sacrificed their lives in defense of our country U S Supreme Court Justice Anthony Kennedy has issued an indefinite stay to put off any fines against the city until the issue has moved through the judicial system Sessions s bill is identical to a House measure that passed the U S House of Representatives last week The bills would direct the Secretary of Defense to manage the property while the Mount Soledad Memorial Association would be responsible for maintenance 2004 United States Senator Jeff Sessions Alabama All rights reserved,0,[],"The press release describes Sen. Sessions calling on Senate Democrats to stop blocking legislation he authored regarding the Mount Soledad Veterans Memorial. It describes ongoing legislative activity (attempts to bring the bill to a vote, plans to invoke parliamentary maneuvers) and criticism of opponents. However, the bill has not yet passed; it has been blocked by parliamentary holds. Per the codebook definition and the negative examples, announcing intentions to introduce or advance legislation without claiming a completed outcome does not constitute credit-claiming. Rule 5 might seem applicable since Sessions is identified as the author, but the rule requires ""its success"" — the bill has not yet succeeded, so Rule 5 does not apply. No concrete outcome is attributed to the senator.",
1059,"SEN. HUTCHISON DELIVERS KEYNOTE SPEECH AT EAST TEXAS TRANSPORTATION SUMMIT Sen. Kay Bailey Hutchison (R-TX), Vice Chairman of the Senate Republican Conference, today discussed the Surface Transportation Reauthorization Bill and recent legislative accomplishments in the beginning of the 109th Congress as she delivered the keynote speech at the East Texas Transportation Summit. ""An efficient and timely transportation infrastructure is an integral part of Texas' prosperity. It is imperative we work together to not only maintain, but modernize our infrastructure to meet the new demands of our growing state,"" Sen. Hutchison said. ""Improvements to our ports, railways and more than 300,000 miles of highway that connect the state will strengthen the economy and improve safety."" Sen. Hutchison highlighted the improved rate of return Texas will receive under the new highway bill. She worked to increase Texas' rate of return to 92 percent by the final two years of the bill. The new reimbursement rate will increase Texas' share of highway funding by nearly $800 million per year, to $2.89 billion annually for state transportation projects. When Sen. Hutchison was elected, Texas's rate of return was only 76 cents. In addition, Sen. Hutchison discussed the transportation bill's support for trade corridor developments. It provides an additional $50 million for further development of the 1-69 corridor from the Valley through East Texas to the Canadian border. Sen. Hutchison also discussed light rail and rail safety improvements. The transit formula of the highway bill includes a provision which directs additional funds to high-growth states. The bill also includes rail safety language based on legislation Sen. Hutchison introduced in April, 2005. Specifically, it directs the Federal Railroad Administration to implement rail rules which will improve inspections of welded track, develop tank car safety standards and require reports on new standards. Regarding Amtrak's future as a national rail system, Sen. Hutchison discussed legislation introduced by Senator Trent Lott (R-MS), which she cosponsored, that establishes programs to improve service. She cited the importance of giving the system a chance to succeed before altering routes. The on-time performance standards and Surface Transportation Board report requirements in the bill will usher in accountability and help the system identify and eliminate delays.",1,"[""2"", ""5""]","The press release describes Sen. Hutchison highlighting the recently-passed Surface Transportation Reauthorization Bill and its provisions. It claims she ""worked to increase Texas' rate of return to 92 percent"" resulting in ""nearly $800 million per year"" more in highway funding for Texas, and that the bill ""includes rail safety language based on legislation Sen. Hutchison introduced in April, 2005."" These statements connect concrete legislative accomplishments to the senator's own initiative, satisfying both Rule 2 (legislative accomplishments achieved/secured) and Rule 5 (explicitly connecting a named provision/law to the senator as author or principal cause of its success). Although the language ""worked to increase"" is somewhat less direct than ""secured,"" in context it presents the concrete outcome (Texas's rate of return increase and specific rail safety provisions) as attributable to the senator's own legislative efforts.",
3503,"SENS. CHAMBLISS, ISAKSON ANNOUNCE AGRICULTURE FUNDS FOR OPERATION OAK PROGRAM Sen. Saxby Chambliss, R-Ga., Chairman of the Senate Committee on Agriculture, Nutrition, and Forestry, and Sen. Johnny Isakson, R-Ga., today announced final Congressional approval of the fiscal year 2006 funding bill for the U.S. Department of Agriculture including more than $400,000 in funding for the Operation Oak Program. The Operation Oak Program is a federal partnership to supply oak and other mast producing hardwood species seedlings to meet the needs of timber production and wildlife management and to reverse the decline of hardwood regeneration. ""I am so pleased that the Senate was able to help fund the Operation Oak Program,"" said Chambliss. ""The program will allow us to continue to supply oak and other mast produced hardwood seedlings to meet the needs of timber production and wildlife management and to reverse the decline of hardwood regeneration."" ""These funds are an investment in the future of our state and will help to preserve our forests for future generations,"" Isakson said. ""Agriculture is Georgia's number one industry and a vital part of our economy. I am pleased the Senate saw fit to support this worthy program.""",1,"[""1"", ""2"", ""4""]","The press release announces that Sens. Chambliss and Isakson secured final Congressional approval of the fiscal year 2006 USDA funding bill, which includes ""more than $400,000 in funding for the Operation Oak Program."" Chambliss is quoted saying ""I am so pleased that the Senate was able to help fund the Operation Oak Program,"" and Isakson says ""I am pleased the Senate saw fit to support this worthy program."" The senators are presented as having secured a concrete funding outcome for a specific program, satisfying Rule 1 (concrete outcome: obtaining funding), Rule 2 (funding included in a committee-approved/congressionally approved bill as secured by the senators), and Rule 4 (senators' advocacy produced a concrete benefit for their state's timber industry and forests).",
2259,"SEN. DOMENICI APPLAUDS USDA RURAL DEVELOPMENT SUPPORT FOR LAS VEGAS, TAOS Sen. Pete Domenici announced that the U.S. Department of Agriculture (USDA) has awarded three rural development grants totaling $318,000 to promote job creation and increase economic development in Taos and San Miguel counties. ""The USDA rural development assistance is a wonderful way to create jobs and stir the economy in northern New Mexico. Utilizing these funds proves that in order to increase economic development in rural areas, we must make the effort to spend and invest in small business initiatives,"" Domenici said. The USDA awarded a $138,500 rural development grant to the Taos County Economic Development Corp. The funds will be used to purchase a refrigerated truck and kitchen equipment for the Taos Food Center. The Taos Food Center will utilize these funds to assist businesses throughout Taos, Mora and Rio Arriba Counties who whish to start a specialty food product business. This initiative is expected to assist 12 businesses, sustain 19 jobs and create 23 new jobs. The USDA also awarded $80,500 to the Las Vegas/San Miguel County Economic Development, Inc. to facilitate the architectural and brew master services for the design and implementation of the a new micro brewery, Rough Rider Brewery, scheduled to open in Fall 2006. The brewery is expected to create 14 new full-time jobs. The third rural development grant was awarded to Mainstreet Las Vegas Corp. in the amount of $99,000 and will provide technical assistance for small and emerging businesses along the historic main street corridor in Las Vegas to acquire capital, state and federal tax credits and assist with historic preservation compliance. This project is expected to create 20 new full-time jobs. Domenici serves on the Senate Appropriations Committee which sets funding for all federal government departments, including the USDA.",1,"[""1"", ""4""]","The text announces that Sen. Domenici 'announced that the U.S. Department of Agriculture (USDA) has awarded... grants'. It concludes by noting his role on the Appropriations Committee which sets funding for the USDA. This implies he is responsible for the funding outcome (obtaining funding/grants), satisfying Rule 1 and Rule 4.",
718,Obama Secures Funding to Construct Asian Carp Barrier Update Upper Mississippi Locks U S Senator Barack Obama Barack Obama Obama Secures Funding to Construct Asian Carp Barrier Update Upper Mississippi Locks Friday June 29 2007 FOR IMMEDIATE RELEASE CONTACT Ben LaBolt WASHINGTON D C U S Senator Barack Obama D IL today announced that the Senate Appropriations Committee approved his funding requests to protect the Great Lakes from invasive species and to update the Mississippi s locks Protecting the Great Lakes from invasive species and restoring the locks along the Mississippi will boost Illinois economy while protecting our environment said Senator Obama The Asian Carp Barrier will preserve Lake Michigan s ecosystem and prevent the foreign species from wiping out other fish and plant populations Illinois farmers stand to lose millions in exports unless we repair the infrastructure that will allow our corn and our soy to reach their port This restoration will create more than 6 000 jobs and spur regional economic growth and it will be performed in conjunction with environmental restoration FY08 Energy and Water Development Senate Appropriations bill 3 250 000 to the Army Corps of Engineers in the Chicago District of Illinois to support permanent construction of the Asian Carp Barrier The State of Illinois has been working closely with the Chicago District and other Great Lakes agencies at both the federal and state level to keep Asian Carp from reaching the Great Lakes through the Chicago Waterway system Funding will fulfill a Project Cooperation Agreement with the Corps to construct a second more effective and permanent electrical barrier in the Chicago Sanitary and Ship Canal Obama secured these funds with Senators Durbin Levin and Stabenow 12 000 000 to the Army Corps of Engineers in Illinois to support the Upper Mississippi River Illinois Waterway System Navigation Study IL IA MN MO WI Pre Construction Engineering Design PED of seven new 1 200 foot lock chambers and ecosystem restoration Timely PED work for navigation is consistent with a recent study indicating that without new 1 200 foot lock chambers at the identified seven locations American farmers stand to lose over 562 million annually in lost exports and domestic demand by 2020 Manufacturers and consumers also stand to lose from deteriorating infrastructure on our Third Coast in addition to the 400 000 jobs sustained by this transportation corridor Construction of these new lock chambers will create at least 48 million man hours or up to 6 000 construction jobs each year providing immediate economic benefits through high skilled labor and spurring much needed economic growth that has historically occurred through investing in our lock and dam infrastructure Obama secured these funds with Senators Durbin D IL Bond R MO Grassley R IA and Klobuchar D MN,1,"[""1"", ""2""]","The headline is 'Obama Secures Funding...' and the text states the committee 'approved his funding requests' and 'Obama secured these funds'. This is a clear claim of securing funding/appropriations, satisfying Rule 1 and Rule 2 (legislative accomplishment/votes won on initiative).",
3216,Washington D C U S Senator Tom Harkin D IA today voted with his colleagues to help homeowners facing foreclosure obtain safe and affordable home loans under the Federal Housing Administration FHA Modernization Act of 2007 This bill will also protect future homebuyers by helping them obtain more reasonable mortgage contracts An estimated two million households across the country may lose their homes due to foreclosure between 2007 and 2008 The Senate approved the legislation by 93 1 votes Purchasing a home today is one of the most important investment decisions Americans make And as the rising rate of foreclosures shows keeping your home remains one of the most daunting challenges too many families now face said Harkin We need to help families refinance unfortunate mortgages and help future homeowners gain mortgage contracts with reasonable terms This bill does just that helping working families wade through the current mortgage crisis and predatory lending schemes helping them keep their homes and secure a better future Harkin continued This is only one step among many that are needed to help people stay in their own homes Harkin also cosponsored the Homeownership Preservation and Protection Act a comprehensive bill to curb the predatory mortgage abuses imposed on working families Originating Site Number Site Filter Search,0,[],"The text describes the senator voting for a bill (FHA Modernization Act) and cosponsoring another bill. While it mentions the bill passed the Senate, it frames the senator's action as 'voted with his colleagues' and 'cosponsored'. It does not present the senator as personally responsible for the passage or claim it as his specific achievement/credit, similar to the negative example in Rule 1 regarding LIHEAP funding. Therefore, it is not credit-claiming.",
1011,"SEN. SANTORUM DELIVERS FUNDING TO ALLENTOWN HOUSING AUTHORITY Sen. Rick Santorum (R-PA), Chairman of the Senate Republican Conference, today was joined by Rep. Charlie Dent (R-PA-15), Steve Nesmith, Assistant Secretary for Congressional and Intergovernmental Relations, U.S. Department of Housing and Urban Development (HUD), and Daniel Farrell, Executive Director, Allentown Housing Authority to present $20,000,000 to the Allentown Housing Authority for the redevelopment and revitalization of the Hanover Acres and Riverview Terrace (HART) Public Housing Development. The funding presented by Senator Santorum today at the Allentown Housing Authority Office is provided through the Department of Housing and Urban Development's HOPE VI program. Senator Santorum sent a letter to the Department of Housing and Urban Development urging them to support the Hanover Acres and Riverview Terrace (HART) application for HOPE VI funding on April 1, 2005. The project is expected to provide services such as youth programs, adult education, childcare, and homeownership and money-management education. ""The revitalization of the Hanover Acres and Riverview Terrace is an important initiative for Allentown and will provide affordable housing and community services. Families from all economic backgrounds will have better opportunities for improved education, skilled job training and job placement,"" said Senator Santorum. ""The HOPE VI program has been successful in meeting the needs of low-income families and providing access to more affordable housing. I believe that this program is essential to improving public housing in communities across our state and that is why I wrote the letter to HUD and asked them to expedite this request."" James Pagan a current HART resident and Tenet Council Liaison to the Allentown Housing Authority said, ""We are grateful to all the civic leaders gathered here today who were instrumental in securing the HOPE Vl grant. We desire the HOPE Vl revitalization project to be the catalyst by which to break the ""circle of poverty"" which denies us equal opportunity in life; and to live out productive lives in a community that lends dignity to our ability to change by conscious endeavor."" The HOPE VI program provides funding for the complete demolition of the current Hanover Acres and Riverview Terrace units and the construction of 322 new units, a 17,000 square foot community center, a greenway and a park. HOPE VI enhances communities by decentralizing poverty and giving families an opportunity to live in mixed-income neighborhoods with better educational and employment opportunities. ""This HOPE VI grant will help transform the face of public housing in Allentown,"" said HUD Assistant Secretary Steven Nesmith. ""As a Pennsylvania native, I am especially pleased that the Allentown Housing Authority is partnering with HUD to revitalize this neighborhood and improve the lives of its residents."" ""The Allentown Housing Authority would like to thank Senator Santorum for his support of this project as well as the Hope VI program. We hope Senator Santorum will be back to see this project when it is finished. He will not recognize the transformation that will occur on this site as well as the neighborhood when the building is completed,"" said Donald Senderowitz, Chairman of the Allentown Housing Authority Board. Contact: Robert Traynham, 202/224-0610.",1,"[""1"", ""4""]","The text states that Sen. Santorum 'delivers' funding to the Allentown Housing Authority and presents $20,000,000. It explicitly attributes the securing of the HOPE VI grant to his intervention: 'Senator Santorum sent a letter to the Department of Housing and Urban Development urging them to support... application for HOPE VI funding'. A resident also thanks him for being 'instrumental in securing the HOPE VI grant.' This meets the definition of credit-claiming as the senator is presented as personally responsible for producing/securing a concrete benefit.",
162,INOUYE BACKS NEW PLAN WITH WITHDRAWAL OF U S TROOPS FROM IRAQ INOUYE BACKS NEW PLAN WITH WITHDRAWAL OF U S TROOPS FROM IRAQ Staying the course isnt working and I for one am not convinced it ever will he says Thursday March 22 2007 For Immediate Release WASHINGTON U S Senator Daniel K Inouye today asked his colleagues on the Senate Appropriations Committee to retain a section of the Fiscal Year 2007 Supplemental Appropriations Bill that would direct the President within 120 days of the enactment of the funding measure to begin to redeploy U S troops from Iraq The goal is to have only a limited number of U S troops remaining in Iraq on March 31 2008 Senator Inouyes colleagues agreed and the provision was retained The following is the statement delivered by Senator Inouye who received the Medal of Honor our nations highest award for military valor for his service during World War II Mr Chairman I would hope the Committee would not agree to strike Section 1315 of this bill I would remind my colleagues that the provision states first and foremost that we will continue to support and protect our forces serving in Iraq The Committee is recommending nearly 100 billion in this bill for our military an amount that exceeds funding requested by the Administration to support our troops We also fully fund the training and equipping of the Iraq security forces These funds make it clear that we support the men and women who are serving the nation and will continue to do so But the language in the bill also says quite correctly that we should not have United States troops caught in the middle of a civil war And most regrettably that is the situation we find ourselves in We need a change in plans This war has dragged on too long longer than our involvement in World War II Staying the course isnt working and I for one am not convinced it ever will The only way we can succeed in Iraq is to fundamentally change the dynamic The language embraces this idea by offering a new plan one that eventually should allow for our forces to be withdrawn from Iraq The proposal establishes a goal of redeploying most of our forces from Iraq in the next 12 months It doesnt mandate that all the troops are removed by that date To the contrary it mandates that forces remain in Iraq to protect United States and coalition personnel It also stipulates that U S forces continue to train and equip the Iraqis so that they can better defend themselves and it directs that we continue counter terrorist operations in Iraq This is a balanced plan It recognizes that we still have military responsibilities in Iraq and will continue to do so even a year from now but it will force the Iraqis to fight their own civil war if they insist on doing so We all know that there are very few military objectives to be achieved in Iraq We defeated the Iraqi army four years ago We won that part of the war the part that the military can win We failed in not preparing for the aftermath of direct conflict and now we are enmeshed in an untenable position Our military has performed remarkably They have achieved their military objectives But the plan to rely on the military to achieve political objectives has not worked And what we need is a political solution We can stay in Iraq for the next year or five years or even ten years fighting a protracted civil war Many of our brave young men and women will continue to die many more will come home seriously injured And at the end how many of us truly still believe we will emerge victorious with a Jeffersonian democracy on the banks of the Tigris River Or we can embrace a new plan that begins to reshape our forces in Iraq to provide those missions that our military is best suited for with a goal not a mandate but a goal of redeploying the remaining forces one year from now If Iraq is to succeed it must assume responsibility for its own destiny it must decide if it wants to stop internecine warfare We cannot do that for them My friends this is actually a very modest proposal but one that is caught up in the emotion of the debate It offers a plan one that has a much greater chance of success than staying the course It doesnt mandate a timetable for ending our involvement in Iraq but provides a new way ahead which will ensure better protection for our forces and a greater chance for the Iraqis to succeed I urge my colleagues to vote in favor of retaining this language 30,1,"[""1"", ""2""]","The text describes Sen. Inouye asking colleagues to retain a provision and states that 'Senator Inouyes colleagues agreed and the provision was retained.' This attributes a concrete legislative outcome (the retention of the provision) to the senator's initiative and advocacy, satisfying Rule 1 and Rule 2 (legislative accomplishment achieved/won).",
406,Created by Harkin in the 2002 farm bill and made permanent in the Child Nutrition and WIC Reauthorization Act earlier this year the program is available in Iowa Ohio Indiana North Carolina Pennsylvania Washington Mississippi and three Native American reservations Details of the events are as follows Wednesday January 18 10 00AM Burton Jones Middle School 801 North Elm Street Creston 12 30PM Lamoni Elementary School 202 N Walnut Street Lamoni Originating Site Number Site Filter Search,1,"[""2"", ""5""]","The text explicitly states 'Created by Harkin in the 2002 farm bill and made permanent in the Child Nutrition and WIC Reauthorization Act... the program is available...'. This attributes the creation and permanence of a program to the senator as author/creator, satisfying Rule 2 (legislative accomplishment) and Rule 5 (explicit connection to named law/program as author).",
573,July 8 2005 Contact Lieberman 202 224 9965 Dodd Lieberman Announce More Than 3 6 Million In Grants to Boost Connecticut Crime Control WASHINGTON Senators Chris Dodd and Joe Lieberman announced today that Connecticut will receive 3 656 084 to combat crime and substance abuse The Edward Byrne Memorial Justice Assistance Grant Program JAG is intended to boost efforts to combat crime The State tribes and local governments will receive a broad range of support in terms of training personnel equipment supplies and informational system for criminal justice This funding will provide the tools necessary for law enforcement to make Connecticut communities safer places to live said Dodd It can help people young and old by increasing the likelihood that the justice system in Connecticut can prevent crime in the future The best way to prevent crime is to stop it before it starts said Lieberman Connecticut s law enforcement deserves the technical support needed to keep our communities safe These funds and the programs they support are critical to reducing crime and substance abuse in our neighborhoods The JAG plan will center on three key priorities Substance Abuse Attack the drug problem from a public health perspective by supporting treatment and aftercare programs and services so offenders are less likely to relapse and recidivate Sanctions and Recidivism Take measures to alleviate prison and jail crowding so that those inmates who need to be incarcerated are and those who can be safely supervised and treated in the community are given the opportunity and Systems Improvement Bolster the criminal justice system so that it can operate more efficiently and effectively through technology upgrade training and coordination of multi jurisdictional activities 30,1,"[""1""]",The headline is 'Dodd Lieberman Announce More Than 3 6 Million In Grants to Boost Connecticut Crime Control' and the text says the senators 'announced today that Connecticut will receive...'. Announcing funds or grants secured for the state is explicitly listed in the definition as credit-claiming. Rule 1 applies as they are announcing a concrete resource outcome.,
2080,"SEN. HAGEL, REP. SESTAK WILL TRAVEL TO IRAQ Sen. Chuck Hagel (R-NE) and Rep. Joe Sestak (D-PA) will travel to Iraq this week to examine security, political and economic conditions during a 2-day tour of the country. Sen. Hagel and Rep. Sestak will leave on Thursday, April 12th and return on Monday, April 16th. Hagel, a Vietnam War veteran, serves on the Senate Foreign Relations and Intelligence Committees. Sestak, a retired U.S. Navy Vice Admiral, serves on the House Armed Services Committee. ""This trip will allow us an opportunity to assess our progress in Iraq and the Middle East and meet with the key leaders of this region. I also look forward to meeting with Nebraska troops serving in Iraq,"" Hagel said. ""I appreciate the opportunity to talk with our commanders and the troops that are forward in a continuing assessment of our involvement in Iraq,"" stated Congressman Joe Sestak. ""I am confident that I will be able to use this experience in my work on the House Armed Services Committee and in Congress."" Hagel and Sestak are scheduled to meet with top U.S. and Iraqi military, government, and diplomatic officials. Hagel will also meet with Nebraska troops serving in the country. Hagel last traveled to Iraq and the Middle East in December 2005. This will be his fifth visit to Iraq.",0,[],"The text describes a scheduled trip to Iraq to examine conditions and meet with leaders. It describes an activity or future intention and does not claim a concrete outcome, benefit, or achievement produced by the senator. Therefore, it is not credit-claiming.",
2294,"SEN. MCCONNELL ISSUES STATEMENT ON PRESIDENT BUSH'S FISCAL YEAR '07 BUDGET U.S. Senate Majority Whip Mitch McConnell released the following statement today on President Bush's FY'07 budget: ""I applaud President Bush for delivering a budget that not only funds our nation's priorities and restrains federal spending, but continues the pro-growth policies that have kept America's economy strong. While this is only the first step in the budget process, I will work with the delegation to ensure that essential Kentucky priorities are protected in the final budget.""",0,[],"The text is a statement applauding the President's budget and expressing an intention to work to protect Kentucky priorities. It does not claim a concrete outcome achieved or secured by the senator, but rather a policy position and future intent. Thus, it is not credit-claiming.",
1687,"SEN. DOMENICI: SBA TO PROVIDE ASSISTANCE FOR JUNE 22 FLOODING Sen. Pete Domenici announced today that the Small Business Bureau will make assistance available to homeowners and businesses in southern New Mexico who suffered damages during flooding on June 22. SBA assistance is being offered to Otero, Chaves, Do?a Ana, Eddy, Lincoln, and Sierra counties. Funds will be offered in the form of low-interest federal disaster loans for homes, businesses, and non-profit organizations. Small businesses will be eligible for Economic Injury Disaster Loans (EIDLs) to help meet working capital needs caused by the damage. ""New Mexico was hit particularly hard by floods this past summer. I have dedicated my best efforts to ensure that the areas affected receive the financial assistance they need to get back on their feet and function at pre-flood levels,"" said Domenici. ""This SBA assistance is desperately needed to cover the cost of flooding that occurred early in the summer. I will continue to do my best to make sure that southern New Mexicans affected by the flooding have every possible resource made available to them."" While FEMA made disaster declarations in many of these counties, funds were only applicable to damage sustained between July 26 and September 18, and did not cover damages occurring during June 22 flooding. In an attempt to help residents in southern New Mexico recover from flooding damage, SBA has declared a disaster in Do?a Ana and Otero counties, as well as the neighboring counties of Chaves, Eddy, Lincoln, and Sierra. The filing deadline for SBA property damage applications is Nov. 28, 2006. The deadline for all economic injury applications is June 29, 2007. All other FEMA assistance applications are still subject to the Oct. 30, 2006 filing deadline. Filing centers are available in Alamogordo and Hatch and are open Monday through Friday from 9 a.m. to 6 p.m. Those unable to visit these locations in person can call (800)877-8339. For more information visit SBA's website at http://www.sba.gov/disaster.",1,"[""1"", ""4""]","The text announces SBA assistance and quotes the senator saying 'I have dedicated my best efforts to ensure that the areas affected receive the financial assistance they need'. This presents the senator as responsible for the outcome of the SBA declaring disaster and providing funds, satisfying the rules for credit-claiming based on advocacy/intervention producing a benefit.",
3587,S 453 SEN CARDIN CO SPONSORS BILL TO PROTECT VOTERS FROM DECEPTIVE ELECTION DAY PRACTICES Obama Schumer Bill Would Criminalize Misleading Literature Handed Out at Maryland Polls Last Fall Thursday February 1 2007 Contacts Oren Shur 202 224 4524 Susan Sullam 410 962 4436 WASHINGTON Sen Benjamin L Cardin D MD today co sponsored the Deceptive Practices and Voter Intimidation Prevention Act of 2007 a bill designed to protect voters from the type of fraud and intimidation observed at Maryland polls last fall The bill introduced by Senators Barack Obama D Ill and Charles E Schumer D NY would criminalize deceptive practices and gives individual voters the right to take action Candidates for public office should hold themselves to a high standard and always conduct themselves in a trustworthy manner said Sen Cardin Unfortunately as we witnessed last fall in Maryland and elsewhere that is not always the case Campaign fraud and voter intimidation still exists in America today It s unfortunate that a bill like this is necessary but we must protect the voters and the integrity of our system Senator Cardin announced his support for the Act today at a press conference with Senators Obama and Schumer The legislation would among other things allow for criminal penalties of up to 100 000 and up to five years imprisonment for those found guilty of deceptive campaign practices such as making false claims to voters about who has endorsed a candidate If deceptive practices are found to be occurring before Election Day the Attorney General can take corrective action to halt distribution of the deceptive information and set the record straight The bill would also require the Attorney General after each federal election to report to Congress on the allegations of deceptive practices and the actions taken to correct such practices The bill is drafted so as not to infringe on the Constitutional right to freedom of speech As of earlier today the following groups have endorsed the bill NAACP MALDEF PFAW Lawyer s Committee for Civil Rights Under Law National Disability Rights Network Votetrust USA and Demos A Network for Ideas and Action In the days leading up to last November s election two state wide candidates in Maryland distributed blatantly deceptive literature at the polls and there were additional instances of voter intimidation and mismanagement by election officials The misleading literature clearly targeted African American voters by asserting that popular African American Democratic leaders had endorsed the Republican candidates for Governor and Senate when in fact they had endorsed the Democratic candidates It was mailed and distributed to voters in Prince George s County a predominantly African American jurisdiction and in African American communities in Baltimore City and Baltimore County At a Senate Judiciary Committee hearing on January 18 Sen Cardin asked Attorney General Gonzales to investigate the voter intimidation and fraud that took place in Maryland The Attorney General agreed to meet with Sen Cardin to further discuss the matter,1,"[""2""]","Senator Cardin is described as a co-sponsor of the Deceptive Practices and Voter Intimidation Prevention Act and as supporting the legislation at a press conference, presenting the bill as a legislative action.",
1790,"SENS. ALLARD, SALAZAR, REPS. UDALL, MUSGRAVE CELEBRATE ROCKY MOUNTAIN NATIONAL PARK WILDERNESS BILLS Amidst the backdrop of rugged Long's Peak in Rocky Mountain National Park (RMNP), Sens. Wayne Allard (R-CO) and Ken Salazar (D-CO), Rep. Mark Udall (CO-2) and Rep. Marilyn Musgrave (CO-4) announced their introduction and sponsorship of legislation to designate nearly 250,000 acres of Rocky Mountain National Park as wilderness. At the celebrated announcement, the Senators, Congressman and Congresswoman were joined by RMNP Superintendent, Vaughn Baker, former Congressman and original sponsor of RMNP Wilderness legislation, David Skaggs, Estes Park Mayor John Baudek, Grand Lake Mayor Judy Burke, Larimer County Commissioner Karen Wagner, Grand County Commissioner Nancy Stuart, Boulder County Commissioner Ben Pearlman and other local leaders. In short the legislation will: * Designate 249,339 acres in RMNP as wilderness; * Guarantee that the backcountry of RMNP will be managed so that future generations will experience the park as we know it today * Allow for the National Park Service to continue bark beetle and fire mitigation efforts as well as emergency response actions; * Ensure wilderness designation will not affect water rights connected to the Colorado Big Thompson Project or the Grand River Ditch; and * Allow possible construction of a bike trail near Grand Lake. The full text of the bill is available at http://salazar.senate.gov/images/pdf/070510RMNPWA.pdf and a map showing the RMNP lands that are proposed for wilderness designation is available at http://salazar.senate.gov/images/pdf/070510_RMNPWAmap.pdf. Senator Wayne Allard: ""Many years ago, immense tectonic forces shaped Rocky Mountain National Park, eventually creating one of the most beautiful places on earth. The Park's diverse geography and wildlife have provided a home to Native Americans and settlers and now a stunning backdrop for tourists from around the world. This bipartisan legislation preserves the natural elements of the Park and protects the west's most precious resource: water. Our children, grandchildren and great-grandchildren can now be assured that they will have the opportunity to discover one of our true national treasures."" Senator Ken Salazar: ""Rocky Mountain National Park is one of Colorado's signature places; from the grandeur of Long's Peak to the crystal clear waters of the Big Thompson River it is a place where Coloradans and Americans can experience our state in its purest form. This bill represents what is best about Colorado, it is bipartisan, it protects the water rights we all hold dear and it ensures the Park remains unspoiled for future generations. I am proud to sponsor it."" Congressman Mark Udall (CO-2): ""For 8 years, I have worked on legislation to designation Rocky Mountain National Park as wilderness. Rocky Mountain National Park is one of the nation's most visited parks and possesses some of the most pristine and striking alpine ecosystems and natural landscapes in the continental United States. This bill constitutes a fair and complete proposal that reflects the legitimate needs of the public. Protecting the existing wilderness values of Rocky Mountain National Park will be good for the park and good for Colorado's economy. It deserves support by the entire Colorado delegation and approval by Congress."" Congressman Mark Udall is a member of the House Natural Resources Committee. Congresswoman Marilyn Musgrave (CO-4): ""I've always supported Wilderness designation as long as it went through a thorough process and all interested parties had a part in the discussion. Sen. Allard and I worked together last year to lay down a bench mark to protect farmers in Larimer and Weld counties that rely on the Grand Ditch. This was a top priority for me and I am pleased we found an agreement with Sen. Salazar and Rep. Udall in which both family farms and the park's backcountry could be protected. Compromise is about give and take, and our bill just shows what can be accomplished for Colorado when lawmakers work through their differences."" According to Section 2(c) in the 1964 Wilderness Act, the definition of Wilderness is an, ""area of undeveloped Federal land retaining its primeval character and influence, without permanent improvements or human habitation, which is protected and managed so as to preserve its natural conditions and which (1) generally appears to have been affected primarily by the forces of nature, with the imprint of man's work substantially unnoticeable; (2) has outstanding opportunities for solitude or a primitive and unconfined type of recreation; (3) has at least five thousand acres of land or is of sufficient size as to make practicable its preservation and use in an unimpaired condition; and (4) may also contain ecological, geological, or other features of scientific, educational, scenic, or historical value."" Contact: Cody Wertz, 303/350-0032; Steve Wymer, 202/224-6207; Lawrence Pacheco, 202/226-7661; Aaron Johnson, 202/225-4676.",1,"[""2""]","The release celebrates introduction and sponsorship of a Rocky Mountain National Park wilderness bill, presenting it as a bipartisan legislative accomplishment.",
1760,"SEN. DORGAN, AGRICULTURE COMMISSIONER JOHNSON SAY STATE DEPARTMENT REFUSES EFFORT TO HELP NORTH DAKOTA FARMERS GAIN GREATER ACCESS TO CUBA MARKETPLACE Sen. Byron Dorgan (D-ND) and North Dakota Agriculture Commissioner Roger Johnson met with top State Department officials in the Senator's Washington office today to urge the agency to approve a visa for a top agriculture official from Cuba who is interested in brokering a deal to purchase North Dakota farm products. Dorgan said the State Department officials refused to agree to grant a visa to Pedro Alvarez, Chairman of Cuba's food import company Alimport, so that he could travel to North Dakota and other states interested in selling their agriculture products to Cuba. The officials said the visa would violate the Administration's policy toward Cuba. Dorgan said that instead of having a serious discussion about how to help American farmers sell to the Cuban market, State Department officials only gave ""more rhetoric about an outdated foreign policy toward Cuba. There is no valid reason to withhold food from the Cuban people, and to deny American farmers the business that would come from facilitating agriculture sales to Cuba."" ""North Dakota producers had a big win earlier this year when we brokered a trade deal with Cuba. We're just going to have to keep fighting for additional agreements like that despite the hurdles the State Department is putting in the way,"" Johnson said. Dorgan said the State Department officials told him they would consider granting a visa to lower-level Cuban officials. Dorgan said, ""that would be better than nothing, but I will not let up on challenging the Administration on this Byzantine policy that relies on using food as a weapon in the name of democracy. It's outdated, ineffective, and overall absurd."" Contact: Barry E. Piatt and Rebecca Pollard, 202/224-2551.",1,"[""4""]","The text describes Senator Dorgan meeting with State Department officials and pressing them to change a visa decision, presenting his intervention as aimed at securing a concrete benefit for farmers.",
1678,FOR IMMEDIATE RELEASE I support free trade and I have long voted for trade agreements that truly level the playing field for our country for our workers and for our businesses Free trade removes unfair barriers to American goods in world markets It creates a fair playing field for competition between American workers and workers abroad Free and fair trade creates jobs and strengthens our economy But this Central American agreement is not free trade and I urge the Senate to reject this unfair agreement Especially at this time when American workers are deeply concerned about their jobs being outsourced overseas the Bush Administration is wrong to negotiate an agreement that refuses to protect them It allows participating countries to use labor practices that fail to meet international standards It means that American workers the best in the world will be forced to compete with countries whose workers are abused and exploited That is not fair trade I am also for progress and economic development in Central America dating back to President Kennedy s Alliance for Progress But this agreement does nothing to improve labor rights for workers in CAFTA nations All it asks is that they enforce their existing laws It does nothing to create a community of nations that respect basic rights and dignities Most CAFTA nations give their workers no real rights such as an eight hour work day overtime pay or protection against discrimination Laws in some CAFTA nations are even hostile to organized labor workers in El Salvador Nicaragua and Honduras can be fired for joining a union or even intending to organize a union In Nicaragua strikes are prohibited without government permission Even where laws do exist violations often cannot lead to fines or sanctions This study written by the International Labor Rights Fund and commissioned by the U S Department of Labor cites these injustices However the Administration ordered this independent contractor to pull the report from its website and demanded that it not discuss its results This is a blatant abuse of power that hurts both Central American and American workers It doesn t have to be this way We know how to negotiate free trade agreements with allies to improve conditions for their workers and level the playing field for American workers An obvious example is the free trade agreement with Jordan that was negotiated by President Clinton The CAFTA agreement doesn t just ignore international standards for Central American workers It also fails to include aid for the many American workers likely to be displaced if this agreement goes into effect When the Senate Finance Committee debated this agreement it recommended that CAFTA include aid for displaced American workers But the White House ignored that bipartisan recommendation The President abused his power and presented Congress and the American people with this take it or leave it plan We know we can do better We should reject this defective agreement and send the White House back to the drawing board Although CAFTA is the Administration s top trade priority it actually does very little to reduce the nation s growing overall trade deficit Trade in the region accounts for less than 1 5 of total U S trade The Administration s own International Trade Commission says the agreement will barely lead to any improvement in GDP an increase of only one tenth of one percent Instead of a policy to reduce our trade imbalance with China and deal with its currency manipulations and WTO violations the Administration has spent more than a year on this trade agreement that will do embarrassingly little to improve jobs and the economy It s out of touch with sensible trade priorities of this country and it ignores the real needs of America s families Meanwhile other priorities are left to fester Not a single health care bill has been debated on the floor of the Senate this year The ranks of the uninsured continue to rise Employers continue to drop employee coverage or raise their premiums It s a national disgrace that we have done nothing to address the worsening crisis in health care Communities across the country struggle to deal with the inadequate funding of the No Child Left Behind Act while students continue to suffer The dream of a college education moves farther out of reach for millions of qualified students as tuition continues to rise We have the resources to provide new federal aid by closing loopholes that benefit banks at the expense of students but the Senate fails to act On these and many other issues where action is necessary the Administration has taken a head in the sand approach They can t wish away these problems We need real action and strong leadership on these pressing issues not defective trade agreements that only make the very real problems of millions of hard working American families even worse Laura Capps Melissa Wagoner 202 224 2633,1,"[""2"", ""5""]","The release explicitly attributes authorship of the housing recovery legislation to Senator Landrieu and describes related Senate action, satisfying both rules.",
795,NOLA City Council Endorses Landrieu Housing Bill FOR IMMEDIATE RELEASE 11 01 2007 NOLA City Council Endorses Landrieu Housing Bill Landrieu sends letter to HUD promising more oversight of HANO WASHINGTON The New Orleans City Council today unanimously adopted a resolution endorsing United States Senate passage of the housing recovery bill sponsored by Senator Mary L Landrieu D La The Council of the City of New Orleans is supportive of efforts towards Senate passage of S 1668 and is committed to working closely with our Louisiana United States Senators and the United States Senate Committee on Banking Housing and Urban Affairs to further strengthen this legislation as it moves through the Congress the resolution reads The council found that the lack of affordable housing in the area is one of the biggest challenges for low moderate and middle income families and is impeding business recovery It also included in the resolution a line calling for immediate reforms in local management of HANO and HUD The council s vote today is an encouraging step forward for this important bill which helps ensure for our city the affordable housing we need to support our returning workforce and struggling economy Sen Landrieu said Sen Landrieu s legislation the Gulf Coast Housing Recovery Act of 2007 S 1668 replaces occupied affordable housing units that were destroyed in the hurricanes and also authorizes funding to fix the multi billion dollar Road Home shortfall A similar version of the bipartisan bill was passed by the House of Representatives in March with the support of the entire Louisiana House delegation Republicans and Democrats The City Council joins New Orleans Mayor C Ray Nagin Louisiana Governor Kathleen Blanco and more than 100 business groups and non profit and religious organizations that support the bill Experts say that the lack of available and affordable housing on the Gulf Coast is a significant challenge to the mental health of Katrina and Rita affected communities Housing is so critical said Dr Jan Kasofsky executive director of Capital Area Human Services District the Baton Rouge public health agency It s just not feasible to stabilize people when they re half living on the street or in a car Dr Kasofsky testified yesterday at a Senate Homeland Security and Governmental Affairs Disaster Recovery Subcommittee hearing on mental health that Sen Landrieu chaired Sen Landrieu also today sent a letter to Housing and Urban Development Secretary Alphonso Jackson reiterating her request for documents including a copy of the pre Katrina public housing waiting list for HANO owned or administered properties and the exact location of 400 units reported to be ready for occupancy She also expressed concern about HANO impeding recovery efforts in the New Orleans area Following the storms I have heard consistent complaints from the local community on HANO hampering recovery efforts in the area including from the business education and healthcare sectors which are vital for recovery in New Orleans Sen Landrieu wrote As HANO undertakes a massive effort to redevelop public housing in the city I believe that both HANO s administration and its redevelopment plans merit close attention In my capacity as Chairman of the Senate Disaster Recovery Subcommittee as well as through my seat on the Senate Appropriations Committee I fully intend to provide rigorous oversight on HANO A copy of the City Council resolution is available and the letter to HUD is available,1,"[""3""]","The New Orleans City Council endorsed Senator Landrieu's housing bill, and the release presents this favorable external recognition as tied to her official service.",
3746,"FEDERAL LAW ENFORCEMENT OFFICERS ASSOCIATION P.O. Box 326, Lewisberry, PA 17339(717) 938 2300 FAX (717) 932 2262 www.fleoa.orgMedia Contact: Art LesterThursday, Feb. 1, 2007 Today, Art Gordon, National President of the Federal Law Enforcement Officers Associations plans to announce the selection of U.S. Senator Daniel Kahikina Akaka (D-Hawaii) as the 2006 National Legislator of the Year.FLEOA selected the Senator for this award because of his tireless dedication and support for federal law enforcement officers. Senator Akaka was a strong opponent to the pay for performance legislation introduced in the 109th Congress; legislation that FLEOA believes would have decimated the retention numbers and morale of federal law enforcement officers. Senator Akaka also introduced the Federal Supervisor Training Act (S. 3584). A bill which would have mandated stronger training programs for all federal managers The Senator is regarded as one of the leading champions of federal workers, and is known as a key defender of the pay, benefits, rights, and protections of federal employees. FLEOA is looking forward to discussing disability legislation and pay reform with the Senator.Senator Akaka has also been a strong and vocal advocate for veterans and has served on the VA committee since 1990. Many law enforcement officers in the reserve have been called up for active duty since 2001. The active duty status of Federal law enforcement officers as reservists has brought to light a number of issues, including concerns over transfers, promotions, virtual locality pay, retaliation, and personnel shortages. FLEOA congratulates Senator Akakas appointment as the Chairman of the Government Homeland Security and Governmental Affairs Subcommittee on Federal Government Management, the Federal Workforce and the District of Columbia and the Chairman of the Veterans Affairs Committee.Senator Akaka will be presented the FLEOA Legislator of the Year Award at the FLEOA National Heroism and Bravery Awards Banquet which will be held on March 23, 2007 during FLEOAs National Conference. Also receiving Awards: U.S. Marshal Service Director John Clark will receive the Director of the Year Award; Hosts Debra Roth and Tony Vergnetti of Fedtalk Radio (and FedAgent) are the News Media Awardees; Co-owners Bob and Pam Hammer of Pams #1- will receive the Civilian Award for their tireless support of law enforcement, and U.S. Attorney Michael Garcia (SDNY) will receive the Attorney of the Year Award.FLEOA represents over 25,000 federal agents from over 70 different federal law enforcement agencies. FLEOA is a member of the National Law Enforcement Steering Committee and the Executive Board of the National Law Enforcement Officers Memorial.",1,"[""3""]","FLEOA selected Senator Akaka as the 2006 National Legislator of the Year in recognition of his official performance and support for federal law enforcement officers, satisfying the external recognition rule.",
1782,"SEN. DOMENICI SAYS KIRTLAND AIR FORCE BASE POSSIBLE HOME FOR CSAR-X AIRCRAFT Sen. Pete Domenici today said he is optimistic that the Air Force will find Kirtland Air Force Base to be a suitable home for its CSAR-X aircraft, the next generation combat search and rescue helicopter. The Air Force recently indicated that Kirtland, already home to the CV-22 Osprey as part of the 71st Special Operations Squadron, is among eight domestic bases being reviewed for hosting the CSAR-X. The Air Force is beginning to initiate environmental analyses at these sites. ""I believe the Air Force will find Kirtland and New Mexico's overall defense assets to be amenable to missions planned for the CSAR-X,"" said Domenici, who serves on the Senate Defense Appropriations Subcommittee. According to the Air Force, it is planning to create a ""Total Force"" mix of active Guard and Reserve units operating the CSAR-X. The Air Force expects to begin accepting CSAR-X aircraft in 2010 and wants to deploy them in combination with other assets to maximize use options. Besides Kirtland, the Air Force is also reviewing locations at: David-Monthan AFB, Arizona; Kulis Air National Guard Base or Eldmendorf AFB, Alaska; Gabreski Airport, N.Y.; Moffett Federal Airfield, California; Moody AFB, Georgia; Nellis AFB, Nevada; and Patrick AFB, Florida. Sites in Europe and the Pacific region are also pending. These environmental reviews are required under the National Environmental Policy Act. The CV-22s that arrived at Kirtland earlier this year are being used to train airmen, who will then be able to contribute to Special Operations missions around the world. The Osprey is particularly valuable for Special Ops missions because it has the ability to deploy quickly and quietly. Air Force Special Operations has a growing presence in New Mexico, lately highlighted by being designated as the new mission for Cannon Air Force Base at Clovis.",1,"[""1""]",Senator Domenici describes the CSAR-X aircraft as a potential future basing outcome and presents himself as involved in securing it for New Mexico.,
1340,July 21 2006 Senator Clinton Welcomes Restoration of Funding for New York Airports Funds restored in Senate Appropriations Bill to federal program that supports local airports after Bush Administration had called for drastic cuts Washington DC Senator Hillary Rodham Clinton today welcomed approval by the Senate Appropriations Committee late yesterday of the Fiscal Year 2007 Transportation Treasury the Judiciary and Housing and Urban Development Appropriations Bill which included the restoration of 3 52 billion for the Federal Airport Improvement Program which provides grants for improvements to local airports across the state The Bush Administration had called for a 25 or 950 million cutback in funding for this program for Fiscal Year 2007 This is a very welcome development for New York s local airports who need this federal funding for capital improvements and repairs Maintaining airports that are effective and efficient is important for both the safety of passengers and the ability of our airports to sustain continued air traffic which is good for business and economic development I think that every local airport in New York will be pleased that the Senate Appropriations Committee was able to restore the funding that was cut by the Bush Administration With this funding our airports can keep passengers safe and moving smoothly which means more flights arriving and leaving on time and that s good news for everyone Senator Clinton said The Airport Improvement Program AIP provides grants to public agencies and in some cases to private owners and entities for the planning and development of public use airports that are included in the National Plan of Integrated Airport Systems NPIAS For large and medium primary hub airports the grant covers 75 percent of eligible costs or 80 percent for noise program implementation For small primary reliever and general aviation airports the grant covers 95 percent of eligible costs Eligible projects include those improvements related to enhancing airport safety capacity security and environmental concerns In general sponsors can use AIP funds on most airfield capital improvements or repairs except those for terminals hangars and non aviation development Any professional services that are necessary for eligible projects such as planning surveying and design are eligible as is runway taxiway and apron pavement maintenance Aviation demand at the airport must justify the projects which must also meet Federal environmental and procurement requirements Projects related to airport operations and revenue generating improvements are typically not eligible for funding Operational costs such as salaries maintenance services equipment and supplies are also not eligible for AIP grants,1,"[""1""]","Senator Clinton frames the restored AIP funding as a concrete outcome achieved in response to her advocacy, explicitly stating she fought for and secured the restoration.",
2855,"SENS. ISAKSON, CHAMBLISS ANNOUNCE FUNDING FOR TOCCOA DOWNTOWN REVITALIZATION PROJECT Sens. Johnny Isakson (R-Ga.) and Saxby Chambliss (R-Ga.) today announced that the City of Toccoa will receive a $300,000 grant to revitalize its historic downtown business district. The grant, distributed by the Appalachian Regional Commission, will assist the town's efforts to increase commercial activity in its downtown, enhance entrepreneurial activity, promote tourism and strengthen the region's economic health. It is projected that the project will support the creation of 20 new jobs, retain 57 existing jobs and leverage over $700,000 in private investments. ""I am pleased to announce this grant for Toccoa,"" said Isakson. ""This grant will enhance the downtown area as well as economic development opportunities for the city."" ""This important funding will go a long way to strengthen the rapidly growing downtown,"" said Chambliss. ""I am proud to support the City of Toccoa as the area continues to thrive."" The Appalachian Regional Commission is a federal-state partnership that works with the people of Appalachia to create opportunities for self-sustaining economic development and improved quality of life.",1,"[""1""]","The senators announce a $300,000 Appalachian Regional Commission grant for Toccoa and present it as a concrete funding benefit associated with their support.",
4662,CARDIN MIKULSKI ANNOUNCE FEDERAL FUNDING FOR BALTIMORE COUNTY FIREFIGHTERS Thursday November 1 2007 WASHINGTON D C Senators Benjamin L Cardinand Barbara A Mikulski both D Md today announced the Arbutus Volunteer Fire Department has been awarded 27 000 in federal funding through the U S Department of Homeland Securitys Assistance to Firefighters Grant Program AFGP Senator Mikulski is on the Homeland Security Appropriations Subcommittee that funds the AFGP and fights each year to increase its federal funding Senator Cardin is on the Budget Committee First responders are our true heroes protecting our homes our businesses and our communities Im grateful for the sacrifices they make every day said Senator Mikulski The federal government has a responsibility to protect our protectors providing them with the tools they need to do their job safer and smarter Thats why I will continue to fight to provide the federal support they need to get the equipment training and resources they deserve Firefighter grants represent a major effort by the Federal government to ensure that our nations first responders have the equipment and training they need to do the job said Senator Cardin Our firefighters are on the frontlines every day and it is critical that they have the resources to deal with any emergency or life threatening situation they may have to confront The Arbutus Volunteer Fire Department will use its 27 000 to purchase an Air Cascade Refill System The Air Cascade System allows firefighters to refill their oxygen tanks quickly and efficiently This is the second award for the department In 2004 the department was awarded 84 455 to install new sprinkler and diesel exhaust systems in their new station For more information call Paul Trovinger at 410 887 1471 AFGP grants fund firefighting equipment personal protection equipment training firefighting vehicles firefighter first responder safety projects and staffing recruitment and retention Since 2001 Maryland fire departments and fire service organizations have received approximately 52 2 million through the AFGP,1,"[""1""]",The senators announce federal AFGP funding for Baltimore County firefighters and present it as a concrete grant benefit tied to their support for first responders.,
3675,"SEN. HUTCHISON ANNOUNCES SECURITY FUNDING ELIGIBILITY FOR TEXAS Sen. Kay Bailey Hutchison (R-TX), a member of the Senate Appropriations Committee, today announced several Texas cities and ports are eligible for security funding through the U.S. Department of Homeland Security's Infrastructure Protection Program (IPP). The IPP includes a number of individual grant programs that target specific areas vulnerable to terrorist attacks, such as ports and mass transit. ""Our nation's ports and transit systems are vital to the global economy and our way of life,"" Sen. Hutchison said. ""I am pleased that the Department of Homeland Security has prioritized risk analysis in determining funding eligibility. Our nation's security is enhanced when risk and need trump politics in distributing homeland security dollars."" Texas ports and agencies are eligible for funding under the Port Security Grant Program (PSGP), the Transit Security Grant Program (TSGP), and the Buffer Zone Protection Program (BZPP). The PSGP emphasizes increased awareness of port vulnerability and protection from improvised explosive devices and other non-conventional methods of attack. Based on risk analysis, greater Houston area ports-Houston, Galveston, and Texas City-have been designated Tier 1 and may apply for a collective total of $15,720,981 in security funding. The ports of Beaumont and Port Arthur, also Tier 1, may apply for a collective total of $10,961,035. The ports of Corpus Christi, Brownsville, Freeport, Matagorda and Victoria are also eligible to apply for funding. The TSGP provides funding for the protection of critical mass transit operations including bus, rail and ferry systems. Transit systems in the Dallas, Ft. Worth and Arlington areas are eligible to apply for program funding. The BZPP is designed to build security and risk-management capabilities at critical infrastructure sites, such as chemical facilities, nuclear and electric power plants, dams, stadiums and financial institutions. Designated sites within Texas are collectively eligible to apply for up to $2,810,000.",1,"[""1"", ""4""]","The release announces that Texas cities and ports are eligible for Homeland Security security funding. It says 'I am pleased that the Department of Homeland Security has prioritized risk analysis in determining funding eligibility,' and lists designated Tier 1 ports and dollar amounts they may apply for. The framing presents the senator as announcing a beneficial decision or outcome tied to her role. This is borderline because it describes eligibility rather than direct awards, but the announcement of designated eligibility and specific dollar amounts for Texas communities can be understood as a secured benefit or result of advocacy, satisfying rules 1 and 4. If eligibility alone were treated merely as informational, it would be less clearly credit-claiming, but the release's framing supports a positive classification.",
1024,Press Releases Senator Graham Press Relases Contact Wes Hickman 202 224 5972 or Kevin Bishop 864 250 1417 Date 05 24 2007 ICYMI What is being said about Immigration Reform News Editorial Page Editor Beth Padgett on its face the plan does what we on the editorial page and many people who desperately want this issued solved have demanded It proposes ways to secure our borders crack down on employers who hire illegals make it tougher to hire illegals And yes it proposes a common sense way to give legal status to most of those here illegally Orangeburg Times Democrat Editorial Immigration Compromise is Realism And extreme is what both sides advocate The reality of deporting 12 million Mexicans is about as realistic a solution as simply opening the borders Call it an amnesty program or not there must be some kind of provision for allowing those in the country illegally to move toward citizenship As impractical as trying to find and deport them is it also would be devastating to the American economy Continuing to oppose all efforts at compromise on immigration only makes it longer before there is agreement on how to secure our borders to stop the wave of immigrants from Mexico Border security is as essential to dealing with the immigration crisis as is an answer to what to do about the illegals in the country now Conservative Columnist Bob Novak Immigration Trap for GOP Candidates Why are the Republican party faithful throughout the country so incensed by immigration When I asked Lindsey Graham he quoted from a federal government report on the new arrivals to this country largely unskilled laborers and heavily illiterate The new immigration has provoked a widespread feeling of apprehension as to its effect on the economic and social welfare of the country The report by the U S Immigration Commission was dated 1911 When Graham returned to Washington Monday as the immigration debate began he read the 96 year old quote into the Senate record to demonstrate that fear of foreigners is not new for Americans This nation of immigrants has greeted successive waves of newcomers with apprehension stoked by demagogues It has overcome such past xenophobic impulses But that will be more difficult in an era of Internet bloggers and radio talkers Wall Street Journal Editorial on Immigration and Welfare One place to start is a myth that has become a key talking point among restrictionists on the right to wit that immigrants come to the U S for a life of ease on the public dole Leading this charge is the Heritage Foundation s Robert Rector Mr Rector and Heritage have done some good social science research in the past but this time they have the story backward In most cases immigrants will pay at least as much in lifetime federal taxes as they receive in benefits One basic flaw in the Heritage analysis is that as a study by the Immigration Policy Center points out The vast majority of immigrants are not eligible to receive any of these welfare benefits for many years after their arrival in the United States Legal permanent residents cannot receive SSI Supplemental Security Income which is available only to U S citizens and are not eligible for means tested public benefits until 5 years after receiving their green cards Conservative Columnist David Brooks of the New York Times The United States is the Harvard of the world Millions long to get in Yet has this country set up an admissions system that encourages hard work responsibility and competition No Under our current immigration system most people get into the U S through criminality nepotism or luck The current system does almost nothing to encourage good behavior or maximize the nation s supply of human capital Which is why the immigration deal reached in the Senate last week is on balance a good thing It creates a new set of incentives for immigrants and potential immigrants It encourages good behavior in the manner of a demanding though overly harsh admissions officer It rewards the bourgeois virtues that have always been at the heart of this nation s immigrant success and goes some way to assure that the people who possess these virtues can become U S citizens May 2007 Press Releases Browse by Current record,0,[],"The text is an 'ICYMI' compilation of news editorials and columns about immigration reform. It includes a brief mention of Senator Lindsey Graham reading a historical quote into the Senate record, but it does not present him as personally responsible for a concrete benefit, policy outcome, legislative success, award, or remedy. It is primarily commentary and policy discussion, not credit-claiming.",
384,Latest News TOPICS Latest News FOR IMMEDIATE RELEASE April 5 2005 Schumer Demands NTSB Reopen Investigation Into 2001 Queens Plane Crash comes on heels of FAA investigation that found faulty rudders on nearly identical planes with nearly identical problems Investigation into 2001 crash of American Flight 587 concluded that the pilot was to blame new data begs for reopening of investigation With new reports from the FAA questioning the safety and viability of rudders like the one that fell off of American Airlines flight 587 which crashed into Rockaway Bay in Queens in 2001 and information that just last month a rudder fell off a Canadian charter plane of the same design while at 30 000 feet forcing an emergency landing today U S Senator Charles E Schumer on the National Transportation Safety Board to reopen its investigation of the Flight 587 Last fall the NTSB ruled that the actions of the pilot of Flight 587 caused the tail to break off Last week the FAA found after inspecting the rudders of similar planes that the composite used to make the rudders on Airbus A310 and A300 600 aircraft the almost identical planes involved in the two accidents may break apart while a flight is at its cruising altitude The sub zero temperatures at 35 000 feet cause condensation to build up inside the composite and eventual separation of the fiber layers with the continual freeze and thaw after every flight According to industry experts this process is similar to the formation of a pothole in the street in that overtime it expands and suddenly cracks We have got to get to the bottom of this Schumer said The FAA is providing new and possibly damaging information about the safety of these rudders and the NTSB owes it to the many families of the victims of the crash and to the traveling public to find out whether traveling on these planes is dangerous On November 12 2001 American Flight 587 an Airbus 300 600 crashed near Rockaway beach after losing its tail 265 people were killed in the crash The investigation concluded that it was pilot error while experiencing heavy turbulence that caused the rudder to break off the aircraft and to plunge to the ground On March 6th of this year the pilots of a Canadian chartered Airbus A310 from Cuba to Quebec City had to make an emergency landing after the pilots reported trouble handling the aircraft Though the flight was able to land safely the pilots found that the rudder had torn off mid flight In light of that incident the FAA asked for detailed inspections of the rudders of all Airbus 300 600 s and Airbus 310 s in use In the United States American Airlines and FedEx use Airbus 310 and 300 The investigation found minor delamination separation of some of the layers of material comprising the rudder of two of the Airbus 300 600 s Both planes lost parts made of the high strength composite material that is preferred by commercial airlines because it is light weight and low maintenance Schumer in his to Mark V Rosenker Acting Chairman of the NTSB cited the new information on the faulty rudders and asked the NTSB to reinvestigate the 2001 crash He wrote Though initial reports concluded that American Airlines Flight 587 s rudder came off during take off the NTSB determined in its final report released this month that pilot error was actually to blame Though I do not disagree with your findings I believe that given the similarities between this the Quebec flight and other incidents involving A300 and A310 aircraft it requires you reopen your investigation to consider this possibility I appreciate the NTSB s efforts and role in the investigation but I think there is more to this story Click here to view,0,[],"The release describes Senator Schumer demanding that the NTSB reopen an investigation into a 2001 plane crash based on new FAA information. It is advocacy and oversight activity, but it does not claim that the senator produced a concrete outcome, secured a benefit, or achieved a decision. It describes a request, not a claimed result. Therefore it is not credit-claiming.",
4293,"SEN. DORGAN ISSUES STATEMENT ON INACCURATE NEWS STORY Sen. Byron Dorgan (D-ND) released the following statement Monday, in response to an inaccurate news story. Text follows: TEXT OF STATEMENT BY U.S. SENATOR BYRON DORGAN (D-ND) November 28, 2005 Last Friday there was a sensational, but inaccurate front page news story that demands a response. The story suggested that Jack Abramoff, a high profile Washington Republican lobbyist - a man I've never met - had arranged for campaign contributions to be made to me in exchange for my signing a letter to Chairman of the Senate Appropriations Committee to extend a program that his clients supported. That's completely and demonstrably false. Senator John McCain and I are investigating Mr. Abramoff and his partner Michael Scanlon (who recently pleaded guilty) of bilking Indian tribes out of tens of millions of dollars. And we have uncovered a disgusting tale of greed and outright fraud. It's not surprising that from the sleazy world of those who defrauded the Indian tribes, we have seen bogus charges against those of us who are doing the investigating. But our investigation will continue. The weekend headline story suggested I signed a letter in support of the ""Cost Share Indian School Construction Program"" as a favor to Abramoff, a man I had never met, in exchange for political contributions. The letter the reporter referred to was dated February 2002. In fact I had always supported that program. For example in August of 2001, six months earlier, I had already pledged my strong support for this program in a letter to the Chairman of the Wahpeton-Sisseton Indian Tribe (letter attached). The Three Affiliated Tribes of North Dakota had also applied for school funding through that program in 2001. And I supported their efforts. So, if the written evidence shows that I supported the program the year before the letter this reporter used to justify his story, my support for this program clearly cannot be connected to this lobbyist, his client's interest in the Cost Share program, or campaign donations. The story also alleges that an employee of mine contacted the Interior Department to advance the program presumably on behalf of Abramoff. Not true. That person worked for the Chairman of the Interior Subcommittee, not me, and he contacted them to express reservations, not support. I've seen these types of inaccurate claims before and the Washington Post, where they were last printed, retracted them when they learned the truth. The fact is, I have never received a campaign contribution from Mr. Abramoff, but I have received reelection support from Indian tribes long before Mr. Abramoff got involved with Indian tribes. They supported me because I have worked hard in the Senate to address the crisis that exists in education, housing and health care on Indian reservations. Indian schools are in serious need of repair and rebuilding, and the Cost Share program allows tribes to get earlier funding if they agreed to pay 50% of the costs from Tribal funds. The Bush Administration wanted to shut the program down. I disagreed. The program saves the federal government money and gets results. That makes sense to me. I should note that we succeeded in getting funding from this program for the Three Affiliated Tribes BIA School in North Dakota this year. I'm not surprised that some will try to spin a web of deception to smear and discredit those of us who are investigating the wrongdoing of Abramoff and others in this scandal. But I'm not going to let it stand. The suggestion in the story that I may have supported that school construction program because of Jack Abramoff, or because of campaign contributions from Indian tribes is clearly and despicably wrong. The investigation that Senator John McCain and I have been conducting shows that Abramoff and Scanlon with the help of some others created an almost unbelievable scheme to defraud Indian Tribes. We are determined to continue that investigation to its conclusion. North Dakotans who would like to view all of the documents and watch the hearings Senator McCain and I have conducted during this investigation can access all of that information at www.Indian.Senate.Gov.",1,"[""4""]","Most of the release is a defensive statement responding to an inaccurate news story and criticizing allegations involving Jack Abramoff. However, it includes a concrete credit-claim: 'I should note that we succeeded in getting funding from this program for the Three Affiliated Tribes BIA School in North Dakota this year.' This states that the senator succeeded in obtaining funding for a constituent institution, satisfying rule 4. Although the overall document is largely about rebutting allegations, the specific claim of secured funding makes it credit-claiming under the codebook.",
1278,"SEN. MIKULSKI SECURES FEDERAL INVESTMENT IN MARYLAND COMMUNITY, HOUSING PROJECTS Senator Barbara A. Mikulski (D-Md.), a member of the Senate Transportation, Housing and Urban Development (THUD) Appropriations Subcommittee, today announced the 2008 spending bill includes $2.2 million for key community development projects in Maryland. The bill also protects Baltimore City from being stripped of its status as a ""Moving to Work"" demonstration program participant, shielding the city and public housing residents from severe implications. ""As a United States Senator, I work to put money in the federal checkbook that builds and protects communities. This legislation is the culmination of a year's worth of working to identify places where a federal investment would be best used,"" said Senator Mikulski. ""These projects represent the best list of local, state and federal priorities. Marylanders can count on me to continue standing up for the day-to-day needs of my constituents."" Senator Mikulski specifically fought to include language in the spending bill that prohibits the U.S. Department of Housing and Urban Development (HUD) from revoking Baltimore City's designation as a ""Moving to Work"" city. ""Moving to Work"" is a demonstration program that offers public housing authorities the opportunity to design and test innovative, locally designed housing and self-sufficiency strategies for low-income families. The program gives the Housing Authority of Baltimore City (HABC) greater flexibility and increased resources to meet the needs of low-income residents who are trying to build better lives for themselves and their families. HUD recently threatened to revoke Baltimore City's status based on a HUD technical error identified in an Inspector General report. The spending bill also includes $2.2 million for community development projects in Maryland: * $700,000 for the City of College Park for blight removal along the Route 1 Corridor. * $400,000 for Montgomery County to provide for pedestrian safety in the Long Branch community in Silver Spring through pedestrian safety linkages and way-finding community markers. * $300,000 for the Patterson Park Community Development Corporation's Library Square Revitalization Project in Baltimore, to continue the revitalization of an under-used area in the Library Square commercial district. * $200,000 for the Washington County Free Library to facilitate the design and construction of a new library branch in Boonsboro. This small community has raised nearly $1 million to build this new library and computer center. * $200,000 for the East Baltimore Development Project to continue providing for workforce development, clean and safe programs, and infrastructure improvements. The organization is leading the nation's most ambitious community revitalization effort, transforming 80 acres of blighted land around Johns Hopkins Hospital into a mixed-use, mixed-income community. * $200,000 for the Jewish Foundation for Group Homes in Rockville to acquire and renovate a single-family home into an Alternative Living Unit for three adults with developmental disabilities. * $200,000 for the Grassroots Crisis Intervention Center in Columbia to provide the last stage of construction funding for the only emergency services shelter in Howard County. The bill also restores funding for the HOPE VI housing program to $100 million, despite the President's elimination in his budget request. HOPE VI was created by Senator Mikulski in 1992 with the aim of replacing dilapidated public housing with mixed-income developments connected to schools, retail and community services. Since the program started, over $5 billion has been appropriated for HOPE VI and billions more have been leveraged from the private sector. Senator Mikulski and a bipartisan group of her congressional colleagues introduced the HOPE VI reauthorization bill this spring. This is the second year that President Bush has attempted to cut this vital program. ""We need to support federal programs that help those who help themselves. The President talks about creating a better life for Americans, but his budget fails to deliver on his words yet again,"" said Senator Mikulski. ""HOPE VI has always been about creating new opportunities for residents of public housing and new hope for the communities surrounding public housing. I will continue my fight to not only reauthorize this vital program, but to make sure the President does not succeed in cutting funds for the program."" The legislation was passed by the full Senate Appropriations Committee this afternoon. In the next step of the appropriations process, the bill will move to the Senate floor for a vote, which has not yet been scheduled. Contact: Melissa Schwartz, 202/228-1122.",1,"[""1"", ""2"", ""5""]","The release explicitly presents Senator Mikulski as securing federal funding and protections in a spending bill. It says the 2008 spending bill includes $2.2 million for Maryland projects and that she 'specifically fought to include language' protecting Baltimore City's 'Moving to Work' status. It also says the bill restores HOPE VI funding and states 'HOPE VI was created by Senator Mikulski in 1992.' These are concrete legislative outcomes and provisions attributed to the senator, satisfying rules 1, 2, and 5.",
276,"Cape Girardeau, MO ????? Calling him the ?????conscience of a nation?????, U.S. Senator Kit Bond today remembered the legacy of Dr. Martin Luther King. Bond planned to attend the Humanitarian Luncheon Benefit held in Cape Girardeau in honor of the civil rights leader today, but was unable due to the winter storms that hit Missouri this week. 	?????It is important to remember again the legacy Dr. King left us,????? said Bond. ?????It is a strong, deep legacy that keeps challenging America to live up to its promise to all its citizens, regardless of their color, religion or background.????? 	Bond said Dr. King served as the conscience of a nation falling short of its full promise. 	?????Dr. King?????s challenge to America was powerful because it was simple,????? said Bond. ?????He demanded equality for all. He demanded equality under the law, equality in the courts and equality in the schools.????? 	Bond also remembered his early days as a young lawyer in the mid-1960s clerking for Judge Elbert Tuttle on the Fifth Circuit Court in Atlanta. 	From that position, Bond was able to see first?????hand some of the heroes who were tested during the civil rights movement. The 5th Circuit dealt with many civil rights issues, Bond noted. 	In Judge Tuttle?????s obituary, it was said ?????Under Tuttle?????s leadership, the 5th Circuit became a trailblazing court that transformed the bare-bones decision of the Supreme Court?????s school desegregation decision into a broad mandate for racial justice.????? 	?????Like Dr. King, Judge Tuttle stood up for what was right, in the face of opposition, at a cost to him personally,????? said Bond. ?????These courageous men and others who followed them helped break down racial barriers and helped Americans achieve their dreams regardless of their color or background.????? 	?????Even nearly 40 years after Dr. King?????s tragic death, we still have more work to do to get where we need to be,????? said Bond.",0,[],"The release commemorates the legacy of Dr. Martin Luther King Jr. and describes Senator Bond's recollections and reflections. It does not claim a concrete outcome, legislative accomplishment, award, or secured benefit attributable to the senator. Therefore it is not credit-claiming.",
793,SENATOR GREGG SUNUNU 80 MILLION FOR NH INITIATIVES IN DEFENSE APPROPRIATIONS BILL SIGNED BY THE P SENATOR GREGG SUNUNU 80 MILLION FOR NH INITIATIVES IN DEFENSE APPROPRIATIONS BILL SIGNED BY THE PRESIDENT Upper Valley facility secures 1 4 million in federal funds Contact Barbara Riley Tuesday January 3 2006 WASHINGTON U S Senators Judd Gregg R NH and John E Sununu R NH announced that the Fiscal Year 2006 Defense Appropriations conference report passed the Senate by a final vote of 93 to 0 on December 21 2005 and was signed by the President on Dec 30 2005 The bill includes 80 million for New Hampshire companies including 1 4 million for the U S Army Cold Regions Research and Engineering Laboratory in Hanover The funds will be used to accelerate research and development efforts to further the study of the prediction of land atmosphere interactions for the U S Department of Defense On the national level the Defense Appropriations bill includes a 3 1 percent across the board pay raise for military personnel and funds an increase in Basic Allowance for Housing to maintain last year s initiative to eliminate out of pocket expenses for military personnel It also provides 18 million for the National Guard Counter Drug support programs Among the 50 billion supplied for operations ongoing in Iraq and Afghanistan is 1 billion to address immediate equipment shortfalls for the Guard and Reserve Senator Gregg a member of the Senate Defense Appropriations Subcommittee stated Companies throughout New Hampshire continue to produce top level products and services that are helping the men and women of our Armed Services carry out their duties worldwide They are making a significant contribution to our national security and I am pleased that their hard work and innovation is being recognized through the funding included in this bill On a national level I am proud to support a pay raise and increase in housing allowance for our troops in addition to making sure they have the equipment and resources they need to be successful in protecting the freedoms we are fortunate to enjoy Military facilities and private sector companies across New Hampshire New England and the nation play an important role in supporting and protecting our men and women in uniform no matter where they serve around the world The resources in this defense bill provide critical investments needed to fight the global war on terror protect the homeland and make investments to best respond to future threats at home and abroad said Senator Sununu 250374,1,"[""1"", ""2""]","The release announces that Senators Gregg and Sununu secured $80 million for New Hampshire initiatives in the Defense Appropriations bill, including $1.4 million for a specific federal laboratory. The bill passed and was signed by the President, and the senators are presented as responsible for including funds for New Hampshire. This is a concrete funding outcome attributed to the senators, satisfying rules 1 and 2.",
4423,Senator Jim Webb Virginia Press Releases October 18 2007 Warner Webb Secure Funding to Enhance Law Enforcement Protect Communities from Violent Crime Washington DCSenator John W Warner R VA and Senator Jim Webb D VA announced today key investment projects in the Fiscal Year 2008 Commerce Justice and Science CJS Appropriations bill to enhance law enforcement technologies safeguard our country from terrorist threats and protect the Commonwealths communities from gang violence I am pleased that this important legislation will provide much needed funding for local state and federal law enforcement I am particularly proud of the 200 000 that we provided to the State Police of Virginia to prevent internet crimes against children said Senator Warner Virginia faces a number of serious public safety challengesincluding escalating gang violence in Virginias suburban neighborhoods and the enormous cost of incarcerating illegal aliens said Senator Webb Coupled with the gang violence bill that we passed in the Senate last month this legislation is another important step in deterring violent crime and protecting Virginias communities The CJS bill provides nearly 2 7 billion to strengthen federal support for local police departments and other crime fighting efforts including funding for the Edward Byrne Programa partnership among federal state and local governments to create safer communities the COPS Program and the Drug Enforcement Agency The bill also provides funding for scientific and technological research to make the United States more competitive in the global economy Senators Warner and Webb secured 2 million for the installation of high speed internet service on the Eastern Shore of Virginia expanding broadband technology in the counties of Accomoack and Northampton Some of the notable Virginia projects funded by the FY2008 Commerce Justice and Science bill include Virginia Gang Education and Prevention Program 175 000 To increase law enforcement involvement in youth gang prevention and educate students to identify and resist gang involvement throughout Virginia Virginia State Police Computer Evidence Recovery Unity 100 000 CERU and High Technology Crime Unit Enhancements To provide Virginia State Police with the resources to investigate high technology crime in addition to Internet crimes against children gangs narcotics trafficking and terrorism Virginia State Police Internet Crimes against Children 200 000 Task Force To assist taskforce in training law enforcement officials in internet safety and tracking down internet predators Northwest Virginia Regional Drug and Gang Task Force 35 000 To secure necessary equipment to combat criminal activities of major narcotics and gang related offenders in the Northern Piedmont and Shenandoah Valley Law Enforcement Technologies Fairfax County 300 000 To improve law enforcement technologies to provide real time information sharing and improve interoperability among County State and regional authorities Law Enforcement Technologies City of Petersburg 250 000 To improve law enforcement technologies in police cruisers that will enable them to collect and process intelligence information in the field in real time,1,"[""1"", ""2""]","The release announces that Senators Warner and Webb 'secured' funding in the FY2008 Commerce, Justice and Science Appropriations bill for Virginia law enforcement, broadband, and other projects. It lists named projects and dollar amounts, and says 'Senators Warner and Webb secured $2 million' for broadband installation. This attributes concrete appropriated funding and legislative provisions to the senators, satisfying rules 1 and 2.",
4525,United States Senator Richard Shelby Press Room Press Room News Releases SHELBY ANNOUNCES NOMINEES TO U S SERVICE ACADEMIES FROM MADISON AND MORGAN COUNTIES Students from Madison and Morgan Counties have been Nominated February 9 2005 Washington D C U S Sen Richard C Shelby R Ala today applauded several Madison and Morgan County students who were nominated to the United States Service Academies The service academies include the U S Naval Academy U S Air Force Academy U S Military Academy and the U S Merchant Marine Academy Senator Shelby said Furthering ones education at our nations service academies is remarkable These students have shown exemplary performance in the classroom and in their extracurricular activities The selection process for the academies is extremely competitive and I was pleased to have been able to nominate a number of students from Madison and Morgan Counties Service academy nominees must be residents of Alabama and must complete the required ACT and SAT exams Applicants are also required to provide letters of recommendation their school transcript completed medical examination and the required application form The following Madison and Morgan County students have been nominated James Rushen son of Jim and Donna Rushen of Hartselle and a student at Hartselle High School has been nominated to the United States Merchant Marine Academy Hunter Leo son of Jada and Kate Leo of Huntsville and a student at Catholic High School has been nominated to the United States Naval Academy Daniel Stayton son of Steven Stayton and Connie Mullaley of New Market and a student at Buckhorn High School has been nominated to the United States Naval Academy and the United States Military Academy Andrew Jones son of Gerald Jr and Cherry Jones of Huntsville and a student at Virgil Grissom High School has been nominated to the United States Military Academy Dereck Kennedy son of Gary and Marcie Kennedy of Madison and a student at Bob Jones High School has been nominated to the United States Military Academy Although Senator Shelby nominated these students the academy to which they were nominated will make the final selection February 2005 News Releases Year County Current record Washington Email Email Email Email Email Email,1,"[""4""]","The release announces that Senator Shelby nominated students to U.S. service academies. Nominating students is an official senatorial function that can produce a concrete benefit or opportunity for constituents. The text says he 'was pleased to have been able to nominate' the students and lists the nominees. Although final selection is made by the academies, the senator's nomination itself is a concrete official action benefiting constituents and is presented as his role. This fits rule 4 as an advocacy/intervention producing a concrete benefit or opportunity. It does not clearly satisfy rules 1, 2, or 5 because no law, funding, award, or passed provision is involved.",
2988,09 23 2005 Stabenow Levin Announce Funding in Agriculture Appropriations Bill for Emerald Ash Borer Bovine TB Cormorant Control Senator Carl Levin News Release FOR IMMEDIATE RELEASESeptember 23 2005 Contact Press OfficePhone 202 228 3685 Stabenow Levin Announce Funding in Agriculture Appropriations Bill for Emerald Ash Borer Bovine TB Cormorant Control WASHINGTON The fiscal year 2006 Agriculture Appropriations bill approved by the U S Senate today provides funding to address important Michigan agriculture concerns targeting such problems as the apple fire blight bovine tuberculosis cormorant control and the emerald ash borer Michigan faces some unique challenges like bovine TB and the emerald ash borer that could easily become national problems if not contained and eliminated Stabenow said Michigan s fishing and tourism industries are also severely challenged by the growing flocks of cormorants along our shores Our efforts in addressing these problems as well as Michigan s economy in general will benefit greatly from the funding for these programs and projects Michigan s vibrant agricultural sector is a vital part of the state economy said Levin As we face threats such as the emerald ash borer it is critical that we have the resources we need to adapt and prevent these problems from doing severe damage This funding will not only help keep a number of potential dangers under control it will also provide Michigan s farmers with an important boost in fruit production and sustainable practices The Senate bill contains the following funding for Michigan Cormorant control 100 000 Armillaria root rot 151 000 Improved fruit practices 212 000 Bovine tuberculosis 356 000 Sustainable agriculture 384 000 Phytophthora research 500 000 Apple fire blight joint with NY 483 000 Wood utilization Joint with AK OR MS MN NC ME ID TN WV 6 235 000 In addition Senate appropriators have agreed to request of Stabenow and Levin that the final version of the bill after a House Senate conference contain the 14 million to combat the emerald ash borer the House approved funding amount This will be an 8 million increase over the amount included in the Senate bill,1,"[""1"", ""2""]","The release states that Senators Stabenow and Levin announced funding in the Agriculture Appropriations bill for Michigan-specific problems such as emerald ash borer, bovine TB, and cormorant control. It lists specific amounts included in the Senate bill and notes Senate appropriators agreed to request additional funding in conference. The senators are presented as securing or obtaining these concrete funding outcomes, satisfying rules 1 and 2. There is a possible ambiguity because the bill had only been approved by the Senate and the final conference amount was still a request, but the release still presents specific appropriated funding as obtained through the senators' efforts.",
4554,"SEN. SALAZAR: NOT PASSING FARM BILL PULLS RUG OUT FROM UNDER NATION'S FARMERS AND RANCHERS After crafting a strong, bipartisan bill in the Senate Agriculture committee and after 10 days of debate on the Senate floor, today Senate Republicans used their 53rd filibuster this year to block the 2007 Farm Bill. United States Senator Ken Salazar released the following statement expressing his extreme disappointment in not being able to move forward on debate of the bill. The Senate voted 55-42 to move forward on the bill. Sixty votes were required to move forward. ""Today, Republicans blocked the Senate from moving forward on the Farm Bill, which will revitalize rural America through smart investments in renewable energy, a stable and secure food supply, and responsible conservation of our land and water. We have worked hard through the committee process and on the floor to craft a robust, bipartisan, forward-thinking, and balanced package. I am extremely disappointed that Republicans have chosen to engage in political theatre rather than working to pass a Farm Bill that will directly impact our farmers, ranchers, rural communities, and families across America. ""Unfortunately, for too long Washington has overlooked the opportunities that Rural America can provide, and, through a policy of neglect and disinterest, has allowed small towns and rural communities across the country to wither on the vine. I came here to be a voice for rural America. I will keep working to get this bill across the finish line and to the President's desk for his signature."" Contact: Stephanie Valencia, 202/228-3630, Cody Wertz, 303/350-0032.",0,[],Senator Salazar expresses disappointment that the Farm Bill was blocked by a filibuster. The text describes legislative failure and criticizes the opposition. It does not claim a concrete benefit or successful outcome was secured.,
3968,U S Senator Patty Murray Senator Murray s Statement on GAO Report Detailing Inadequate Mental Health Spending by the VA Murray Senator Murray s Statement on GAO Report Detailing Inadequate Mental Health Spending by the VA 12 05 2006 News Release Senator Murray s Statement on GAO Report Detailing Inadequate Mental Health Spending by the VA For Immediate Release Tuesday December 5 2006 Washington D C Today U S Senator Patty Murray D WA reacted to another disturbing report that shows that the Department of Veterans Affairs VA is not doing an adequate job meeting the needs of America s veterans The report released yesterday by the U S Government Accountability Office GAO shows how the VA has been too slow to spend the money Congress gave it for mental health care The report also found that the VA had no system in place to track spending on mental health care and that some money that was intended for mental health initiatives may have gone elsewhere The report comes just ten weeks after an over the past two years Senator Murray who has worked for increases in mental health funding in the Senate issued the following statement This report is yet another example of how the VA is shortchanging America s veterans At a time when our country s men and women are returning from Iraq and Afghanistan with disturbingly high incidences of PTSD and other mental health conditions the VA has again shown it is unprepared to meet the needs of today s veterans and those who will come home tomorrow Over the past several years I have fought tooth and nail with the VA to increase health care funding I have had to fight for more funding because the VA has failed to recognize the coming responsibility they will face as our troops return home Unfortunately because the VA has not accurately portrayed its needs to Congress mental health care has continued to be under funded and veterans have continued to struggle to access the mental health care they need Now to find out that the VA is not even spending what little funding has been approved is simply appalling It seems that not only is the VA unaware of the full scope of the coming problem but it is also unable to spend sufficiently on the current one This report reinforces the need for the VA to present a real plan for how they intend to care for the thousands of new veterans returning home with mental health needs The VA plan must address the need to increase spending to meet demand the need to fully disperse current funding and the need to ensure that mental health funding is being spent on mental health initiatives I have spent a lot of time in my home state talking with veterans about the VA s effort to support their mental health needs These men and women deserve better from the VA They deserve to see the funding that Congress authorizes for their needs is actually spent by the Administration They deserve a VA that monitors and accounts for that funding so that their needs are met Ultimately they deserve a VA that is able to provide the mental health services they need Mental health among our nation s veterans is a real problem that demands real solutions from the VA It is time for the VA to present Congress with a real plan that includes the funding necessary to meet the great needs veterans face Read the,0,[],"Senator Murray reacts to a GAO report regarding inadequate VA spending. The text describes oversight and policy concerns. Although it mentions she has 'worked for increases' and 'fought tooth and nail,' it does not identify a specific concrete outcome or resource secured as a result of these efforts.",
4232,December 7 2006 Statement of Senator Hillary Rodham Clinton on The Resolution of a Federal Panel Regarding Electronic Voting Machines Washington DC The unanimous resolution by the Technical Guidelines Development Committee of the U S Election Assistance Commission that voting systems should have an independent means for verifying election results confirms the need for reforms that I have urged for years We must strengthen our electoral system so that our basic democratic values are protected even as voting technology and threats to the franchise evolve We need to adopt reforms to our election system so that we can say with confidence that we count every vote and that every vote counts It is why I introduced the Count Every Vote Act following widespread problems during the 2004 election and plan to reintroduce this important comprehensive election reform legislation when Congress returns next year My bill addresses the problems that have plagued our most recent federal elections and provides a practical way for our nation to meet these challenges and restore the American people s faith in our voting process The bill ensures that a voter verified paper ballot is provided for every vote cast on electronic voting machines It improves security measures for electronic voting machines and includes a ban on using undisclosed software and wireless communications devices in voting systems Among other things my legislation also protects voters from deceptive practices and conflicts of interest that impede voters trust in the electoral system Our election laws need to reflect our democratic values The time to pass meaningful election reform efforts like my Count Every Vote Act is long overdue I have tremendous confidence that under the strong leadership of Senator Dianne Feinstein the Senate Rules Committee will champion election reform I look forward to working closely with her so that we can restore the American people s confidence in our elections and ensure them that their vote has indeed counted,0,[],The text discusses a resolution by a federal panel and states that it confirms the need for reforms the senator has urged. It mentions the introduction of the 'Count Every Vote Act' and plans to reintroduce it. This describes legislative activity and future intentions rather than a completed or secured accomplishment.,
1970,May 2 2007 Obama McCaskill Introduce Bill to Evaluate Needs of Returning Service Members Would ensure physical and mental health conditions readjustment priorities are addressed WASHINGTON D C U S Senators Barack Obama D IL and Claire McCaskill D MO today introduced the Homecoming Enhancement Research and Oversight HERO Act legislation that would launch a comprehensive research endeavor to evaluate the physical mental health and readjustment needs of service members returning from the wars in Iraq and Afghanistan Between family commitments widespread traumatic brain injuries and mental health disorders and multiple redeployments today s service members and their families face a unique set of needs that must be identified and addressed Caring for our returning service members is one thing we can still get right about this war said Senator Obama We must ensure that we give our service members veterans and their families receive the treatment care and assistance they need to rebuild their lives The challenges do not diminish for many service members when they return home because the legacy of war takes a physical and emotional toll As we bring this war to a resolution it s our duty to honor the commitment of these heroes by meeting their long term needs Those who have fought this war and felt its effects most personally our servicemen and women deserve to have a real researched plan for dealing with the aftermath of their sacrifice so that the mistakes made by the administration in war planning are not repeated in planning for the readjustment needs of these heroes Senator McCaskill said Such a comprehensive research effort proved invaluable for Vietnam veterans but came ten years late We need to deliver the same level of analysis and planning for today s veterans right now After many Vietnam veterans had difficulty readjusting when they returned from war a national Vietnam veterans study was conducted to evaluate their needs but it was completed more than a decade after the war ended This war has been described as a family war According to the American Psychological Association 60 of deployed service members have family responsibilities and at any given time some 500 000 children have at least one parent deployed There is a lack of research focused on mental health and other readjustment needs of returning service members including service connected PTSD and increasingly complex Traumatic Brain Injuries The Hero Act would direct the Department of Defense and the Department of Veterans Affairs to contract with the National Academy of Sciences to launch a national research study which would achieve the following in two phases Phase One Research completed in 180 days Preliminary findings on the mental health and adjustment needs as well as gaps in care facing service members veterans and their families Description of research tracks and parameters for Phase Two research Phase Two Research completed in 3 years An assessment of the psychological social and economic impacts of deployments on service members veterans and their families including the particular impacts of multiple extended deployments and the long term effects of untreated physical and mental health disorders such as PTSD An assessment of the particular needs and concerns of female members of the Armed Forces and female veterans An assessment of the particular needs and concerns of minority members of the Armed Forces and minority veterans An assessment of the particular educational and vocational needs of returning service members veterans and their families An assessment of the full scope of the effects of TBIs on service members and former members including effects on the family members and caregivers and efficacy and accessibility of current treatment options within the DOD and VA Recommendations based on Phase Two findings of remedies or strategies to prevent minimize or address the impacts needs and gaps in care identified Follow Up Action Planning The VA and DOD must submit joint planning documents with cost estimates which respond to the NAS findings and the GAO will audit these documents The Hero Act has been endorsed by Veterans for America Iraq and Afghanistan Veterans of America Coalition to Salute America s Heroes and the Brain Injury Association of America Senators Obama and McCaskill also sponsored the Dignity for Wounded Warriors Act which takes a comprehensive approach to improving treatment for returning service members from improving facilities to increasing caseworkers and counselors and easing the transition from the DoD to the VA Senator Obama is also the sponsor of the Lane Evans Veterans Health and Benefits Improvement Act which would make veterans who served on active duty during a period of war eligible for a mental health evaluation and provide hospital care medical services nursing home care and family and marital counseling for any identified mental health condition Questions or comments Text Size,0,[],"The text describes the introduction of a new bill, the HERO Act, and details its provisions and supporters. It mentions other bills sponsored by the senators but does not claim any legislative success or passage. Since it only describes legislative activity and future intentions, it does not meet the criteria for credit-claiming.",
3891,"SEN. CORNYN ISSUES STATEMENT ON STATE CHILDREN'S HEALTH INSURANCE FUND REAUTHORIZATION U.S. Sen. John Cornyn today made the following statement regarding Reauthorization of the State Children's Health Insurance Fund (SCHIP). ""SCHIP has been a remarkable success and it deserves to be reauthorized with a significant funding increase. Texas still has an unacceptably high number of uninsured children and all levels of government must work together to address this problem. ""It's for this reason that I supported legislation, and fund the Texas legislature's initiative to enroll additional children. Equally important, this measure would allow Texas to retain $660 million in SCHIP funding instead of sending this money back to Washington where it would be redistributed to northern states. ""Unfortunately, the Senate instead passed a fiscally irresponsible reauthorization bill that will increase taxes, weaken private insurance coverage and create a new de facto entitlement for middle-class families. What's worse, at the same time that Texas is ramping up its SCHIP program, the Senate-passed legislation would strip Texas of roughly $660 million in previously allocated SCHIP funding to subsidize irresponsible spending by other states. This is not the right bill for Texas or for our country's future. ""The alternative bill I supported tonight offered more funding to locate and enroll eligible children, assisted families who retain private insurance, and provided greater state flexibility. It is disappointing that this alternative legislation was not agreed to, but I will continue fighting for what is best for Texas and our young people."" BACKGROUND: * The Senate tonight passed legislation that expands SCHIP by an estimated $35 billion, extends coverage to middle-income adults, and forces Texas to return $660 million in SCHIP funding to be distributed to other states. * Senator Cornyn opposed this measure and instead supported an alternative bill, Kids First, which increases SCHIP funding by $10 billion and provides new coverage for an additional 1.3 million children by 2012, including funding for the Texas legislature's initiative to enroll additional children.",0,[],"The senator expresses disappointment with a bill passed by the Senate and describes an alternative bill he supported. There is no claim of a concrete outcome secured by the senator; instead, it is a policy statement criticizing a legislative outcome.",
4704,"SEN. REID ISSUES STATEMENT ON SENATE ACTION ON FISA LEGISLATION Senate Majority Leader Harry Reid made the following statement today in response to the Senate's vote in favor of the Bond FISA legislation: ""A few weeks ago, I made a personal commitment to the Director of National Intelligence that I would lead the Senate to passage of a bill that would help protect America from terrorist attack by enhancing our intelligence community's foreign intelligence collection capability. ""Senate Democrats worked in good faith with the Director of National Intelligence to produce the Rockefeller-Levin bill that was tough on terrorists, provided much-need oversight of the Attorney General, and did not infringe on the constitutional rights of American citizens. Rather than pass this bill, my Republican colleagues chose to rubberstamp a flawed Administration proposal that fails to provide the accountability needed in light of the Administration's repeated past mismanagement of key tools in the war on terror. ""This bill will sunset in six months. Over the course of the fall, I expect the Senate to work diligently on more permanent legislation that will better serve American national security interests and the American people.""",0,[],"Senator Reid comments on the Senate's vote on FISA legislation. He criticizes the administration's proposal and notes that the bill will sunset in six months, expecting more permanent legislation later. This is a policy statement and description of a vote, not a claim of personal credit for a specific secured outcome.",
2357,"SEN. SNOWE URGES CONGRESSIONAL LEADERSHIP TO MAINTAIN FUNDING FOR COMMUNITY PROGRAMS Sen. Olympia J. Snowe (R-Maine) urged the Senate Appropriations Committee to maintain funding for the Community Development Block Grant (CDBG) program at the level that was agreed to in the Fiscal Year (FY) 2007 Budget Resolution when the Senate passed an amendment to increase funding for the Community Development Block Grant program by $1.3 billion, bringing the total funding to $4.3 billion. The President's Fiscal Year (FY) 2007 budget proposed 25% in cuts to the Community Development Block Grant program. ""CDBG funding empowers communities to provide affordable housing and other services to low-income people across our nation,"" said Snowe. ""I hope the Senate Appropriations Committee maintains the will of the Senate in appropriating funding for this invaluable program at $4.3 billion for fiscal year 2007. Doing otherwise would be irresponsible, leaving struggling families and communities out in the cold."" The CDBG program provides billions of dollars in flexible funding to states, localities, and other community organizations for economic development and public works projects. Maine's CDBG program provides funding and technical support for projects that achieve local community and economic development objectives, while principally benefiting Maine's residents with low-to-moderate income. These programs are only available to Maine towns, cities and counties for the benefit of Maine residents. Since 1998, Maine communities have received $23.4 million in funding for economic development, housing, and infrastructure projects and over that same time nearly 3,800 jobs have been created through CDBG funding. Regardless, Maine's CDBG allocation was cut from $31.7 million in 2005 to $28.9 million in 2006. 2007 funding is expected to be reduced to $21.7 million which would equate to a loss in Maine of $10 million in funding from 2005 to 2007. Below is the full text of the letter that was sent to the Senate Appropriations Committee: The Honorable Thad Cochran, Chairman The Honorable Robert C. Byrd, Ranking Member Appropriations Committee United States Senate Washington, D.C. 20510 The Honorable Christopher, Bond Chairman The Honorable Patty Murray, Ranking Member Appropriations Subcommittee on TTHUD Appropriations United States Senate Washington, D.C. 20510 Dear Chairmen Cochran and Bond and Ranking Members Byrd and Murray: The Department of Housing and Urban Development's (HUD) community development and housing programs build homeownership, support neighborhood revitalization and increase access to affordable housing free from discrimination. These activities not only help individual communities, but also strengthen our nation's economy as a whole. We urge you to provide a sufficient allocation to the Transportation, Treasury, Judiciary and HUD (TTHUD) Appropriations Subcommittee to restore the Community Development Block Grant (CDBG) program and adequately fund other HUD programs in fiscal year (FY) 2007. Since FY 2001, when the CDBG allocation was funded at $4.41 billion, the program has shrunk by $670 million, or 15.2 percent, with a five percent cut in FY 2005 and a 10 percent cut in FY 2006. The FY 2007 HUD budget proposed by the Administration proposes to reduce the formula funding by an additional 25 percent, cutting the formula allocation by over a third in just three years. The Senate expressed bipartisan support for HUD's community development programs, specifically passing an amendment to the FY 2007 Budget Resolution to fund the CDBG program at $4.3 billion, which would restore funding for CDBG to the FY 2004 level. We hope and expect that the allocation to the Subcommittee will reflect the will of the Senate and provide the necessary funds to provide at least $4.3 billion for CDBG and related programs in FY 2007. We also hope that the Subcommittee allocation will reflect a commitment to providing access to safe and affordable housing for all Americans by adequately funding vital HUD programs such as Section 8 Housing Choice Vouchers, Homeless Assistance Grants, the Public Housing Capital and Operating Funds, Section 811 Housing for Persons with Disabilities, HOME Formula Grants, Section 202 Housing for the Elderly, Fair Housing and Equal Opportunity programs and Lead-Based Paint Hazard Reduction grants. CDBG is one of the most effective Federal domestic programs to revitalize neighborhoods with proven results. Over 95 percent of the FY 2005 CDBG funding went to activities principally benefiting low- and moderate-income persons. Twenty-eight percent of CDBG funds supported housing activities in distressed communities, 24 percent supported public improvements, 15 percent went to the provision of public services, and 7 percent supported economic development activities. In FY 2005, CDBG housing projects assisted over 166,000 households, including financial assistance to new homeowners and rehabilitation assistance to the elderly and other existing homeowners. Economic development programs benefiting from CDBG last year created or retained over 91,000 full-time jobs. CDBG also has a strong record in business retention: CDBG has ensured that over 80 percent of the businesses assisted through the program were still in operation after three years. Past experience teaches us that integrating community development programs with housing programs improves the overall effort to deliver services and create new opportunities forthe American people; therefore, it is important that sufficient funding is also provided for HUD's housing programs. HUD's housing programs assist millions of families around the country. The voucher program alone serves over 2 million families. Without housing assistance, many families would lack the stability to find and retain employment, and many children would be unable to adequately perform in school because of multiple moves or health problems induced by inadequate housing. CDBG, coupled with HUD's housing and homeless programs, provide communities with a comprehensive approach to help states, counties, cities, and rural communities meet the needs of low-income communities. Congress created CDBG to consolidate a number of complex and overlapping financial assistance programs in order to encourage community development activities which are consistent with comprehensive local and area-wide development planning, and to further the national housing goal of a decent home and a suitable living environment for every American family. CDBG works in tandem with Section 8, public housing, homeless assistance grants, and the HOME program to meet these goals. Together they create a web of programs designed to strengthen our communities, and all need adequate funding to continue their successes. Thank you for your consideration. We look forward to working with you to ensure that communities across the country can provide good jobs, safe neighborhoods, affordable housing, and public services to meet the needs of all Americans. Contact: Antonia Ferrier, 202/224-5344.",0,[],"Senator Snowe urges the Appropriations Committee to maintain funding levels that were agreed to in a previous budget resolution. While the text mentions a past amendment that passed, the release itself describes an ongoing request or oversight without claiming a specific secured result or completed outcome. It functions as an expression of policy position and advocacy.",
2548,February 9 2006 Senator Clinton Presents National AmeriCorps Award to Two Outstanding Western New York Youth Leaders Awards presented to Patricia Jarnot of Batavia and Carrie Smith of Lancaster at ceremony in Washington DC Washington DC At a ceremony on Capitol Hill yesterday Senator Hillary Rodham Clinton helped recognize two AmeriCorps members from Western New York At the annual Voices for AmeriCorps celebration Senator Clinton presented the AmeriCorps Leadership Award to Patricia Jarnot of Batavia and Carrie Smith of Lancaster commending them for their dedication to national service It was an honor to present Patti and Carrie with these awards and to recognize their service to the community Senator Clinton said Their willingness to give their time and skills both at home and along the Gulf Coast in the aftermath of Hurricane Katrina has shown them to be true leaders who should serve as role models for us all I am so pleased that I could help recognize them for their outstanding work They both have my full admiration not only for their individual achievements but for what they are giving to society as a whole The AmeriCorps Leadership Award recognizes the dedicated service of outstanding AmeriCorps members The awards were presented as part of the third Voices for AmeriCorps celebration an annual event organized and hosted by Voices for National Service that brings together AmeriCorps supporters from across the country to celebrate the power of national service This year Voices for AmeriCorps incorporated panels featuring experts on AmeriCorps impact and on the role that AmeriCorps programs play in disaster recovery with a particular focus on Gulf Coast relief and recovery efforts in the wake of the recent hurricanes Voices for AmeriCorps is a coalition of more than 100 national service organizations from across the United States that provide direct services to communities in need matching the talents of committed citizens with service opportunities in schools community centers senior homes health clinics and national parks and recreation areas CARRIE SMITH Born and raised in Lancaster NY Carrie came to West Seneca AmeriCorps in January 2005 in response to an advertisement for an AmeriCorps Park Ranger position After a full year of service Carrie proved herself as a highly effective leader and motivator among members and staff alike She recently re enrolled into a second term as an AmeriCorps Team Leader for the West Seneca Service Action Corps and is currently helping to launch an environmental conservation wing to their youth corps model She is also a member of the West Seneca AmeriCorps Emergency Response Team and served in the 30 day deployment in the Gulf Coast back in October November PATRICIA JARNOT Born and raised in Batavia NY Patricia came to West Seneca AmeriCorps in June 2005 to serve as a tutor and mentor with their AmeriCorps Builds Lives through Education summer tutoring initiative After a 300 hour summer term of service Patti decided to re enroll in a full year of service with the same program and is currently serving as a full time 1700 hour AmeriCorps tutor and mentor for Journey s End one of West Seneca s sponsored host sites in Buffalo New York She also serves on the West Seneca AmeriCorps Emergency Response Team and was deployed with Carrie back in October November,0,[],"The release describes Senator Clinton presenting awards to two constituents. This is a commemorative event recognizing others, not the senator receiving an award or claiming personal responsibility for a concrete benefit or policy outcome. Thus, it does not satisfy any credit-claiming rules.",
4778,"SEN. LUGAR PRAISES FIRST USE OF DEBT-FOR-NATURE ACT IN AFRICA U.S. Senate Foreign Relations Committee Chairman Dick Lugar praised today's announcement that the Bush Administration has completed the first debt-for-nature agreement in Africa under the Lugar-Biden Tropical Rain Forest Conservation Act (TFCA). The agreement signed today with the government of Botswana will reduce debt payments that country owes the U.S. by $8.3 million. In return, the government of Botswana has committed these funds over the next 10 years to support grants to conserve and restore important tropical forests throughout the country including such world famous areas as the Okavango Delta and Chobe National Park region. ""The United States has a significant national interest in protecting tropical forests in developing countries,"" said Lugar. ""Tropical forests regulate the hydrological cycle on which world agriculture depends. The genetic diversity contained in tropical forests is important for plant breeding. Twenty-five percent of prescription drugs come from tropical forests."" ""The Tropical Forest Conservation Act addresses the economic pressures on developing countries through 'debt-for-nature' mechanisms that reduce foreign debt while leveraging scarce funds for international conservation,"" said Lugar. ""An agreement with Botswana is particularly significant and an important milestone for African conservation."" According to the U.S. State Department statement: ""The forests covered by the agreement with Botswana include closed canopy tree cover, riverine forests and dry acacia forests. They are home to the fishing owl, leopard, elephant, hippopotamus and many other wildlife species. People living in and around these forests and their future generations depend on them for their livelihood and survival."" The ""debt-for-nature swap"" legislation was authored by Senators Lugar (R-IN) and Joe Biden (D-DE and ranking Democrat on the Foreign Relations Committee) in 1998 and reauthorized in 2004. It provides opportunities for eligible developing countries to reduce concessional debts owed the United States while generating funds to conserve their forests. The agreement with Botswana marks the 11th debt-for-nature pact concluded under the Bush Adminstration, following agreements with Belize, Columbia, El Salvador, Guatamala, Jamaica, Panama (2), Paraguay, Peru and the Philippines. These agreements, together with another TFCA agreement concluded with Bangladesh in 2000, will generate over $135 million to protect tropical forests in developing countries.",1,"[""1"", ""2"", ""5""]","Senator Lugar praises the first use of a debt-for-nature agreement in Africa. The text explicitly links this concrete outcome (the agreement with Botswana reducing debt and funding conservation) to the 'Lugar-Biden Tropical Rain Forest Conservation Act,' which was authored by the senator. This satisfies rules regarding concrete outcomes, legislative accomplishments, and authorship.",
3824,Latest News TOPICS Latest News FOR IMMEDIATE RELEASE March 10 2006 Schumer And Spitzer Announce Legislation To Ban Shipment Of Tobacco Through The U S Mail Schumer to Introduce Legislation in U S Senate to Make Shipping Cigarettes through the Mail Illegal Allow State AG s to Pursue Violators U S Senator Charles E Schumer and New York State Attorney General Eliot Spitzer today announced that they have teamed up to support legislation to stop the shipment of cigarettes and smokeless tobacco through the U S Mail At a joint news conference with Spitzer held at New York s historic Farley Post Office Schumer announced his bill that would prohibit mailing cigarettes through the United States Postal Service impose fines of at least 1 000 per offense and jail time for repeat offenders The bill would also give state Attorneys General the ability to pursue those who ship tobacco in violation of the new law Passing this bill will be the final nail in the coffin for the sale of cigarettes on the Internet Schumer said The U S mail has become the last refuge for online cigarette merchants and its time that this loophole is closed Working together we are attacking the problem of illegal cigarette shipments on both a state and national level Spitzer said The Postal Service has become the delivery arm of a massive criminal enterprise shipping contraband cigarettes nationwide The legislation that Senator Schumer is introducing will ensure that the Postal Service gets out of the cigarette delivery business Several states including the State of New York have laws prohibiting or restricting the sale of cigarettes and smokeless tobacco to consumers via the mail The Postal Service contends that the current law is too vague and therefore requires the Postal Service to deliver all packages if it cannot discern with certainty whether the package contains tobacco products Schumer s bill would place the shipment of cigarettes and smokeless tobacco on par with other non mailable items such as liquor firearms and explosives Internet and mail order cigarette retailers operate in violation of numerous federal state and local laws including tax laws age verification laws delivery restrictions reporting requirements and federal wire fraud and mail fraud statutes As a result a coalition of federal state and local law enforcement agencies has been working on several initiatives to stop these illegal sales including federal and state criminal indictments of cigarette sellers seizures of contraband cigarettes and efforts to strengthen cigarette trafficking prohibitions In 2005 both DHL and UPS agreed to cease delivery of cigarettes to consumers throughout the United States In addition in March 2005 the major credit card companies all agreed to take steps to ensure that their credit card systems are not used to process payments that further illegal cigarette sales Finally last month Philip Morris USA PM USA reached an agreement with a coalition of 37 Attorneys General to reduce the supply of PM USA cigarettes to those engaged in such illegal sales,0,[],The text announces the introduction of legislation to ban the shipment of tobacco through the mail. It describes a legislative proposal and future intentions rather than claiming that a law has been passed or a specific outcome achieved.,
1641,"SEN. GRASSLEY: HHS SECRETARY LEAVITT GIVES APPROVAL TO IAAP PETITION Sen. Chuck Grassley, today said that the Department of Health and Human Services Secretary Mike Leavitt has designated the former workers at the Iowa Army Ammunition Plant (IAAP)to be members of the special exposure cohort. Grassley said that the Secretary's designation means that any former IAAP worker who is determined to fit the designation of the cohort, and had worked at least 250 days, and developed one of the 22 radiation induced cancers listed in the statute will receive compensation of $150,000 and payment of medical expenses from the date a claim is filed. If the employee is no longer living, the compensation is payable to eligible survivors. ""What a relief! I had a very good feeling after my meeting with Secretary Leavitt yesterday, but you can never be sure until it actually happens. Secretary Leavitt deserves a great deal of credit for making this decision so quickly,"" Grassley said. ""The only thing that can stop these patriotic Americans from receiving the compensation they deserve is an act of Congress. This is one member of Congress who isn't going to let anything happen to change this decision."" Leavitt's designation will now be transmitted to Congress (in this case the Speaker of the House of Representatives). The designation will include a report providing the designation, the definition of the class of employees covered by the designation, and the criteria and findings upon which the designation was based. The Secretary's designation will take affect within 30 days unless Congress takes action to reverse the designation. Grassley said that Leavitt used the same rationale to designate the former IAAP workers to be part of a Special Exposure Cohort as the advisory board. Leavitt and the board, in making their recommendations, concluded that the former IAAP employees worked in one of the earliest environments where nuclear materials were handled, and that the radiation doses at IAAP could have endangered the health of the workers. The board also determined that the limited monitoring data available at IAAP raised serious doubts about the representativeness of the data that does exist, and that the limitations and uncertainties cause a number of difficulties for doing individual dose reconstructions.",1,"[""4""]","The text describes a concrete outcome: HHS Secretary Mike Leavitt designated former Iowa Army Ammunition Plant workers as members of a special exposure cohort, making them eligible for compensation and medical expenses. Senator Grassley presents himself as personally involved in bringing this about, saying he had a 'very good feeling after my meeting with Secretary Leavitt yesterday' and that 'this is one member of Congress who isn't going to let anything happen to change this decision.' This strongly implies that Grassley's advocacy and intervention directly produced or secured the designation and resulting benefits for constituents, satisfying rule 4.",
2450,United States Senator Richard Shelby Press Room Press Room News Releases SHELBY COMMENDS PASSAGE OF ENERGY BILL June 28 2005 WASHINGTON D C U S Senator Richard C Shelby R AL today commended Senate passage of H R 6 the Energy Policy Act of 2005 By a vote of 85 12 the Senate overwhelmingly approved the Energy Bill which will now head to a conference committee with the House of Representatives for consideration Senator Shelby made the following statement regarding passage of the bill I am pleased that the Senate has been able to come to agreement and pass an Energy Bill This legislation encourages increased domestic production so that consumers will experience more stable gas prices and the country will lessen its dependency on foreign oil The bill also creates incentives for alternative energy production and conservation efforts including improved fuel efficiency I am encouraged by the bills strong focus on energy reliability Without a long term strategy to ensure steady reliable supplies of energy we put our economy and the way of life it supports at risk I am very encouraged that the bill permanently halts the Federal Energy Regulatory Commissions FERC Standard Market Design SMD proposed rulemaking SMD calls for a one size fits all electricity template for the entire country eliminating a states ability to make decisions on electricity issues In particular it would allow the relatively inexpensive power Alabamians currently receive to be shipped to other areas of the country forcing us in the Southeast to pick up the tab Additionally the SMD proposal would force rate payers in Alabama to cover the costs of upgrading transmission in Alabama in order for excess power to be shipped out of the region Therefore we would pay for power upgrades that serve high cost areas such as New York City while providing no benefit to consumers in Alabama I believe all Alabamians can declare victory with this provision I was also pleased that I was able to work with Chairman Domenici and Ranking Member Bingaman to include report language which clarifies the involvement that States and localities should have in the siting construction and operation of LNG facilities There is no question that state and local governments have a keen understanding of the needs of their communities and this language provides clarity as to what their role should be in this process While this is an important step I am hopeful that during the conference process we can include even more substantive language as a part of the bill itself which will establish a clear and direct line of communication between the FERC and States and localities For the first time the Senate Bill includes provisions that will allow Alabama to receive a share of the royalties from oil and gas leases in federal waters on the Outer Continental Shelf This will provide over 16 million a year for conservation master planning and infrastructure development for Alabamas coastal areas Finally I am hopeful that during conference with the House the conferees can come to agreement about exploration in the Arctic National Wildlife Refuge ANWR While the Senates bill did not include such a provision the House bill did I believe that oil exploration in ANWR done in an environmentally safe and sound manner is an important step towards reducing our dependency on foreign sources of oil Shelby concluded 30 June 2005 News Releases Year County Current record Washington Email Email Email Email Email Email,0,[],"Senator Shelby commends the Senate passage of the energy bill and discusses provisions in it, including halting FERC's Standard Market Design and including report language on LNG facility siting. He says he was 'able to work with Chairman Domenici and Ranking Member Bingaman to include report language' and notes provisions allowing Alabama to receive royalties. However, the bill has only passed the Senate and is heading to conference committee; it is not enacted. While Shelby mentions working to include report language, this is not presented as a completed legislative accomplishment or concrete secured outcome. The text is largely about a bill passing one chamber and future conference hopes, without clearly claiming Shelby as personally responsible for a concrete, achieved outcome. Thus, it does not meet the threshold for credit-claiming under the codebook.",
850,FOR IMMEDIATE RELEASE The contents of the Downing Street Minutes confirm that the Bush Administration was determined to go to war in Iraq regardless of whether there was any credible justification for doing so The Administration distorted and misrepresented the intelligence in its attempt to link Saddam Hussein with the terrorists of 9 11 and Osama bin Laden and with weapons of mass destruction that Iraq did not have In addition the Downing Street Minutes also confirm what has long been obvious that the timing of the war was linked to the 2002 Congressional elections and that the Administration s planning for post war Iraq was incompetent in all its aspects The current continuing crisis is a direct result of that incompetence Many of you have worked hard for the American people the media and those in government to speak out about the Downing Street Minutes and the Iraq war You can join me in speaking out as well The policy of shoot first ask questions later took us into an unjustified war and without a clear concept of what winning the war actually means President Bush constantly talks about the progress that is being made in Iraq against the insurgency but he s looking for good news with a microscope All anyone can see is Mission Mis accomplished and the continuing losses of American lives the deaths of thousands of innocent Iraqis the torture scandal and the ominous decline in our nation s moral authority in the world community We know the Administration had been planning to invade Iraq for many months before the invasion actually began We know the Administration twisted the intelligence to make the facts fit their plan We know that the Administration never really intended to give the U N weapons inspectors a reasonable chance to succeed The Downing Street Minutes demonstrate that the Administration knew their case for war was paper thin and that in order to go into war with the support of our allies we had to demonstrate some willingness to go along with the UN inspection process But the Administration continued to misuse its intelligence distort the facts and pay only lip service to the UN s role in disarming Iraq We never should have gone to war for ideological reasons driven by politics and based on manipulated intelligence The Downing Street Minutes provide even more proof that this is exactly what happened on Iraq The Administration s dishonesty lack of candor and lack of planning have brought us to where we are today with American soldiers dying Iraqi civilians living in constant fear and with no clearer picture of our strategy for victory in Iraq than when we started Laura Capps Melissa Wagoner 202 224 2633,0,[],"The text is a statement criticizing the Bush Administration regarding the Iraq war and the Downing Street Minutes. It expresses policy positions and criticizes opponents. There is no claim of any concrete benefit, legislative accomplishment, award, or secured outcome by the senator. It is not credit-claiming.",
1983,"SEN. ROBERTS RECEIVES COVETED 'GUARDIAN OF SMALL BUSINESS' AWARD Sen. Pat Roberts (R-KS) was recently named a ""Guardian of Small Business"" by the National Federation of Independent Business (NFIB). ""Small businesses and their employees are the backbone of our Kansas communities,"" Senator Roberts said. ""I always keep this in mind when considering legislation to protect Kansas's small-business owners and employees. Thank you to NFIB for this award."" The ""Guardian of Small Business"" award from NFIB is based on a member of Congress' voting record on behalf of America's small-business owners in the 109th Congress. One of the votes this award measured was support for the Health Insurance Marketplace Modernization Act. This bipartisan legislation, strongly supported by Senator Roberts, would increase access to affordable, high quality health care for small businesses by allowing them to pool together through an association and offer health insurance to their employees with these Small Business Health Plans (SBHPs). Unfortunately, this bill fell just a few votes short of passage because of a procedural hurdle on the Senate floor, but Senator Roberts remains committed to working with his colleagues on the Senate Health Committee to make this bill a priority. Senator Roberts has been named a ""Guardian of Small Business"" every session of Congress since 1981. Contact: Sarah Ross Little, 202/224-4774.",1,"[""3""]","The text explicitly states that Senator Pat Roberts received the 'Guardian of Small Business' award from the National Federation of Independent Business, based on his voting record on behalf of small-business owners. It also notes he has received this award every session of Congress since 1981. This is a clear case of a senator receiving external recognition tied to official performance, satisfying rule 3.",
3763,"SEN. KYL GARNERS $3.4 MILLION FOR ARIZONA HIGH-TECH TRAINING PROGRAM Sen. Kyl was informed by Department of Labor Secretary Elaine Chao today that his request for a $3.4 million educational training grant in software quality engineering has been granted to Arizona. ""This grant is designed to help make sure enough Americans are prepared and available to fill the growing demand for high-paying software quality engineering jobs,"" Kyl said. ""It would be a great shame if employers had no alternative but to look overseas for qualified workers."" The grant will fund a new three-course curriculum in software quality engineering (SQE) and testing, which has been identified as a skill in critical short supply. The result of a collaborative effort by the State of Arizona, IBM, Northland Pioneer College and Mesa Community College, it is projected to offer industry-recognized SQE Certification to more than 1500 students, as well as provide training to 900 incumbent workers. Contact: Scot Montrey, 202/224-2206; Andrew Wilder, 202/224-7705.",1,"[""1"", ""4""]","The text states that Senator Kyl was informed that his request for a $3.4 million educational training grant was granted to Arizona. The grant is a concrete benefit for Arizona, and the text directly attributes it to Kyl's request, presenting him as responsible for securing it. This satisfies rule 1, which covers obtaining funding, and rule 4, which covers intervention or advocacy producing a concrete benefit.",
4168,June 11 2007 Contact Leslie Phillips Connecticut Lawmakers Seek Answers About New Haven Immigration Raid Letter to DHS Secretary Asks for Clarification on Timing and Conduct of Action WASHINGTON Three Connecticut lawmakers Monday asked Department of Homeland Security Secretary Michael Chertoff for clarification about the way in which a recent immigration raid in New Haven was conducted as well as its timing In a letter to Chertoff dated June 11 2007 Senators Joe Lieberman ID Conn and Chris Dodd D Conn and Rep Rosa DeLauro D Conn sought the information to determine if violations of protocol may have occurred as some witnesses have suggested Several aspects of the enforcement operation have raised concerns for us the Mayor of New Haven and many residents in Connecticut the lawmakers wrote For instance while it is our understanding that the enforcement action that took place in New Haven was part of a nationwide initiative to target and apprehend individuals with final orders of removal we have received reports that only 4 of the 31 individuals who were detained had deportation orders The lawmakers further asked whether the timing of the raid was tied to the New Haven Board of Alderman s approval the day before of a city identification card that would be available to all residents including undocumented immigrants Following is full text of the letter June 11 2007 The Honorable Michael Chertoff Secretary of Homeland Security U S Department of Homeland Security Washington DC 20528 Secretary Chertoff We write in regard to an immigration enforcement operation that took place in New Haven Connecticut on Wednesday June 6 2007 We were informed that 31 individuals were detained by Immigration and Customs Enforcement ICE agents as part of an ongoing fugitive operation initiative These individuals were removed from their homes and placed in detention facilities outside of the state We are troubled by reports about the manner in which this enforcement operation was conducted and about the timing of the action and we are seeking additional information from the Department Several aspects of the enforcement operation have raised concerns for us the Mayor of New Haven and many residents in Connecticut For instance while it is our understanding that the enforcement action that took place in New Haven was part of a nationwide initiative to target and apprehend individuals with final orders of removal we have received reports that only 4 of the 31 individuals who were detained had deportation orders Eyewitnesses reported to the Mayor s office that ICE agents pushed their way into homes which could be a violation of protocol if they were armed only with administrative warrants and treated both adults and children inappropriately Family members of those detained reported that they did not receive adequate information about the whereabouts of detainees Finally this enforcement action followed the approval by the City of New Haven of a plan to offer all city residents including the undocumented community identification cards that could be used to open bank accounts and use other local services As a result some believe the ICE operation might have been retaliation for this new initiative In order to fully understand how this enforcement action took place and whether any abuses or violations of protocol occurred that should be addressed we respectfully request that you provide timely responses to the following questions Please explain the timing of the raid What precipitated this particular fugitive operation Was the immigration enforcement operation linked to New Haven s new municipal ID policy How do ICE agents identify people who are targets of these fugitive operations Is this targeting based on intelligence about specific individuals How does ICE choose where to undertake these initiatives How many people were detained How many of the people detained were targets of the fugitive operation What type of warrants did ICE use for this fugitive operation Did ICE have warrants for all of the people detained What steps did ICE take to identify any person with a humanitarian concern such as a medical condition status as sole caregiver of a child or elderly parent or pregnant women Have such individuals been provided humanitarian release Did ICE conduct any advance planning with local social service agencies to ensure that the needs of affected families would be addressed Did they coordinate with local agencies after the raids What information was provided to the families of the individuals who were detained about their relative s whereabouts at the time the enforcement action occurred Once the individuals were placed in detention were relatives provided information about their relative s whereabouts How was this information communicated What steps were taken to inform people detained about opportunities to obtain legal counsel If they had legal counsel what steps were taken to inform counsel of their client s whereabouts Did ICE agents enter any home without consent If so did they have the proper warrant to enter without consent Are ICE officials aware of any reports that agents treated adults or children inappropriately What steps have been taken to investigate any such reports Why was the New Haven Police Department NHPD informed about the raids only after they began to take place What method was used to contact the NHPD contacted and who received the notice from ICE We thank you in advance for your prompt response to these questions We look forward to continuing to work with you on this matter Sincerely Joseph I Lieberman Christopher J Dodd Rosa L DeLauro 30,0,[],"The text describes Connecticut lawmakers, including Senators Lieberman and Dodd, writing a letter to DHS Secretary Chertoff seeking answers about an immigration raid. It is an oversight activity requesting information. There is no claimed result, concrete benefit, or policy change achieved by the senators. Describing meetings or oversight without a claimed result is not credit-claiming per the codebook definition.",
2885,"SEN. GRASSLEY URGES FOLLOW - THROUGH IN U.S.- CHINA TRADE RELATIONS Sen. Chuck Grassley, chairman of the Committee on Finance, with jurisdiction over international trade, today urged the senior Chinese official who will take part in this week's meeting of the U.S.-China Joint Commission on Commerce and Trade (JCCT) to support concrete action following the meeting in order to address a number of outstanding bilateral trade concerns. On a parallel track, Grassley and Sen. Max Baucus, ranking member, last month introduced bipartisan legislation that would give the United States more trade enforcement tools to encourage U.S. trading partners to adhere to their trade obligations. The United States Trade Enhancement Act of 2006 has 12 bipartisan co-sponsors. The text of Grassley's letter to Vice Premier Wu Yi follows. April 10, 2006 Her Excellency Wu Yi Vice Premier State Council, Central Government of the People's Republic of China Beijing, P.R.C. Dear Madam Wu Yi: I regret that I'm unable to meet with you during your visit this week to Washington, DC. This year's meeting of the U.S.-China Joint Commission on Commerce and Trade (JCCT) is being held during a week in which Congress is in recess. When Congress is not in session, I spend most of my time meeting with constituents in my home state of Iowa. I understand that you will travel to a number of states during your stay. I hope that you can visit Iowa the next time you come to the United States. It's been two years since I wrote you following the 2004 meeting of the JCCT. At that time, I raised a number of issues in our bilateral trade relations. Today I'm pleased to note that after much hard work, some of those issues appear to be resolved. Yet others remain, and I'm very concerned that if we do not soon address them adequately, the growing imbalance in our trade relations will become neither politically nor economically sustainable. The frustration that I and many of my colleagues in the Senate feel is that China is not satisfying its obligations as a member of the World Trade Organization (WTO) and as a major beneficiary of open international trade. Infringement of intellectual property rights in China has been a major concern for some time, yet there are few signs of improvement. Similarly, China continues to ban imports of U.S. beef without any scientific basis. In joining the WTO, China committed to initiate negotiations for membership in the Government Procurement Agreement as soon as possible, yet there is no indication that such membership is imminent. Separately, government intervention in the Chinese market, including by means of opaque regulatory processes and industrial policies, also serves to impede trade. The clearest example of government intervention continues to be with respect to currency exchange rates. Last July, China announced that its exchange rate would become adjustable, based on market supply and demand, but that's not happening yet. That type of mixed signal only deepens the frustration. I hope that your meetings in Washington serve to jumpstart meaningful progress in addressing each of these issues. If it is to remain relevant, the annual JCCT meeting must be followed by constructive engagement and concrete action. With your support, I hope that can be achieved. Sincerely, Charles E. Grassley Chairman",0,[],"The text describes Senator Grassley urging Chinese officials to take concrete action on trade issues and mentions legislation he introduced with Senator Baucus. However, it does not claim any concrete outcome secured by Grassley, such as a policy change, agreement, or legislative success. It is a letter urging future action and describing introduced legislation, not claiming an achieved result. Therefore, it does not meet any credit-claiming rules.",
3438,"SEN. SNOWE CELEBRATES GREEK INDEPENDENCE DAY Today, Sen. Olympia J. Snowe issued the following statement on 185th anniversary of Greek independence: ""The history of the Greek people has left an indelible and lasting legacy on our world today. The cradle of democracy, the country of my ancestors, is the birthplace of all freedom loving peoples. Commemorating the 185th anniversary of Greek independence is an affirmation of not only of the strength of the Greek people, but also of their central role in fostering democratic societies in all corners of the world. ""I have always been proud of my forefathers and mothers of my family's home country. I am proud because modern Greece has had a lasting and significant relationship with the United States. In 1821 when modern Greece was founded, it was with the support of America. When the free world stood up against tyranny in the Second World War, Greece fought side by side with the United States and our allies. And when the people of Greece needed the American people to help fight against the tyranny of fascism or communism, our country stepped forward to support them through difficult and dark times. ""As a Greek-American and as a United States Senator, I believe that Greek Independence Day must be celebrated not just on the streets of Athens, but also in the streets of Washington and New York as well. Because ultimately, it is our shared values that rest firmly on the democratic legacy of ancient Greece that have propelled our two nations forward together, with an unwavering determination for a more prosperous, more free world."" Contact: Antonia Ferrier, 202/224-5344.",0,[],"The text is a statement celebrating Greek Independence Day. It commemorates a historical event and expresses pride in Greek heritage and U.S.-Greece relations. There is no claim of a concrete benefit, legislative accomplishment, award, or outcome secured by Senator Snowe. It is a commemorative statement, not credit-claiming.",
4424,"SEN. CANTWELL PRESSES CASE FOR ANTI-PRICE GOUGING LAW, COMPREHENSIVE INVESTIGATION OF PETROLEUM MARKETS In a letter to Senate Judiciary Committee Chairman Arlen Specter (R-PA) and Ranking Member Patrick Leahy (D-VT) Tuesday, Sen. Maria Cantwell (D-WA) underscored the need to uncover the cause of rising energy costs and determine if industry practices are contributing to record-high prices hurting hard-working Americans nationwide. Cantwell's letter comes as the Judiciary Committee holds hearings Tuesday to determine the impacts of oil industry mergers and consolidation on fuel prices. Last week, Chairman Specter circulated draft legislation--the Petroleum Industry Antitrust Act of 2006--which would revise U.S. antitrust laws to prohibit oil companies from manipulating energy markets by withholding fuel supplies. In her letter, Cantwell said Specter's proposal takes ""critical steps forward,"" and pressed her case for a comprehensive investigation of current dynamics influencing petroleum markets. ""For years now, we've seen a steady rise in energy prices for American families and businesses while oil and gas conglomerates haul in unheard-of profits,"" said Cantwell, a member of the Senate Energy and Commerce Committees. ""We can't blame these prices on last year's hurricane alone. Right now, we don't understand how the fuel market works because there is no transparency. Meanwhile, we're hearing that gas prices could jump again this summer. We need transparency, answers, and, most of all, stable affordable fuel to keep our economy strong and American families within their budgets."" In her letter, Cantwell reiterated the need to get answer to the questions oil companies have thus far refused to address. Specifically, she outlined four policy areas that require further investigation: * Industry practices regarding fuel inventories, which may be exacerbating recent volatility in petroleum prices; * Controversial pricing policies used by the petroleum industry, such as ""redlining"" and zonal pricing; * The role that speculative trading in spot and financial futures markets may play in contributing to energy price volatility; and * The best model for enhancing market transparency, or providing a better mechanism for authorities to monitor compliance with our nation's consumer protection laws. Last November, executives from major oil companies appeared at a joint hearing of the Senate Energy and Commerce Committees to answer questions about possible price gouging at the gas pump. Before the hearing, Cantwell led a group of Democratic senators in requesting that oil company executives testify under oath, but her request was denied. Following the hearing, a number of the oil companies failed to provide necessary information about their fuel inventories, trading activities, and exports, despite commitments to do so at the hearing. Last week, Cantwell joined Commerce Committee Co-chairman Inouye (D-HI), requesting that the Government Accountability Office investigate a number of these issues. Cantwell's letter to the Judiciary Committee Tuesday is yet another step in the effort to get answers. Cantwell is also the lead sponsor of legislation to prohibit price gouging at the gas pump during times of national energy emergencies (S. 1735). Currently pending in the Senate Commerce Committee, of which Cantwell is a member, with nearly 30 cosponsors, this measure would provide new tools for state authorities to prosecute suspected instances of price gouging--but also recognizes the fundamentally interstate nature of fuel markets, by providing backstop federal authority to pursue profiteering across state lines, with a focus on the largest interests in the petroleum industry. Cantwell's measure is modeled on successful state laws. In fact, an interim report issued earlier this month by the Federal Trade Commission has identified 99 cases in which states with price gouging laws on the books have brought charges related to the run-up in prices after last fall's tragic hurricanes. Between early 2002 and January 2006, unleaded gasoline rose from $1.36 to $2.32 per gallon, diesel increased from $0.86 to $1.99 per gallon, and home heating oil jumped from $1.13 to $2.30 per gallon, all while oil giants reported record-breaking profits. In January, Exxon Mobil reported $36 billion in 2005 profits, more than any American company has ever earned during a single year. For Cantwell's letter to Senators Specter and Leahy, see: http://cantwell.senate.gov/news/03_14_06_Judiciary_Oil.pdf.",0,[],"The text describes Senator Cantwell pressing for an investigation of petroleum markets and supporting anti-price gouging legislation. It mentions she is lead sponsor of a pending bill and has requested GAO investigations. However, there is no claim of a concrete outcome secured, such as a law passed, investigation completed, or benefit obtained. The bill is pending and the efforts are ongoing. This is advocacy and legislative activity without a claimed success, so it is not credit-claiming.",
4058,"MEDICARE, SOCIAL SECURITY REPORT CONFIRMS URGENT NEED FOR CONGRESSIONAL ACTION Senate Republican Leader Mitch McConnell made the following statement Monday regarding the release of this year's trustees' report on Social Security and Medicare. Each year the Board of Trustees overseeing these programs provides Congress with a detailed account of the current and projected financial status of these trust funds. ""As I said on the first day of this Congress, divided government provides a unique opportunity to address big issues facing the nation. The report released by the trustees on Social Security and Medicare only underscores the critical need for Congress to set aside poll-tested politicking and address big problems like the massive entitlement crisis that will fall on tomorrow's seniors, today's children and all taxpayers.""",0,[],"The text is a statement by Senate Republican Leader Mitch McConnell regarding the release of the Social Security and Medicare trustees' report. He calls for congressional action to address entitlement programs. There is no claim of any concrete outcome, legislative accomplishment, secured funding, or award. It is a policy statement and call to action, not credit-claiming.",
590,"SENATORS PRESENT BILL TO REAUTHORIZE DIABETES FUNDING FOR AMERICAN INDIAN, TRIBAL COMMUNITIES N.M. Sens. Pete Domenici and Jeff Bingaman today said they are looking for opportunities to push for consideration of legislation to reauthorize critical public health programs that address the growing diabetes epidemic among New Mexico's American Indian and Tribal communities. S.1494, a bill to amend the Public Health Service Act to reauthorize the special diabetes programs for Type I diabetes and Special Diabetes Program for Indians was introduced by Domenici and cosponsored by Bingaman. This bill would reauthorize these two critical public health programs for another five years, and would also increase the mandatory funding for each program to $200 million annually for each year. This will provide another $500 million over the next five years for both programs. Without reauthorization, funds for these programs will end in 2008. ""Federally supported diabetes treatment and prevention programs are showing real results in the Native American populations. However, despite all the positive results we have seen from these efforts, there is still much more work to be done. Unless Congress reauthorizes this program, the funding for these efforts and activities will end next year. We can't let that happen. The loss of funding now would be devastating,"" said Domenici, who serves on the Senate Indian Affairs Committee. ""Diabetes affects millions of Americans, but it is particularly prevalent in Indian Country. We must do more to find a cure for this chronic disease, and this legislation will help ensure that diabetes treatment and research remain a top priority,"" Bingaman said. The bill has been referred to the Senate Health, Education, Labor and Pensions Committee, on which Bingaman serves. In New Mexico, which has one of the highest Native populations in the nation, 10 percent of the American Indians are afflicted with diabetes - more than double the rate of Caucasians and two third the rate of Hispanics who suffer from the disease in the state. In McKinley County, which is heavily populated with Navajo Indians, 13.8 percent of the adult population is diabetic - the highest rate in the state. This is followed closely by Cibola County, where Acoma and Laguna Pueblos are located, which has an adult diabetic rate of 11.7 percent. Under the Special Diabetes Program for Indians, these counties have been awarded millions in grant money to help address the high-occurrence of diabetes among their residents. According to the American Diabetic Association, nearly 21 million Americans suffer from the disease, and diabetes is now the sixth leading cause of death in United States. The economic toll is equally staggering, with medical costs, disability, work loss, and premature mortality adding up to $132 billion yearly. Currently, the Special Diabetes Program for Indians provides $150 million annually for Indian Health Services (IHS), tribes and tribal organizations, and urban Indian organizations to prevent and treat diabetes. The Special Funding Program for Type 1 Diabetes allocates $150 million each year for research, development of therapies, and treatment methods to help diabetics treat the disease in the long term. Domenici authored the Special Diabetes Program for Indians and the Special Funding Program for Type 1 Diabetes Research as part of the 1997 Balanced Budget Act. Initial funding in 1997 was set at $30 million annually, but later grew to the current $150 million a year. Since its creation, the Special Diabetes Program for Indians has allowed IHS to establish 400 new federally supported diabetic treatment and prevent programs in Native communities. The funding has helped provide medications, therapies, clinical exams, and screenings to avert complication. It has also funded important prevention efforts including physical fitness programs, medical nutrition therapy, wellness activities, and children and youth targeted initiatives. The Special Funding Program for Type 1 Diabetes Research has helped support research efforts to identify genetic susceptibility, to cultivate therapies to slow or in some cases reverse the progression of the disease, and to develop tools and methods to help diabetics better manage the disease in the long term. Contact: Jude McCartin and Maria Najera, 202/224-5521.",1,"[""5""]","The release is primarily about introducing reauthorization legislation, which alone would not be credit-claiming. However, it explicitly states that Domenici authored the Special Diabetes Program for Indians and Type 1 Diabetes Research programs as part of the 1997 Balanced Budget Act, connecting a named enacted program to the senator as author. That satisfies rule 5.",
209,Latest News TOPICS Latest News FOR IMMEDIATE RELEASE April 22 2005 Schumer White House Oversteps Bounds On Separation Of Powers And Checks And Balances As Cheney Calls For Nuclear Option First Time White House Weighs in on Senate Filibuster Battle U S Senator Charles E Schumer released the following statement in response to Vice President Dick Cheney s remarks this afternoon at the Republican National Lawyers forum The White House has stepped over the line by interfering with the Senate to reduce checks and balances The White House has always wanted to reduce the Senate s power and the fact that Vice President Cheney is encouraging this abuse of power should strengthen the Senate s resolve to resist,0,[],"The text is a statement criticizing the White House and Vice President Cheney over the Senate filibuster battle. It expresses policy opposition and does not claim a concrete outcome, legislative achievement, award, or constituent benefit produced by the senator.",
4426,"SEN. REID: AMERICANS DESERVE OPEN, HONEST ASSESSMENT OF SITUATION ON GROUND IN IRAQ Senate Majority Leader Sen. Harry Reid made the following statement today: ""The DOD's latest quarterly report on Iraq confirms that the war is headed in a dangerous direction. Attacks on U.S. forces are up, not down. And Iraqi political leaders are frozen in a dangerous stalemate. It's clear the President's current strategy is not working and a change at every front is required if we are to succeed. That is why I was pleased when Secretary Gates announced his intention to nominate a new Chairman of the Joint Chiefs of Staff. ""General Peter Pace is a distinguished military veteran and public servant. Unfortunately, in my opinion he was never as candid as he should have been about the conduct and progress of this war. ""It is my hope that Admiral Michael Mullen, if confirmed as the Chairman of the Joint Chief of Staff, will speak up and pull no punches. I also look forward to General Petreaus's September report to Congress on the President's escalation policy. We are counting on him to give a fair, honest and frank assessment that tracks with the reality of the situation on the ground. The American people and our soldiers in the field deserve no less. ""It is incumbent upon the President, the Pentagon and our commanders in the field to give us the information that we need to hear, not what we want to hear. It is the only way we in Congress will be able to make the right decisions as we work to change course in Iraq and responsibly end this war.""",0,[],"The text is a policy statement about Iraq and the nomination of a new Joint Chiefs chairman. It does not attribute a concrete outcome, legislative accomplishment, award, or constituent benefit to the senator.",
4238,"SEN. SNOWE: SUBPOENAS WILL BE ENFORCED Sen. Olympia J. Snowe (R-Maine) today praised the issuing subpoenas by Sen. Susan Collins (R-Maine) and Sen. Joe Lieberman (D-Conn.) to obtain materials from the Department of Defense that are essential in evaluating their decisions to close or realign military facilities around the country, including the Portsmouth Naval Shipyard in Kittery, the Defense Financing Service Administration (DFAS) in Limestone, and the Brunswick Naval Air Station. Seventeen days after the Defense Department released its list of facilities for closure, Snowe believes it is absolutely essential that these subpoenas are fully enforced. ""The clock is ticking for affected communities through out Maine and the country to make the case for their military facilities to the BRAC Commission. What the Department of Defense has done is simply incomprehensible and reprehensible. By refusing to fully and completely release the supporting information that explains their base closing rationale, they are clearly flouting the intent of statute,"" said Snowe. ""These subpoenas have put the Department of Defense on notice that we are prepared to utilize every tool in our arsenal to secure the information that is essential to our case before the BRAC Commission on July 6th in Boston. Let me make it abundantly clear - we will use whatever means necessary to ensure that these subpoenas are fully enforced."" Contact: Antonia Ferrier, 202/224-5344.",0,[],"The text describes Senator Snowe praising subpoenas and saying they will be enforced. It concerns oversight and a dispute with the Department of Defense, but it does not claim that the senator secured a concrete result, benefit, or policy change.",
2626,Releases 12 05 2005 John Kerry on 9 11 Commission Giving Washington Failing Grade on Homeland Security WASHINGTON Senator John Kerry D Mass made the following statement today on the 9 11 Commission s final report released today The condemnation of the 9 11 Commission is no mere report card It is most damning that the government barely received a passing grade in keeping weapons of mass destruction out of the hands of terrorists which should be our top national security priority More than four years after the September 11th terrorist attacks Washington continues to fail our country American security our safety and the lives of our people depend on Washington getting homeland security right Time and again homeland security experts have made perfectly clear what it takes to make America safe at home but Washington is still failing to do the basics 20510 Contact Sitemap,0,[],"The text is a statement by Senator Kerry reacting to a 9/11 Commission report and criticizing Washington's homeland security performance. It does not attribute a concrete outcome, legislative accomplishment, award, or benefit to the senator.",
3673,Senator Allard Secures 12 Million for Widening Improving Highway 50 July 27th 2005 WASHINGTON D C U S Senator R CO Chairman of the Senate Housing and Transportation Subcommittee has secured 12 million to widen Highway 50 from Las Animas to Lamar into a four lane roadway in the final version of the transportation authorization bill that emerged from a conference committee on Wednesday The transportation bill is expected to be approved by the House and Senate by Friday and signed into law by President Bush early next week Senator Allard was a member of the House Senate Conference Committee that ironed out differences between the U S House and Senate versions of the transportation legislation and secured a total of 110 million for specific transportation projects above the statewide funding formula for Colorado Upgrading Highway 50 to a four lane highway from Pueblo to the state line has been a transportation priority of the people of the Lower Arkansas Valley for more than a generation said Senator Allard Today we can say that their voices have been heard Improving Highway 50 will be an enormous benefit for those who reside in southeastern Colorado Senator Allard said Six years ago a Colorado task force recommended that U S 50 should be upgraded to four lanes across the state as a way of taking traffic off Interstate 70 through the Denver metro area We are now beginning to make that recommendation a reality My conference committee appointment put me in the position to ensure that these projects were included the final version of the bill Senator Allard said I felt it was important that communities whose transportation needs have previously been ignored or not made a priority be made a priority July 2005 Press Releases,1,"[""1"", ""2"", ""5""]",The text explicitly states that Senator Allard secured $12 million for a highway project and $110 million for specific transportation projects in the final transportation authorization bill through his role on the conference committee. This is a concrete funding and legislative outcome credited to the senator.,
2687,"Bayh Offers New Weapon to Fight Unfair Trade Washington-- U.S. Senator Evan Bayh today joined a bipartisan group of lawmakers to announce the introduction of the Stopping Overseas Subsidies (SOS) Act, which will allow the United States to fully enforce its antisubsidy laws and greatly increase the ability of companies in Indiana and across the nation to fight unfair trade from overseas. The SOS Act was written as a solution to a federal court decision from 1986 that the Commerce Department says prevents it from applying antisubsidy laws to nonmarket countries such as China, which are using this decision to gain an unfair trade advantage. Free trade must also be fair trade, Senator Bayh said. This legislation stops the legal hairsplitting and cuts through the red tape to help level the playing field for American workers. The SOS Act provides a straightforward solution to the trade problem, allowing the Commerce Department to determine whether or not a subsidy exists regardless of whether the country in question is a nonmarket economy. With this change, the Commerce Department would be able to take direct action against China and other nonmarket economies that use illegal subsidies to support an aggressive export policy. Subsidies can take many forms, including loans that are never expected to be repaid, free or low-cost rent in government-owned facilities, and free raw materials or energy supplies. Bayh, along with Senator Susan Collins (R-ME), who co-sponsored the SOS Act, and Congressmen Phil English (R-PA) and Artur Davis (D-AL), who introduced similar legislation in the House, held a press conference today to emphasize the dramatic effects such subsidies can have on American companies. Representatives from the National Association of Manufacturers (NAM) also attended the press conference to endorse the legislation, along with a broad coalition of other organizations representing the steel, agriculture, metalcasting, manufacturing and printing industries. During the press conference, Senator Bayh spoke of a tool and die company from Batesville that has competed against a company from Asia that was pricing its finished products at only a half-cent more than the cost of the materials used to make them, let alone the cost of shipping and production. I've met with many Hoosier manufacturers during my trips home who tell me about products they've seen from Chinese companies that cost less than the materials used to make them, Senator Bayh said. That's not right. While our manufacturers are working to succeed in today's global economy, I will continue fighting to make sure we are using every possible resource to help them here in Washington. In enforcing its trade laws, the United States classifies countries according to the market conditions in that country. Nonmarket economies include communist countries that are not subject to typical market conditions such as supply and demand. The SOS Act provides needed flexibility and greater fairness in addressing countries like China that are swiftly transitioning into market economies.",0,[],"The text announces the introduction of the Stopping Overseas Subsidies Act and describes the bill's purpose. It does not claim that the legislation passed, was included in law, or produced a concrete outcome; it is a bill introduction and policy statement.",
570,Latest News TOPICS Latest News FOR IMMEDIATE RELEASE May 31 2006 Schumer Blasts High Threat Funding As Double Whammy For New York The Pie Has Shrunk And New York Gets Smaller Percentage To Boot Today as the Department of Homeland Security announced funding for the major grant programs U S Senator Charles E Schumer blasted the New York allocations The announcements are for FY2006 money the Senate passed the DHS appropriations bill on October 18 2006 This is a double whammy for New York Schumer said Not only has the pie shrunk but New York also get a smaller percentage of this inadequate pie Five years ago the Administration said they were with New York but today they have let us down New York is under constant threat and any argument that New York needs a smaller percentage of money does not hold water Earlier today the Department of Homeland Security released funding allocations for its major state and local grant programs including the State Homeland Security Grant Program SHSP and the High Threat Urban Areas Program UASI that gives money only to high threat urban areas Funding for New York State and New York City was cut significantly from FY2005 to FY2006 Schumer said that New York State and New York City received a disproportionately high cut While all the major state and local grant programs were cut from 2 34 billion in FY2005 to 1 67 billion in FY2006 or a 29 percent cut New York State s allocation was cut by 36 percent from 290 2 million last year to just 183 6 million for FY2006 Specifically for the Urban Area Security Initiative UASI the high threat money actually given out by the program was cut from 829 7 million in FY2005 to 710 6 million for FY2006 or a 14 percent drop However New York City s allocation was slashed by 40 percent from 207 6 million in FY2005 to only 124 5 million In FY2005 New York City received 25 percent of the high threat funding but for FY2006 New York City will only recieve18 percent of the funding Schumer pointed out that the formula DHS used to calculate these allocations changed for FY2006 funding In past years DHS simply did a national risk assessment based on population critical infrastructure etc and plugged it in to a classified formula This year in addition to the risk assessment and formula each state had to submit an application to DHS to demonstrate its needs and give an investment justification for what it planned to spend the money on Each application was individually reviewed and money was given out based on those evaluations Schumer said that had DHS used the formula for FY05 New York City would have received 177 million from the UASI program rather than just 124 5 million Total funding for NYS for FY 05 290 236 310 Total funding for NYS for FY 2006 183 673 552,0,[],"The text criticizes homeland security funding allocations to New York. It does not claim that the senator secured funding, produced a policy change, achieved a legislative outcome, or received recognition.",
925,November 8 2006 Contact Lieberman Statement on Rumsfeld Resignation HARTFORD CT Senator Joe Lieberman made the following statement today on the resignation of Defense Secretary Donald Rumsfeld I am glad the President is responding to the historic challenge we are facing in Iraq by bringing in someone with a fresh perspective on what we need to achieve our national security objectives and bring our troops home as soon as possible and I see it as a hopeful development I have said for some time that our country needs a new Defense Secretary Our policy in Iraq has been losing public support and this allows us to open a new discussion with the American people our military and our allies to find new approaches to getting the done job in Iraq quickly and in a way that does not compromise American security I wish Secretary Rumsfeld well and thank him for his service to our nation Former CIA Chief Robert Gates is a very fine man with solid credentials in national security But I will withhold final judgement on the matter until we get through the hearings 30,0,[],"The text is a statement on the resignation of Defense Secretary Rumsfeld. It expresses views on Iraq and national security but does not claim a concrete outcome, legislative achievement, award, or benefit attributable to the senator.",
3625,Conrad Unveils Members of Missouri River Task Force Coalition Will Help Prevent Flooding and Protect Vital Water Supplies Senator Says February 21 2006 Bismarck Senator Kent Conrad was joined by Governor John Hoeven and Col Jeff Bedey of the Army Corps of Engineers today to announce the appointment of the Missouri River Task Force created through legislation authored by the Senator to protect drinking water supplies prevent flooding and protect recreational and cultural sites Senator Conrad also announced he secured 188 000 for this initiative from the 2006 Energy and Water Appropriations Bill The amount of silt and sediment build up in the Missouri River is staggering Senator Conrad said This build up can threaten drinking water supplies and cause flooding We must respond to this growing problem and our Task Force will spearhead that effort While we continue to press the Corps for strong drought conservation measures to keep more water in the upper basin the task force will focus on issues of sedimentation and preservation of artifacts said Governor Hoeven The Missouri River Task Force was established in 2000 when Congress passed Senator Conrad s Missouri River Protection and Improvement Act The task force will oversee efforts to reduce silt and the build up of sediment that threaten drinking water supplies force water over the river s edge and endanger fishing boating and other water based activities The 2000 legislation also authorized 25 million to fund projects identified by the task force to protect the river Currently the amount of sediment entering the entire Missouri River system is 92 500 acre feet per year This build up has forced the water table to rise in the Buford Trenton Irrigation District near Williston flooding farmland The accumulation of sediment clogged water intake at Fort Yates in November of 2003 leaving thousands of people without water until the sediment was removed Sediment has also affected the city of Mandan s intake Without intervention to remove this silt the city could lose its water supply Members of the Missouri River Task Force who were nominated by Governor Hoeven include state leaders in agriculture conservation recreation environment energy and water development In addition the task force will include representatives from federal agencies such as the US Army Corps of Engineers Department of Agriculture Department of Energy and Department of Interior The Missouri River is an enormously important resource to the people of North Dakota It provides drinking water irrigating water and economic opportunities with the tourism and recreation industries It served as the nation s first passageway into the American West Senator Conrad said It s our duty to manage this river properly and we will do that through this task force Attached is a list of North Dakota task force members Task Force Membership from North Dakota State Agency Representatives Mike Sauer Department of Health Jesse Hanson Parks and Recreation Todd Sando Water Commission Cheryl Kulas Indian Affairs Commission Steve Dyke Game and Fish Tribal Representatives Chairman Tex Hall Three Affiliated Tribes Chairman Ron His Horse Is Thunder Standing Rock Sioux Tribe Gene Laducer Turtle Mountain Band of Chippewa Vern Lambert Spirit Lake Nation Agricultural Environment Conservation Power Industry Representatives Carl Hillstrom Agriculture Mike Donahue Environment and Conservation Mike Dwyer Water Users Association Local Government and Other Interest Representatives Andy Mork Local Government Robert Harms the Harms Group Ken Royse Bartlett West Engineers Dave Patience Swenson Hagen and Company,1,"[""1"", ""2"", ""5""]","The release states that Senator Conrad authored legislation creating the Missouri River Task Force, that Congress passed that legislation, and that he secured $188,000 for the initiative from an appropriations bill. These are concrete legislative and funding outcomes attributed to the senator.",
3806,U S Senator Patty Murray Snohomish County Senator Murray Adds 6 95 Million for Transportation and Community Investments in Snohomish County Murray Snohomish County Senator Murray Adds 6 95 Million for Transportation and Community Investments in Snohomish County 07 12 2007 News Release Snohomish County Senator Murray Adds 6 95 Million for Transportation and Community Investments in Snohomish County For Immediate Release Thursday July 12 2007 Washington D C Today U S Senator Patty Murray D Wash announced that she has included 6 95 million in a Senate bill to support transportation and community investments in Snohomish County Murray s funding will help expand the Everett Senior Activities Center build a new freight access road in Granite Falls purchase new buses for Community Transit and for Everett Transit and improve the I 5 interchange at 116th Street Murray used her position as Chairman of the Senate Appropriations Subcommittee on Transportation Housing and Urban Development and Related Agencies to add the Snohomish County funding to the FY 2008 appropriations bill that funds the federal Departments of Transportation and Housing and Urban Development The bill passed the full Senate Appropriations Committee today and will next be taken up on the Senate floor A date for the floor debate has not been set yet Funding for Snohomish County Includes Everett Senior Activities Center Expansion 600 000 This funding will support the City s expansion of the Everett Senior Activities Center which serves about 3 900 seniors from Everett and the surrounding communities The funding will support a new elevator to improve access for the disabled It will also expand and upgrade the kitchen so that the center can continue to meet the nutritional needs of seniors in the area Many of the center s users are low income seniors who rely on the center s subsidized meals as their only reliable meal each day The kitchen provides Title III C Nutritional Meals for the Center through a daily lunch and once a week dinners to seniors from throughout the region The City of Everett subsidizes one third of the cost of each meal Senator Murray has been working closely with community leaders and city officials for several years to fund the project Funding for the Everett Senior Center Activity Center expansion announced today by Senator Patty Murray will directly improve the quality of life for hundreds of seniors in the Everett and Snohomish County Everett Mayor Ray Stephanson said This investment shows that we value our seniors and we re going to meet their needs Murray said Granite Falls Freight Access Project 1 5 million This funding will help construct a two lane 2 1 mile alternate route for gravel and log trucks moving through Granite Falls The project will improve freight mobility reduce congestion and improve safety for cars and pedestrians I m pleased to support an alternate route that will reduce congestion and improve safety downtown while also speeding the movement of freight throughout our region Murray said U S Highway 2 Safety Improvements 500 000 This funding will enable the Washington State Department of Transportation to make urgently needed safety improvements to U S Highway 2 Improvements will be made to guard rails centerline rumble strips and left turn pockets along U S 2 between Snohomish and the Skykomish U S Highway 2 is one of the most dangerous stretches of highway in Washington state accidents there have claimed the lives of more than 40 people since 1999 Community Transit Bus Replacement 1 5 million This funding will help Community Transit purchase new buses to replace buses that have exceeded their useful life Everett Transit Vehicle Replacement 600 000 This funding will help the City of Everett replace three old high mileage diesel buses with new ultra clean diesel electric hybrid buses for more reliable service and environmentally friendly operation I 5 and 116th Street NE Interchange Improvement Project Tulalip Tribes 1 5 million This project will make needed improvements to the interchange of I 5 at 116th street NE on the Tulalip Tribes Reservation The project will improve safety and reduce traffic backups on I 5 Senator Murray has secured 4 million for the project in previous years Advanced Manufacturing in Materials Innovation Center 750 000 This funding will allow continued composites research and training at the AMMIC center at Edmonds Community College The center performs cutting edge composites research testing and worker training In fact the center trains Boeing workers so that they are proficient in working on the new Boeing 787 This funding is absolutely critical to the research and testing done at AMMIC and especially to Boeing mechanics now that the 787 has come on line,1,"[""1"", ""2"", ""4"", ""5""]","Senator Murray announces that she ""included"" $6.95 million in a Senate bill for transportation and community investments in Snohomish County and used her position as chair of an appropriations subcommittee to add the funding. The bill passed the full Senate Appropriations Committee. This is a concrete funding outcome attributed to the senator and tied to a committee-approved appropriations bill. It satisfies Rule 1 (obtaining/adding funding), Rule 2 (legislative accomplishment in committee-approved bill), Rule 4 (advocacy securing benefits for constituents and local projects), and Rule 5 (connecting specific funding provisions to Murray as the principal cause). Although the bill still must go to the Senate floor, the codebook includes provisions included in committee-approved bills and does not require enactment.",
1326,Filter by MARTINEZ SENATE BILL WOULD REQUIRE REVIEW OF ANY CHANGES AT EGLIN AFB August 3 2006 WASHINGTON DC U S Senator Mel Martinez R FL today added an amendment to the fiscal year 2007 Defense Appropriations bill that will require the Air Force to conduct a rigorous review of any realignment of missions at any Air Force base including Eglin AFB With senators Bill Nelson D FL Pete Domenici R NM and Jeff Bingaman D NM Senator Martinez offered the amendment which was approved by the full Senate The test facilities at Eglin AFB are indispensable and the long term benefits ought not to be sacrificed for short term budget shortfalls We need this capability for the Air Force and for our national security said Martinez This amendment requires the Air Force to conduct a rigorous cost benefit analysis of any significant changes to the test and evaluation facilities at Eglin and facilities throughout the service The amendment would require a cost benefit analysis of significant proposed realignments or closures of research and development or test and evaluation installations activities facilities laboratories units functions or capabilities of the Air Force August 2006 News Releases Browse by Current record,1,"[""1"", ""2""]","The release states that Senator Martinez ""added"" an amendment requiring the Air Force to conduct a rigorous review of any realignment at Eglin AFB and that the amendment ""was approved by the full Senate."" This presents the senator as responsible for a concrete legislative outcome: the amendment's approval. That satisfies Rule 1's concrete-outcome framing and Rule 2's legislative-accomplishment framing. There is a slight ambiguity in whether ""would require"" refers to the amendment's prospective effect or whether the amendment had not yet become law; however, because Senate approval of the amendment on Martinez's initiative is explicitly claimed as achieved, it is credit-claiming under Rules 1 and 2.",
4188,U S Senator Patty Murray Clinton Murray and 11 Senators Urge GAO to Release Audit of Plan B Approval Process Murray Clinton Murray and 11 Senators Urge GAO to Release Audit of Plan B Approval Process 09 09 2005 News Release Clinton Murray and 11 Senators Urge GAO to Release Audit of Plan B Approval Process Plan B Delay and Resignation of Dr Wood Intensify Need for GAO Findings For Immediate Release Friday September 9 2005 Washington DC Following the resignation of Dr Susan Wood from the FDA over concerns about the FDA s process for considering the Plan B application for over the counter status Senators Hillary Rodham Clinton NY and Patty Murray WA joined by 11 of their colleagues in the United States Senate called on the United States Government Accountability Office GAO to release the findings of an investigation underway examining the FDA rejection of the Plan B application In addition to Senators Murray and Clinton the letter was signed by Senators Edward Kennedy MA Maria Cantwell WA Barbara Boxer CA Jon Corzine NJ James Jeffords VT Christopher Dodd CT Daniel Inouye HI Debbie Stabenow MI Tom Harkin IA Mark Dayton MN and Charles Schumer NY After more than two years of deliberation on the application on Friday the FDA announced that the available scientific data are sufficient to support the safe use of Plan B as an over the counter product but it still failed to approve Plan B opting instead to invite public comment on whether the FDA has the authority to approve the application to make Plan B available over the counter This turn of events leaves the strong impression that concerns about politics have overridden concerns about public health in this process the Senators wrote Yours is the only independent investigation underway on this important matter of women s health and it has the potential to shed much needed light on the FDA s actions We hope you will finish your work in the near future to allow policymakers and the public gain a full understanding of the FDA s process The Senators requested the investigation on June 15 2004 The findings have not yet been released nor has an update been provided on the timeframe for release Senators Clinton and Murray have also urged Senate Health Education Labor and Pensions Committee Chairman Michael Enzi to uphold his promise to hold a Senate hearing to investigate the extended delays surrounding the over the counter application status of Plan B The text of the letter follows The Honorable David M Walker Comptroller General U S General Accountability Office 441 G Street NW Washington DC 20548 Dear Mr Walker On June 15 2004 we requested the General Accountability Office GAO commence an audit into the Food and Drug Administration s FDA rejection of an application to make Plan B emergency contraception available without a prescription We understand the investigation is underway and thank you for GAO s commitment to a thorough review We write to ask when you anticipate completing your report and to encourage you to release your findings as soon as possible As you may know after more than two years of deliberation on the application on Friday the FDA announced that the the available scientific data are sufficient to support the safe use of Plan B as an over the counter product but it still failed to approve Plan B opting instead to invite public comment on whether the FDA has the authority to approve the application to make Plan B available over the counter This turn of events leaves the strong impression that concerns about politics have overridden concerns about public health in this process As we stated in our letter last June the FDA s own scientific advisory committee voted overwhelmingly in favor of the product being available over the counter Over 70 major medical organizations including the American Medical Association the American Academy of Pediatrics and the American College of Obstretrics and Gynecologist have weighed in in support of Barr Laboratories application Yet the FDA has delayed action on the application time and again Yours is the only independent investigation underway on this important matter of women s health and it has the potential to shed much needed light on the FDA s actions We hope you will finish your work in the near future to allow policymakers and the public gain a full understanding of the FDA s process Thank you in advance for your cooperation Sincerely Senator Patty Murray Senator Hillary Rodham Clinton Senator Edward Kennedy Senator Maria Cantwell Senator Barbara Boxer Senator Jon Corzine Senator James Jeffords Senator Chris Dodd Senator Daniel Inouye Senator Debbie Stabenow Senator Tom Harkin Senator Mark Dayton Senator Charles Schumer,0,[],"Senators Clinton, Murray, and colleagues urge the GAO to release its audit of the FDA's Plan B approval process and call for a Senate hearing. This is oversight and advocacy concerning an ongoing investigation, but it does not claim that the senators produced a concrete outcome, secured a benefit, changed agency policy, passed legislation, or received recognition. It describes a request and expresses concern, so it is not credit-claiming.",
1540,Las Vegas NV Senator John Ensign made this statement after learning that his colleague and friend Senate Minority Leader Harry Reid had suffered a mini stroke My family and I have been praying for Harry since hearing the news of his stroke which came as a shock to me as I m sure it did to all Nevadans and Americans My hope and prayers are for a full and fast recovery for Harry and my thoughts are with his family,0,[],"The text is a condolence and well-wishes statement after Senator Harry Reid suffered a mini stroke. It expresses prayers and hope for recovery but does not claim that Senator Ensign produced, secured, or received recognition for any concrete benefit, policy outcome, governmental action, or achievement. It therefore does not meet any codebook rule and is not credit-claiming.",
2591,Releases 09 19 2006 Government Report Shows EPA Fails Minority and Low Income Communities Public Health at Risk Washington D C The Office of the Inspector General IG released a report in which it found that the Environmental Protection Agency EPA is failing to conduct environmental justice reviews of their programs policies and activities The report found that the EPA cannot determine whether its programs cause disproportionately high and adverse human health or environmental effects on communities of color and low income populations Congresswoman Hilda L Solis said This report is yet more proof that the Administration and its senior officials have ignored their responsibility to protect the health and welfare of working families across this county The continued failure of this Administration and its senior agency officials to protect the health of low income and minority communities is unacceptable They must be held accountable Senator Kerry said This report is further evidence that minority and low income neighborhoods that have become America s industrial dumping grounds and this administration couldn t care less We will go to the mat on this Simply put the EPA needs to start doing its job and end this national disgrace Senator Durbin said Once again the Bush Administration has fallen short of meeting its obligations to millions of people living in some of the most economically disadvantaged areas in the country The EPA needs to live up to its obligation to protect all Americans not just those in the upper tax brackets and implement the steps necessary to combat the environmental injustices present in our minority and low income communities The IG found that EPA program and regional offices have not performed environmental justice reviews in accordance with Executive Order 12898 which was signed by then President Clinton in 1994 Sixty percent of responding program EPA officials reported that they had not performed environmental justice reviews and 87 percent reported EPA senior management had not requested them to perform such reviews Eighty percent reported that they did not know how to do an environmental justice assessment and that protocols framework or additional direction would be useful The report comes just one year after Solis Kerry Durbin and 75 other Members of Congress expressed concern about EPA s proposal to delete race as a consideration for determining environmental justice and just six months after the White House deleted evidence showing a proposed rule on soot could hurt low income populations and may have a substantial impact on the life expectancy in the United States For decades industrial zones refineries and power plants have jeopardized the health of low income and minority communities In Southern California 71 percent of African Americans and 50 percent of Latinos live in non attainments areas Nationally people of color are three times more likely to be hospitalized or die from asthma and other respiratory illnesses linked to air pollutions 20510 Contact Sitemap,0,[],"This release criticizes the EPA and the Bush Administration after an Inspector General report found EPA failed to conduct environmental justice reviews. Senators Kerry and Durbin and Rep. Solis express concern and demand accountability, but the text does not present a senator as personally responsible for producing, securing, or receiving recognition for a concrete benefit or outcome. It describes oversight/report findings and policy criticism, not a claimed result attributable to the senator. Therefore it is not credit-claiming.",
1884,"SEN. MIKULSKI CONGRATULATES MARYLAND NATIONAL GUARD ON NEW WEAPONS OF MASS DESTRUCTION CIVIL SUPPORT TEAM Sen. Barbara A. Mikulski (D-Md.) today congratulated the Maryland National Guard on the certification of its Weapons of Mass Destruction Civil Support Team (WMD-CST), which is stationed at Fort Meade. The team will help keep Marylanders safe in the event of chemical, biological or radiological events. ""As a nation fighting a war on terrorism, we need to be safer, stronger and smarter so that we are able to better respond to acts of terrorism,"" said Senator Mikulski. ""As a U.S. Senator and a member of the Defense Appropriations Subcommittee, I meet with Officers in the Guard and listen to what they need from Congress to do this. I have heard what they said and fought for federal funding for the Weapons of Mass Destruction Civil Support Team."" Senator Mikulski secured authorization for the team in the 2004 Department of Defense spending bill. The team is now fully ready to assist civil authorities in responding to a domestic weapon of mass destruction incident, and possesses the skills, training and equipment to be proficient in all mission requirements. ""I am so proud of the Maryland National Guard. They are ordinary men and women who are called upon to do extraordinary things - leaving their civilian jobs and lives to help others at home and abroad so that we can live in peace and in freedom,"" Senator Mikulski continued. ""They are 'civilians in peace, Soldiers at war' - and I salute and thank them for all the sacrifices they make to serve our country. I vow to honor all that they do for us by continuing to fight for their needs - not just with words, but with deeds."" Congress has authorized a total of 55 WMD-CSTs nationwide - enough to field at least one team in every state, territory and the District of Columbia. Maryland is one of 12 teams that were authorized in fiscal year 2004. Contact: Melissa Schwartz, 202/228-1122.",1,"[""1"", ""4"", ""5""]","Senator Mikulski congratulates the Maryland National Guard on certification of its WMD Civil Support Team, but the release also explicitly claims that she ""fought for federal funding"" for the team and that she ""secured authorization for the team in the 2004 Department of Defense spending bill."" This directly presents the senator as responsible for a concrete outcome—authorization/funding of the team—and connects that achievement to a named spending-bill provision. The certification of the team is described as a result of the secured authorization, making this credit-claiming under Rules 1, 4, and 5. Rule 2 could also be relevant because authorization in a spending bill is a legislative accomplishment, but Rules 1, 4, and 5 most directly capture the secured authorization and intervention claim.",
2982,Senator Frank R Lautenberg Press Release of Senator Lautenberg Lautenberg Menendez Decry Senate s Failure To Pass Employee Free Choice Act Senate bill to protect workers combat employer intimidation achieves majority in Senate but not the needed 60 vote threshold Contact Press Office 202 224 3224 Tuesday June 26 2007 WASHINGTON U S Sens Frank R Lautenberg D NJ and Robert Menendez D NJ today decried the Senates failure to pass legislation they cosponsored to protect the rights of workers who choose to join a union Hard working Americans deserve the right to organize without intimidation and this was the bill to make that happen said Lautenberg Strong laws to protect workers in New Jersey and nationwide are critical Todays vote offered workers a greater voice on issues of pay benefits and working conditions and I am sorely disappointed in the outcome This is an injustice against workers in New Jersey and across the country said Menendez This bill was offering workers the chance to have a voice by helping those seeking better benefits higher wages and improved safety in the workplace I am disappointed that too many of my colleagues today voted along party lines rather than with working families The bill the Employee Free Choice Act would have enabled workers to select a union once a majority of employees sign union authorization cards validated by the National Labor Relations Board NLRB stating they want a union as their bargaining representative Current law allows for majority sign up but only at the employer s discretion Otherwise an election must be held The vote to end debate and consider the bill achieved a majority of the U S Senate but failed to reach the required 60 votes to proceed Union elections are often the focus of employer intimidation and coercion Employers have been documented illegally firing employees for union activity in more than one quarter of all organizing efforts In 2005 more than 30 000 workers were discriminated against and lost wages or even their jobs for exercising their freedom to associate Employers also frequently stonewall negotiations to delay a contract even after a union is certified As a result 34 percent of union votes are rendered meaningless because the union cannot get a contract The bill provides for mediation and binding arbitration when the union and the employer are unable to agree on a contract Under the measure any employer caught violating the provisions of the Employee Free Choice Act would face stiff penalties for illegally coercing or intimidating employees Questions or Comments,0,[],"The release criticizes the Senate's failure to pass the Employee Free Choice Act, which Senators Lautenberg and Menendez cosponsored. Although it describes a vote and the senators' support, it does not claim a legislative success, secured benefit, or concrete outcome produced by the senators. The bill failed to reach the 60-vote threshold, and the release frames the event as disappointment and criticism rather than credit-claiming. Thus no codebook rule applies.",
2458,"I was contacted by the United States Marine Corps this morning and informed that 27 of the 31 Marines tragically killed in last nights accident were from Marine Corps Base Hawaii in Kaneohe. I am deeply saddened by this event - I am stunned that so many lives were lost in a single incident. My heartfelt thoughts, prayers, and deepest sympathies go to the families of each Marine. We are particularly feeling the effects of the war in Hawaii. Our active duty forces from Schofield Barracks are scheduled to redeploy from Iraq following the elections next week. The 29th Separate Infantry Brigade, Hawaiis National Guard, is finishing its six-month training period at Fort Bliss, Texas, and is preparing to deploy to Iraq. In addition, we have Hawaii reservists from the 9th Regional Support Command (RSC) who have been serving in Iraq and Afghanistan. Weve also had Marines from Kaneohe in Afghanistan and Iraq. The families of service members on active duty, in the Reserves and in the National Guard in Hawaii are truly feeling the effects of Operation Iraqi Freedom and Operation Enduring Freedom. As a member of the Armed Services Committee and the Ranking Member of Veterans Affairs Committee, I am working hard to address the needs of our service members and their families, particularly as they return to Hawaii after serving their tours of duty in Iraq and Afghanistan.",0,[],"The text offers condolences after the deaths of Marines and describes Hawaii military families' sacrifices. It also says the senator is ""working hard to address the needs"" of service members and families, but this is a general statement of effort or intention rather than a claimed concrete result. There is no specific funding secured, law passed, agency decision changed, award received, or other concrete outcome attributed to the senator. Thus no codebook rule applies.",
2975,"ADMINISTRATION AGREES TO DORGAN REQUEST TO REMOVE HOLD ON NORTH DAKOTA WIND ENERGY PROJECT Sen. Byron Dorgan (D-ND) said Wednesday the Bush Administration has agreed to remove the hold it has placed on a wind energy project in North Dakota. Sen. Dorgan, at a Senate Commerce Committee hearing Wednesday, also called on the Administration to work with wind turbine developers to address concerns in the future, saying he would offer legislation to fix the problem if officials continue to needlessly delay important renewable energy projects. The Department of Defense and Federal Aviation Administration (FAA) had ordered a halt in construction of wind energy projects that are near radar installations - even those that are unlikely to interfere with air navigation. At least one project in North Dakota - a 50-megawatt, 22-turbine project in Oliver County that will generate enough electricity to power 16,000 homes - received a ""notice of presumed hazard"" from the FAA. Dorgan, Senator Kent Conrad (D-ND) and other Senate colleagues called on Administration officials earlier this month to allow the projects to move forward, saying any concerns could be addressed without delaying important renewable energy projects. Dorgan said he has been informed that the Administration's concerns regarding the Oliver County project have been addressed and the project will now be allowed to move forward. ""The Administration's decision to allow this wind energy project to move forward is good news for our state and our nation's energy security,"" Dorgan said. ""Most of these projects, including the one under construction in Oliver County, will not interfere in any way with radar installations. The new wind farm in Oliver County is important to our local economy and our nation's energy independence, and I'm glad the Administration has agreed to drop its objections and let it move forward."" Contact: Barry E. Piatt and Brenden Timpe, 202/224-2551.",1,"[""1"", ""4""]","The headline and text state that the Administration ""agrees to Dorgan request"" to remove a hold on a North Dakota wind energy project and that Dorgan had called on Administration officials to allow the project to move forward. The release presents Dorgan's advocacy/intervention as having produced a concrete outcome: the project is now allowed to move forward. This satisfies Rule 1's concrete-outcome standard and Rule 4's intervention/advocacy producing a benefit or decision. The text also says he would offer legislation if delays continued, but that future intention does not negate the already-claimed outcome.",
4096,3 3 MILLION IN FEDERAL FUNDING FOR MARQUETTE INTERCHANGE RELEASED KOHL ANNOUNCES Press Release For Immediate Release March 22 2005 Phone 202 224 5653 3 3 MILLION IN FEDERAL FUNDING FOR MARQUETTE INTERCHANGE RELEASED KOHL ANNOUNCES Senator also announces 2 million in funding for WI State Patrol communications upgrade WASHINGTON D C U S Senator Herb Kohl announced today that the U S Department of Transportation has released 3 306 667 in funding for the reconstruction of the Marquette Interchange in Milwaukee Kohl a member of the Senate Appropriations Committee and its Transportation Subcommittee worked to secure the funding in the FY05 transportation appropriations bill Kohl also announced that the Wisconsin State Patrol will receive 2 060 036 in federal funding to upgrade its communications system Now that construction has begun on this project it s vital that we provide the resources so it can be completed as timely and as safely as possible Every dollar helps speed up the completion of the project so I am pleased this funding is being released Kohl said Constructed over a four year period between 1964 and 1968 the Marquette Interchange links one third of Wisconsin s freeway traffic to the rest of the country Unfortunately a number of problems have made reconstructing the Interchange a state priority The 300 000 vehicles that pass through the interchange every day amount to twice the traffic volume the Interchange was originally designed to carry resulting in a steady deterioration of its roads ramps and bridges Furthermore the Marquette Interchange area accounts for one third of all crashes on the Milwaukee County Interstate system The funding for the Wisconsin State Patrol mobile communications system upgrade will allow the State Patrol to communicate with more than 100 different law enforcement agencies including the local FBI and U S Department of Agriculture Forest Services offices This type of communication equipment allows secure messaging and provides access to criminal justice and motor vehicle databases to all of the law enforcement users,1,"[""1"", ""4""]","Senator Kohl announces that the Department of Transportation released $3,306,667 for the Marquette Interchange and $2,060,036 for Wisconsin State Patrol communications upgrades, and says Kohl ""worked to secure"" the funding in the FY05 transportation appropriations bill. This presents the senator as responsible for concrete federal funding benefits for Wisconsin. It satisfies Rule 1's funding outcome and Rule 4's advocacy-securing-benefit standard. Rule 2 could also be relevant, but the release focuses on released funds secured through appropriations rather than on a law's passage as such.",
2112,Conrad to Lead Committee on Social Security Policy Senator to be Top Democrat for Finance Subcommittee January 31 2005 Washington Senator Kent Conrad is the new Ranking Member of the Senate Social Security and Family Policy subcommittee This position makes Senator Conrad the top ranking Democrat on the Senate subcommittee that oversees the nation s 70 year old Social Security system We have a duty to make good on our Social Security promises to current and future generations Senator Conrad said I look forward to working with my colleagues on both sides of the aisle in addressing the long term challenges our nation faces to strengthen Social Security Chaired by Senator Rick Santorum R PA the Social Security subcommittee is part of the Senate Finance Committee As the Ranking Member of the subcommittee Senator Conrad will play a key role in ensuring the stability of Social Security the country s major income support system for older Americans Senator Conrad a senior member of the Finance Committee has long worked to preserve protect and strengthen the Social Security program for today s retirees and future generations of Americans President Bush is scheduled to be in Fargo this Thursday February 3 Senator Conrad welcomes the President to North Dakota and looks forward to the discussion about the future of Social Security I m hopeful we can have a conversation about these long term concerns facing the country Senator Conrad said Whatever we do we must preserve the promise of Social Security not only for this generation but for generations to come,0,[],"This text is a news article reporting that Senator Conrad has become the ranking member of the Senate Social Security and Family Policy Subcommittee. While it notes his position, it does not claim that he is responsible for achieving a specific outcome. It also does not fall under the rules for receiving awards or honors, so it does not qualify as credit-claiming.",
4329,"SENS. KERRY, SNOWE SEEK TO HALT ELIMINATION OF SMALL BUSINESS CONTRACTS AT GSA Senators John Kerry (D-Mass.) and Olympia J. Snowe (R-Maine), Chairman and Ranking Member of the Committee on Small Business and Entrepreneurship, called on the General Services Administration (GSA) to postpone implementing a policy that could have a detrimental impact on many small businesses until a study evaluating the proposal could be completed. Five months after a bipartisan group of members requested that the GSA halt plans to eliminate some small business contracts, the GSA is preparing to drop office supplies from its Global Supply Stock Program. Currently, nearly 80 percent of government office supply purchases through this program are directed to small businesses. ""Eliminating contracts that small businesses successfully competed to win, without a full understanding of the negative impacts, is unacceptable,"" said Senator Kerry. ""Despite a bipartisan effort to fix this situation, the Bush Administration appears determined to cut small businesses out of the picture."" ""It is crucial that we fully understand how the GSA's removal of office supplies from the Stock Program will impact small businesses,"" said Senator Snowe. ""Currently, 80 percent of the Stock Program's office supply procurements are directed to small businesses suppliers. I am concerned that the elimination of these contracts could have a detrimental impact on our nation's small enterprises. Every avenue must be explored to ensure that small businesses are not faced with further barriers in accessing government contracts."" Senators Kerry and Snowe also asked the Government Accountability Office (GAO) to review the consequences given that the Stock Program's office products create a vital and readily accessible resource to all government agencies for their various supply needs in times of emergency. In July, Senators Kerry and Snowe were joined by Senator Johnny Isakson (R-Ga.), and the Chair and Ranking Member of the House Small Business Committee, Nydia Velazquez (D-N.Y.) and Steve Chabot (R-Ohio) in urging the GSA to re-evaluate their proposal. Following are the text of the letters Kerry and Snowe sent to the GSA and GAO: Ms. Lurita Doan GSA Administrator U.S. General Services Administration 1800 F Street, N.W. Washington, DC 20405-0002 Dear Administrator Doan: It has been brought to our attention that the General Services Administration (GSA) has not adequately addressed the concerns we raised in our letter of July 6, 2007 and is still actively working to eliminate office supplies from the Stock Program. We were especially disappointed to learn that GSA plans to issue a new solicitation in the next few weeks to outsource these products to a private vendor. Before GSA moves forward, we request that a temporary halt be placed on this effort until Congress has had a chance to review this issue in greater detail. We're concerned that outsourcing these office supplies will have a devastating effect on the small businesses currently supplying these products. We are also alarmed about the impact the elimination of the Stock Program will have on our Nation's emergency readiness capabilities. Having office supplies readily available is important to our ability to react quickly to disasters. Before GSA eliminates any items from the Stock Program, we would like to fully understand all the consequences of this action. We are also requesting that the Government Accountability Office (GAO) perform a study of this issue and report back to us as quickly as possible on their findings. We have reviewed past GAO reports on office supplies and the Stock Program but believe that a current GAO review is needed before GSA takes any further steps to terminate the program. We request that you take no further action toward eliminating office supplies or any other items from the Stock Program until we have had adequate time to review the GAO's findings. Thank you for your cooperation with this request. We look forward to working with you to strengthen the Stock Program and give our small businesses a level playing field in the federal procurement arena. Sincerely, John F. Kerry Olympia J. Snowe Chairman Ranking Member The Honorable David M. Walker Comptroller General U.S. Government Accountability Office 441 G Street, N.W. Washington, D.C. 20548 Dear Mr. Walker: We have been informed that the General Services Administration (GSA) will eliminate office supplies from its Global Supply Stock Program as part of the strategic sourcing initiative recently established by the Office of Management and Budget. As Chairman and Ranking Member of the Senate Committee on Small Business and Entrepreneurship, we are concerned about this development because the Stock Program has experienced high levels of small business participation. In addition, due to this program, multiple small businesses currently provide office products to supply depots across the nation for stockpiling in the event of a major disaster. In light of our concerns, we request that the Government Accountability Office evaluate: The extent to which small businesses will continue to have opportunities for large scale participation in federal office supply contract awards if the GSA eliminates office supplies from its Global Supply Stock Program, and How elimination of GSA's Global Supply Stock Program would affect our country's ability to react quickly to major disasters. We recognize that the changes contemplated by the GSA, as part of the strategic sourcing initiative are being developed to speed up the acquisition process and save taxpayer funds, and we would welcome your evaluation of whether such efficiencies are likely to be realized. Regardless, we think it is imperative that you assist Congressional review of this matter in greater detail and consider potential detrimental economic impacts to small businesses before GSA terminates office supplies from the Stock Program. Should you have any questions regarding this request, please do not hesitate to have your staff contact our staff at 202-224-5175. Sincerely, John F. Kerry Olympia J. Snowe Chairman Ranking Member",0,[],"The senators are requesting that the GSA postpone the implementation of a policy, and asking for a GAO review. They are expressing concern and seeking action, but there is no claim of a concrete result having been achieved.",
595,U S SEN WAYNE ALLARD INTRODUCES COLORADO LEGISLATIVE AGENDA Allard Introduces 15 Bills on First Day of the 110th Congress January 4th 2007 WASHINGTON D C U S Sen R Colo today on the first day of session in the 110th Congress introduced what he titled the first phase of a Legislative Agenda for Colorado and the Nation which included 15 pieces of legislation As we start the 110th Congress and embark on a two year journey to submit consider debate improve and eventually pass legislation on behalf of the greater good of our constituents and the American people I am introducing a package of legislative proposals that I believe will benefit Colorado and the country said Allard This is just the first phase of my legislative agenda but I think it s important to hit the ground running and get these bills under consideration by the U S Senate Allard introduced the following bills in the 110th Congress The Methamphetamine Trafficking Enforcement Act of 2007 will reduce the drug quantity thresholds for federal prosecution of those found trafficking manufacturing and distributing methamphetamine encourage federal law enforcement officials to collaborate with their foreign counterparts to fight meth internationally and require an Attorney General report to Congress on the trafficking and abuse of meth on Indian Reservations which has increased over the past decade The Medicare Cost Contract Extension and Refinement Act of 2007 would extend the sunset date of Medicare cost contracts by five years from December 31 2007 to December 31 2012 Medicare cost contracts provide Medicare beneficiaries in many rural areas and small cities with an affordable high quality option to the traditional Medicare fee for service plan and allows them access to physicians in their own communities The Mark to Market Extension Act of 2007 to extend the program which preserves affordable rental housing while saving taxpayer dollars for five additional years The program reduces property rents to market level while simultaneously restructuring property debt levels to prevent Federal Housing Administration defaults A bill to include the Pueblo Colorado Transportation Technology Center in the U S Department of Homeland Security s National Domestic Preparedness Consortium and provide for its coordination and use in training the nation s first responders within the railroad and mass transit environment The National Trails System Willing Seller Act will pave the way for the completion of our nation s most outstanding trails including the Continental Divide trail by allowing the federal government to purchase land to complete several national trails from willing sellers A bill to establish a national veterans cemetery in the Pikes Peak region to meet the needs of the approximately 175 000 veterans in the area A bill that clearly defines the process under which the Army can expand the Pinon Canyon Maneuver Site specifically prohibiting the use of eminent domain requiring the Army to pay fair market value The bill does not allow the Army to proceed with land acquisition until it delivers the answers previously sought on the environmental and economic effects of expansion and must offer options for compensating the loss of property tax revenue The Arkansas Valley Conduit bill will ensure the construction of a pipeline that will provide the small financially strapped towns and water agencies along the lower Arkansas River with safe clean and affordable water The Mesa Verde Boundary Expansion legislation will authorize the expansion of the boundary of Mesa Verde National Park by allowing the incorporation of 324 acres purchased by the Conservation Fund for conveyance to the park and 38 acres that will be donated to the park by the Mesa Verde Foundation The Baca National Wildlife Refuge Purpose will give the U S Fish and Wildlife Service management tools to allow the agency to run the refuge in a way that achieves the most beneficial use of this natural resource A bill to extend the Cache la Poudre Heritage Area in northern Colorado which will give local citizens greater management authority over the area A bill to allow the citizens of La Plata and Montezuma counties in southwest Colorado to receive television stations from Denver Colo instead of Albuquerque N M A bill to designate Granada Relocation Camp Camp Amache which served as one of 10 internment camps in the nation during World War II as a National Historic Site in Colorado A resolution calling for an artistic rendering of President Ronald Reagan nearly 20 years ago standing at the Berlin Wall at the Brandenburg Gate issuing his famous challenge to Soviet tyranny to be painted into the Capitol alongside other significant scenes of our Nation s past I look forward to working with my colleagues on getting these bills through the legislative process and being able to show Coloradans that we in Washington are engaged on their behalf said Allard As the 110th Congress progresses I will continue to work in a bipartisan manner on issues important to Colorado and the country January 2007 Press Releases,0,[],"This release lists bills introduced by Senator Allard on the first day of Congress. It describes legislative activity and future intent, but does not claim that any of the bills were passed or enacted, so it does not qualify as credit-claiming.",
4359,"SEN. ROCKEFELLER ANNOUNCES $2.53 MILLION IN TECHNOLOGY FUNDING FOR WEST VIRGINIA SCHOOLS, LIBRARIES A tireless advocate for increasing internet access throughout West Virginia, Sen. Jay Rockefeller (D-WV) last week announced $2.53 million in grants that will assist students, throughout the state, in gaining access to the Internet and the World Wide Web, enabling them to improve their skills, discover job opportunities and allow them to enroll in distant learning programs. In 1996, Sen. Rockefeller helped create the E-Rate program, which provides funding to schools and libraries to help pay subscription costs for Internet access. ""The E-Rate program has made the Internet available to students and the general public through local schools and libraries,"" said Rockefeller. ""This is particularly important in rural areas because it allows access to the same technology that wealthier school districts in urban areas have. Thanks to E-Rate, we are moving closer to achieving the goal of wiring every classroom to the Internet."" Since the inception of the program in 1998, West Virginia has received over $70 million in E-Rate funding. In funding year 2005 alone, West Virginia received $9.7 million. The money will help schools and libraries in every county pay for the cost of wiring their buildings and bringing education technology into the classroom. Last week's announcement awarded grants to 61 schools and libraries throughout the state, several of which were over $100,000. A full breakdown of West Virginia funding levels for each school and library is available on the Universal Service Administrative Company web site at http://www.sl.universalservice.org/. Nationally, the E-rate program has provided public libraries and public, private, and parochial schools with over $8 billion in funding. ""Every student in West Virginia deserves access to the enormous opportunities that are available on the Web,"" Rockefeller said. ""This program helps to level the educational playing field between rural and urban areas."" Friday's announcement represents the first in a series of grant notices expected to occur in the coming weeks and months. Schools and libraries throughout West Virginia are expected to benefit from the forthcoming awards. Due in great part to the E-rate program, American schools have improved from a 3 percent connected rate in 1994 to more than 93 percent in 2003.",1,"[""1"", ""4""]","Senator Rockefeller announces $2.53 million in grants for West Virginia, and claims that he contributed to the creation of the E-Rate program that provides such funding. This falls under the rule of securing funding, and also matches the rule of claiming that his advocacy produced concrete benefits.",
2363,"SEN. DORGAN CO-SPONSORS BILL TO BRING DISASTER RELIEF TO FAMILY FARMERS, RANCHERS Sen. Byron Dorgan (D-ND), along with Sen. Kent Conrad (D-ND) and a bipartisan group of 18 other co-sponsors, introduced a bill Thursday to provide much-needed relief to family farmers and ranchers struggling with the effects of weather-related disasters and skyrocketing energy prices. Dorgan said the bill would assist producers who have lost or suffered damage to crops, livestock and livestock feed supplies. The legislation would be a significant boost for producers in North Dakota, where heavy rains in the summer of 2005 prevented planting of more than 1 million acres, and high energy prices eliminated 75 percent of farm income on average, Dorgan said. ""We need to support our farmers and ranchers all over the country who have faced drought, wildfires, flooding, and record high energy costs,"" Dorgan said. ""Nearly every day I hear from farmers in North Dakota who are wondering whether they can afford to stay on the farm for another year. Congress needs to recognize the situation our producers are facing, and bring them some relief."" Dorgan said he will try to attach the legislation to an emergency supplemental spending bill for Iraq and Hurricanes Katrina and Rita. The Senator, as a member of the Senate Appropriations Committee, said he expects to be on the conference committee that would negotiate the final version of the bill. He said he will use his role in that capacity to ""do everything he can to keep the agriculture disaster language in the bill and intact."" Senators Dorgan and Conrad were the first Members of Congress to write a disaster relief package for farmers and ranchers last year, and Dorgan succeeded in attaching a disaster relief package to a major spending bill last December, but the majority party in the House struck the language from the final bill. Contact: Barry E. Piatt and Rebecca Pollard, 202/224-2551.",0,[],"This text describes Senator Dorgan's introduction of a bill and his stated intent to try to attach the legislation to an emergency supplemental spending bill, but it does not indicate a completed or secured outcome. There is a reference to a past success ('last December, succeeded in attaching the disaster relief package to a major spending bill'), but the main purpose of this release is the bill introduction and future intent, not the claim of a specific achievement secured by the senator himself. Also, the text explicitly states that 'the majority party in the House removed the language from the final bill,' which indicates that the previous attempt ultimately did not succeed. Therefore, this text does not meet the credit-claiming criteria.",
1627,These funds will be of great service to communities in Iowa Harkin said The investment should give a needed boost for promoting economic development and serving low income Iowans CDBG funds develop viable communities by providing housing and a suitable living environment and by expanding economic opportunities principally for persons of low and moderate income Harkin along with 57 other Senators sent a letter last week requesting that the Senate Budget Committee restore cuts to the CDBG program the president proposed in his FY06 budget During the Senate s budget debate this week Harkin will cosponsor an amendment offered by Senator Paul Sarbanes D MD to restore CDBG funding HOME funds provide formula grants to fund a wide range of activities that build buy and rehabilitate affordable housing for rent or homeownership or provide direct assistance to low income people A new initiative under the HOME program is the ADDI which will promote homeownership opportunities by providing necessary resources for down payment and closing cost assistance to low income and minority households The ESG program provides homeless persons with basic shelter and essential supportive services The HOPWA program provides housing assistance and related supportive services to local governments and non profit organizations for projects that benefit low income persons with HIV AIDS and their families Council Bluffs CDBG 1 2 million TOTAL 1 2 million Iowa City CDBG 760 075 HOME 677 169 TOTAL 1 4 million Iowa State Program ADDI 416 333 CDBG 29 3 million ESG 1 5 million HOME 10 8 million HOPWA 329 000 TOTAL 42 3 million Originating Site Number Site Filter Search,1,"[""1""]","The text describes how Senator Harkin and others requested that the Senate Budget Committee restore cuts to CDBG funding, and during debate he will cosponsor an amendment to do so. It also details the amount of federal funding received by Iowa's communities from various programs, which could imply that he secured these funds for his constituents.",
648,Landrieu Testifies about La Insurance Crisis FOR IMMEDIATE RELEASE 03 07 2007 Landrieu Testifies about La Insurance Crisis Joins Lott in push to stabilize insurance market WASHINGTON United States Senator Mary L Landrieu D La today testified before the Senate Judiciary Committee about the growing insurance crisis in Louisiana and along the Gulf Coast The insurance situation in Louisiana is a crisis Sen Landrieu said It is a real and growing threat to individual homeowners to economic development and to the successful recovery of hurricane damaged areas Our people and businesses are forced to buy high priced insurance if they are able to get it at all and Louisianians will not be able to return to their communities and rebuild their homes and businesses without insurance Sen Landrieu and Sen Trent Lott R Miss who also testified today have cosponsored S 618 the Insurance Industry Competition Act of 2007 The bill would remove the anti trust exemption that was given to the insurance industry in 1945 under the McCarran Ferguson Act In the 18 months since Hurricane Katrina insurance rates in New Orleans and Jefferson Parish have gone up 50 percent or more According to the Louisiana Department of Insurance statewide rates have increased by 13 2 percent Many insurance companies are not renewing policies in the region Sen Landrieu said that the federal government needs to reconsider its approach to insurance which is regulated by the states I have cosponsored a bill with Senator Bill Nelson of Florida to determine the most effective role for the federal government and to get moving on a responsible strategy to make property insurance available and affordable especially as it concerns major disasters Sen Landrieu said We also need to pull together state regulators property owners local businesses realtors home builders bankers credit unions insurers and mortgage companies participating to coordinate common sense long term solutions These groups must work in tandem to stabilize the insurance market giving coastal communities the opportunity to rebuild and thrive,0,[],"Senator Landrieu testified on the insurance crisis and is cosponsoring a bill, but the text does not claim any concrete result or achievement. It describes activity and positions, but does not claim credit for any outcome.",
2293,Washington DC The Senate Finance Committee today approved legislative language written on the federal delivery and funding of health services for Native Americans including language in the underlying bill authored by Idaho Senator Mike Crapo to establish an Office on Indian Mens Health Crapo and other members of the Finance Committee completed mark up of the Medicare Medicaid and CHIP Indian Health Care Improvement Act of 2007 This legislation helps set goals for federal agencies assisting with Indian health programs including programs to promote train and place health care professionals at Native American facilities Crapo said As is the case with all health programs preventive actions can reduce the number of people who get sick or suffer advanced illnesses Thats why I am pleased the bill includes language that will facilitate modernization of disease prevention and behavioral health programs The portion of the bill addressed today in the Finance Committee included provisions to ensure Native American access to federal health programs such as Medicare Medicaid and the CHIP Childrens Health Insurance Program These programs are a significant source of funding for health care delivered to Indian people Over the past decade the Native American population has grown but federal funding has not kept pace as a result Medicare and Medicaid have played an increasingly important role The bill now must be considered by the Committee on Health Education Labor and Pensions before going to the full Senate,1,"[""2"", ""5""]","This text states that the Senate Finance Committee approved legislative language authored by Senator Crapo, and that he completed the markup of related legislation. This corresponds to the rule concerning legislative achievements, and also corresponds to the rule of explicitly linking the legislation to the senator as its author.",
3278,Latest News TOPICS Latest News FOR IMMEDIATE RELEASE February 28 2007 Schumer Announces Germantown Hose Company 1 Will Receive Nearly 6 000 As A Federal Fire Grant Schumer Twenty Three Response Programs Across New York State Will Receive Over 2 1 Million As Part Of U S Department Of Homeland Security s Fire Grant Program Schumer Says Federal Grant Will Help Fire Departments And Organizations Pay For Improvements During Difficult Fiscal Times Schumer Successfully Pushed For Additional Funding For Assistance To Fire Departments And Fir U S Senator Charles E Schumer today announced that Germantown Hose Company 1 in Columbia County has received a federal grant totaling 5 815 from the FY06 Assistance to Firefighters Grant AFG Program administered by the U S Department of Homeland Security DHS This grant will be used to improve operations and safety This grant is part of the nineteenth round of DHS FY06 AFG program awards to several fire departments throughout the country This funding will go a long way in supporting the first responders in Germantown said Schumer We can never truly repay our firefighters and first responders for their heroic efforts and dedication to duty However we can ensure that they have the training equipment and resources they need to do their job well This is even more necessary when local budget cuts are leaving them without enough funding This federal money will help make sure that firefighters in Columbia County get the resources they need to keep our communities safe Schumer was among the first senators who recognized the need for the federal government to establish a funding program for local governments and fire departments to help defray the rising costs of equipment and fire prevention Since its inception in 2001 the Assistance to Firefighters Grant Program has delivered over 122 million to New York s fire departments For Fiscal Year 2007 Congress has authorized 1 billion for the program 707 million more than the 293 million included in the Administration s budget proposal The FY07 DHS Appropriations bill passed by the House and Senate appropriated 662 million for firefighter assistance grants of which 115 million will go toward SAFER Act grants The Operations and Firefighter Safety Program funds will go towards training equipment personal protective equipment wellness and fitness and modifications to fire stations and facilities The Assistance to Firefighters Grant Program AFGP assists local fire departments in programs and activities to improve the effectiveness of firefighting operations through specialized emergency training for response to situations like terrorist attacks enhancement of emergency medical services programs development of health and safety initiatives establishment of fire education and prevention programs creation of wellness and fitness programs and equipment and facility upgrades This grant ensures that the firefighters in Columbia County continue to have the basic resources they require to do their jobs improve safety and save lives said Schumer Local fire departments have been strained from budget cuts rising costs of equipment and stress from being on heightened alert because of the war on terrorism These funds are truly a life saving investment that will provide local fire departments with essential resources and support so they can be better prepared for emergencies The Assistance to Firefighters Grant Program is administered by the Department of Homeland Security in cooperation with the Department s United States Fire Administration The grants are awarded on a competitive basis to the applicants that most closely address the program s priorities and demonstrate financial need For more information on the Assistance to Firefighters Grant Program please visit the website at http www firegrantsupport com,1,"[""1"", ""4""]","The text states that Senator Schumer announced a federal grant for the Germantown Hose Company, and explicitly claims that he successfully pushed for additional funding for the Assistance to Firefighters Grant Program. This corresponds to both the rule concerning concrete outcomes (securing funding) and the rule concerning advocacy producing concrete benefits.",
25,"SEN. FEINSTEIN COMMENTS ON CIA REPORT DETAILING PRE-911 ERRORS On Tuesday the Central Intelligence Agency released a report detailing mistakes made by the agency prior to the September 11, 2001 terrorist attacks, including the failure of top agency officials to sufficiently comprehend the threats facing the nation in the summer of 2001. The report by the agency's Inspector General also showed that CIA leaders allowed bureaucratic red tape to impede the CIA's efforts to capture al-Qaeda terrorists - despite promises in the late 1990s of a robust war against terror. Among the agency's errors, according to the report: Failure to appreciate the role played by terrorist mastermind Khalid Sheikh Mohammad; and failure to act, despite knowledge in 2000 by as many as 60 agency officers, that two of the September 11 hijackers may have been in the United States. The 19-page report is an executive summary of a classified report provided previously to Congressional intelligence committees. It recommends that a special board be created to study pre-911 failures. The following is the comment of Senator Feinstein, a member of the Senate Select Committee on Intelligence: ""I view this report on accountability as very important. It really provides a guide for the Senate and House Intelligence Committees, and the oversight that they must pursue. It is very clear that the team of Inspector Generals found major problems, and they recommended a series of accountability boards. I believe those boards should be held - not to blame, but to assure that reforms are in fact in place. We need to remedy gaps in our intelligence collection, and improve management of our operational capabilities.""",0,[],"This text is a statement by Senator Feinstein regarding a CIA report. She is commenting on oversight and the importance of reforms, but there is no claim of any concrete result or achievement by the senator herself.",
